source_id,source_labels,source_properties,relation,target_id,target_labels,target_properties
342,[Component],"{
  network_level: 1,
  knowledge_domain: 系统原理,
  importance: 1.0,
  name: Propulsion system,
  description: A propulsion system is a machine that produces thrust to move an object forward.,
  subsystem: General,
  id: 1,
  physics_domain: GeneralPhysics
}",PRODUCES,498,[Parameter],"{
  network_level: 2,
  knowledge_domain: 系统原理,
  importance: 0.8,
  name: Thrust,
  description: A propulsion system is a machine that produces thrust to move an object forward.,
  subsystem: General,
  id: 157,
  physics_domain: GeneralPhysics
}"
342,[Component],"{
  network_level: 1,
  knowledge_domain: 系统原理,
  importance: 1.0,
  name: Propulsion system,
  description: A propulsion system is a machine that produces thrust to move an object forward.,
  subsystem: General,
  id: 1,
  physics_domain: GeneralPhysics
}",CLASSIFIED_TO,343,[Component],"{
  network_level: 1,
  knowledge_domain: 工作原理,
  importance: 1.0,
  name: Airbreathing engine,
  description: An airbreathing engine utilizes the oxygen in the atmospheric air to burn the fuel carried within the vehicle.,
  subsystem: General,
  id: 2,
  physics_domain: GeneralPhysics
}"
342,[Component],"{
  network_level: 1,
  knowledge_domain: 系统原理,
  importance: 1.0,
  name: Propulsion system,
  description: A propulsion system is a machine that produces thrust to move an object forward.,
  subsystem: General,
  id: 1,
  physics_domain: GeneralPhysics
}",CLASSIFIED_TO,344,[Component],"{
  network_level: 1,
  knowledge_domain: 工作原理,
  importance: 1.0,
  name: Non-airbreathing engine,
  description: A non-airbreathing engine carries both the fuel and the oxidizer required for combustion.,
  subsystem: General,
  id: 3,
  physics_domain: GeneralPhysics
}"
343,[Component],"{
  network_level: 1,
  knowledge_domain: 工作原理,
  importance: 1.0,
  name: Airbreathing engine,
  description: An airbreathing engine utilizes the oxygen in the atmospheric air to burn the fuel carried within the vehicle.,
  subsystem: General,
  id: 2,
  physics_domain: GeneralPhysics
}",UTILIZES,499,[Parameter],"{
  network_level: 2,
  knowledge_domain: 工作原理,
  importance: 0.8,
  name: Atmospheric oxygen,
  description: An airbreathing engine utilizes the oxygen in the atmospheric air to burn the fuel carried within the vehicle.,
  subsystem: General,
  id: 158,
  physics_domain: GeneralPhysics
}"
343,[Component],"{
  network_level: 1,
  knowledge_domain: 工作原理,
  importance: 1.0,
  name: Airbreathing engine,
  description: An airbreathing engine utilizes the oxygen in the atmospheric air to burn the fuel carried within the vehicle.,
  subsystem: General,
  id: 2,
  physics_domain: GeneralPhysics
}",INCLUDES,347,[Component],"{
  network_level: 1,
  knowledge_domain: 结构组成,
  importance: 1.0,
  name: Turbojet engine,
  description: A turbojet engine is formed by adding an inlet and an exhaust nozzle to the gas generator.,
  subsystem: General,
  id: 6,
  physics_domain: GeneralPhysics
}"
343,[Component],"{
  network_level: 1,
  knowledge_domain: 工作原理,
  importance: 1.0,
  name: Airbreathing engine,
  description: An airbreathing engine utilizes the oxygen in the atmospheric air to burn the fuel carried within the vehicle.,
  subsystem: General,
  id: 2,
  physics_domain: GeneralPhysics
}",INCLUDES,348,[Component],"{
  network_level: 1,
  knowledge_domain: 结构组成,
  importance: 1.0,
  name: Turbofan engine,
  description: A turbofan engine adds a fan driven by an additional turbine stage or a separate spool.,
  subsystem: General,
  id: 7,
  physics_domain: GeneralPhysics
}"
343,[Component],"{
  network_level: 1,
  knowledge_domain: 工作原理,
  importance: 1.0,
  name: Airbreathing engine,
  description: An airbreathing engine utilizes the oxygen in the atmospheric air to burn the fuel carried within the vehicle.,
  subsystem: General,
  id: 2,
  physics_domain: GeneralPhysics
}",INCLUDES,349,[Component],"{
  network_level: 1,
  knowledge_domain: 结构组成,
  importance: 1.0,
  name: Turboprop engine,
  description: A turboprop engine uses a gas turbine core to drive a propeller through a reduction gearbox.,
  subsystem: General,
  id: 8,
  physics_domain: GeneralPhysics
}"
343,[Component],"{
  network_level: 1,
  knowledge_domain: 工作原理,
  importance: 1.0,
  name: Airbreathing engine,
  description: An airbreathing engine utilizes the oxygen in the atmospheric air to burn the fuel carried within the vehicle.,
  subsystem: General,
  id: 2,
  physics_domain: GeneralPhysics
}",INCLUDES,350,[Component],"{
  network_level: 1,
  knowledge_domain: 输出特性,
  importance: 1.0,
  name: Turboshaft engine,
  description: A turboshaft engine delivers power to a shaft to drive something other than a propeller, such as a helicopter rotor.,
  subsystem: General,
  id: 9,
  physics_domain: GeneralPhysics
}"
343,[Component],"{
  network_level: 1,
  knowledge_domain: 工作原理,
  importance: 1.0,
  name: Airbreathing engine,
  description: An airbreathing engine utilizes the oxygen in the atmospheric air to burn the fuel carried within the vehicle.,
  subsystem: General,
  id: 2,
  physics_domain: GeneralPhysics
}",INCLUDES,351,[Component],"{
  network_level: 1,
  knowledge_domain: 结构特性,
  importance: 1.0,
  name: Ramjet engine,
  description: The ramjet engine has no moving parts (no compressor or turbine) and relies on forward speed to compress air.,
  subsystem: General,
  id: 10,
  physics_domain: GeneralPhysics
}"
343,[Component],"{
  network_level: 1,
  knowledge_domain: 工作原理,
  importance: 1.0,
  name: Airbreathing engine,
  description: An airbreathing engine utilizes the oxygen in the atmospheric air to burn the fuel carried within the vehicle.,
  subsystem: General,
  id: 2,
  physics_domain: GeneralPhysics
}",INCLUDES,352,[Component],"{
  network_level: 1,
  knowledge_domain: 工作原理,
  importance: 1.0,
  name: Pulsejet engine,
  description: A pulsejet engine operates with periodic or intermittent combustion using valves or acoustic geometry.,
  subsystem: General,
  id: 11,
  physics_domain: GeneralPhysics
}"
344,[Component],"{
  network_level: 1,
  knowledge_domain: 工作原理,
  importance: 1.0,
  name: Non-airbreathing engine,
  description: A non-airbreathing engine carries both the fuel and the oxidizer required for combustion.,
  subsystem: General,
  id: 3,
  physics_domain: GeneralPhysics
}",CARRIES,500,[Parameter],"{
  network_level: 2,
  knowledge_domain: 工作原理,
  importance: 0.8,
  name: Fuel and Oxidizer,
  description: A non-airbreathing engine carries both the fuel and the oxidizer required for combustion.,
  subsystem: General,
  id: 159,
  physics_domain: GeneralPhysics
}"
344,[Component],"{
  network_level: 1,
  knowledge_domain: 工作原理,
  importance: 1.0,
  name: Non-airbreathing engine,
  description: A non-airbreathing engine carries both the fuel and the oxidizer required for combustion.,
  subsystem: General,
  id: 3,
  physics_domain: GeneralPhysics
}",SYNONYMOUS_WITH,390,[Component],"{
  network_level: 1,
  knowledge_domain: 系统分类,
  importance: 1.0,
  name: Rocket engine,
  description: A rocket engine carries both its fuel and its oxidizer, allowing it to operate in a vacuum outside the atmosphere.,
  subsystem: General,
  id: 49,
  physics_domain: GeneralPhysics
}"
345,[Parameter],"{
  network_level: 2,
  knowledge_domain: 部件关系,
  importance: 0.8,
  name: Gas generator,
  description: The core of any gas turbine engine is the gas generator.,
  subsystem: General,
  id: 4,
  physics_domain: GeneralPhysics
}",IS_CORE_OF,501,[Component],"{
  network_level: 1,
  knowledge_domain: 部件关系,
  importance: 1.0,
  name: Gas turbine engine,
  description: The core of any gas turbine engine is the gas generator.,
  subsystem: Expansion,
  id: 160,
  physics_domain: GeneralPhysics
}"
345,[Parameter],"{
  network_level: 2,
  knowledge_domain: 部件关系,
  importance: 0.8,
  name: Gas generator,
  description: The core of any gas turbine engine is the gas generator.,
  subsystem: General,
  id: 4,
  physics_domain: GeneralPhysics
}",CONSISTS_OF,346,[Component],"{
  network_level: 1,
  knowledge_domain: 部件关系,
  importance: 1.0,
  name: Turbine,
  description: The turbine extracts energy from the hot gas to drive the compressor.,
  subsystem: Expansion,
  id: 5,
  physics_domain: GeneralPhysics
}"
345,[Parameter],"{
  network_level: 2,
  knowledge_domain: 部件关系,
  importance: 0.8,
  name: Gas generator,
  description: The core of any gas turbine engine is the gas generator.,
  subsystem: General,
  id: 4,
  physics_domain: GeneralPhysics
}",CONSISTS_OF,434,[Component],"{
  network_level: 1,
  knowledge_domain: 压气机特性,
  importance: 1.0,
  name: Compressor,
  description: The isentropic compressor efficiency eta_c is defined as the ratio of ideal (isentropic) work to the actual work required for a given total pressure ratio.,
  subsystem: Compression,
  id: 93,
  physics_domain: GeneralPhysics
}"
345,[Parameter],"{
  network_level: 2,
  knowledge_domain: 部件关系,
  importance: 0.8,
  name: Gas generator,
  description: The core of any gas turbine engine is the gas generator.,
  subsystem: General,
  id: 4,
  physics_domain: GeneralPhysics
}",CONSISTS_OF,440,[Component],"{
  network_level: 1,
  knowledge_domain: 燃烧室特性,
  importance: 1.0,
  name: Combustor,
  description: Combustion efficiency eta_b is the ratio of the actual thermal energy released to the chemical energy available in the fuel.,
  subsystem: Combustion,
  id: 99,
  physics_domain: GeneralPhysics
}"
346,[Component],"{
  network_level: 1,
  knowledge_domain: 部件关系,
  importance: 1.0,
  name: Turbine,
  description: The turbine extracts energy from the hot gas to drive the compressor.,
  subsystem: Expansion,
  id: 5,
  physics_domain: GeneralPhysics
}",DRIVES,434,[Component],"{
  network_level: 1,
  knowledge_domain: 压气机特性,
  importance: 1.0,
  name: Compressor,
  description: The isentropic compressor efficiency eta_c is defined as the ratio of ideal (isentropic) work to the actual work required for a given total pressure ratio.,
  subsystem: Compression,
  id: 93,
  physics_domain: GeneralPhysics
}"
346,[Component],"{
  network_level: 1,
  knowledge_domain: 部件关系,
  importance: 1.0,
  name: Turbine,
  description: The turbine extracts energy from the hot gas to drive the compressor.,
  subsystem: Expansion,
  id: 5,
  physics_domain: GeneralPhysics
}",AFFECTS,359,[Parameter],"{
  network_level: 2,
  knowledge_domain: 性能指标,
  importance: 0.8,
  name: Thermal efficiency,
  description: Thermal efficiency is the ratio of the rate of kinetic energy production to the thermal power input from fuel.,
  subsystem: General,
  id: 18,
  physics_domain: GeneralPhysics
}"
346,[Component],"{
  network_level: 1,
  knowledge_domain: 部件关系,
  importance: 1.0,
  name: Turbine,
  description: The turbine extracts energy from the hot gas to drive the compressor.,
  subsystem: Expansion,
  id: 5,
  physics_domain: GeneralPhysics
}",AFFECTS,360,[Parameter],"{
  network_level: 2,
  knowledge_domain: 性能指标,
  importance: 0.8,
  name: Propulsive efficiency,
  description: Propulsive efficiency measures how effectively the engine's kinetic energy output is converted into aircraft propulsive power.,
  subsystem: General,
  id: 19,
  physics_domain: GeneralPhysics
}"
346,[Component],"{
  network_level: 1,
  knowledge_domain: 部件关系,
  importance: 1.0,
  name: Turbine,
  description: The turbine extracts energy from the hot gas to drive the compressor.,
  subsystem: Expansion,
  id: 5,
  physics_domain: GeneralPhysics
}",AFFECTS,361,[Parameter],"{
  network_level: 2,
  knowledge_domain: 性能指标,
  importance: 0.8,
  name: Overall efficiency,
  description: The overall efficiency of a propulsion system is the product of its thermal and propulsive efficiencies.,
  subsystem: General,
  id: 20,
  physics_domain: GeneralPhysics
}"
346,[Component],"{
  network_level: 1,
  knowledge_domain: 部件关系,
  importance: 1.0,
  name: Turbine,
  description: The turbine extracts energy from the hot gas to drive the compressor.,
  subsystem: Expansion,
  id: 5,
  physics_domain: GeneralPhysics
}",AFFECTS,436,[Parameter],"{
  network_level: 2,
  knowledge_domain: 效率理论,
  importance: 0.8,
  name: Polytropic efficiency,
  description: Polytropic efficiency (e_c for compressor, e_t for turbine) is defined as the isentropic efficiency of an elemental or infinitesimal stage.,
  subsystem: General,
  id: 95,
  physics_domain: GeneralPhysics
}"
346,[Component],"{
  network_level: 1,
  knowledge_domain: 部件关系,
  importance: 1.0,
  name: Turbine,
  description: The turbine extracts energy from the hot gas to drive the compressor.,
  subsystem: Expansion,
  id: 5,
  physics_domain: GeneralPhysics
}",AFFECTS,456,[Parameter],"{
  network_level: 2,
  knowledge_domain: 燃烧损失,
  importance: 0.8,
  name: Combustion efficiency,
  description: Combustion efficiency is often expressed as the ratio of actual characteristic velocity (c*_actual) to the theoretical characteristic velocity (c*_theoretical).,
  subsystem: Combustion,
  id: 115,
  physics_domain: GeneralPhysics
}"
346,[Component],"{
  network_level: 1,
  knowledge_domain: 部件关系,
  importance: 1.0,
  name: Turbine,
  description: The turbine extracts energy from the hot gas to drive the compressor.,
  subsystem: Expansion,
  id: 5,
  physics_domain: GeneralPhysics
}",AFFECTS,471,[Parameter],"{
  network_level: 2,
  knowledge_domain: 涡喷循环,
  importance: 0.8,
  name: Real turbojet efficiency,
  description: Irreversibilities in the compressor and turbine increase entropy, directly decreasing the specific thrust and increasing the TSFC.,
  subsystem: General,
  id: 130,
  physics_domain: GeneralPhysics
}"
346,[Component],"{
  network_level: 1,
  knowledge_domain: 部件关系,
  importance: 1.0,
  name: Turbine,
  description: The turbine extracts energy from the hot gas to drive the compressor.,
  subsystem: Expansion,
  id: 5,
  physics_domain: GeneralPhysics
}",AFFECTS,477,[Parameter],"{
  network_level: 2,
  knowledge_domain: 部件匹配,
  importance: 0.8,
  name: Mixer efficiency,
  description: Aerodynamic mixing of streams with different total temperatures and velocities introduces viscous shearing losses, reducing overall total pressure.,
  subsystem: General,
  id: 136,
  physics_domain: GeneralPhysics
}"
346,[Component],"{
  network_level: 1,
  knowledge_domain: 部件关系,
  importance: 1.0,
  name: Turbine,
  description: The turbine extracts energy from the hot gas to drive the compressor.,
  subsystem: Expansion,
  id: 5,
  physics_domain: GeneralPhysics
}",AFFECTS,480,[Parameter],"{
  network_level: 2,
  knowledge_domain: 性能指标,
  importance: 0.8,
  name: Propeller efficiency eta_prop,
  description: The efficiency with which the propeller converts the brake shaft horsepower into effective aircraft propulsive power.,
  subsystem: General,
  id: 139,
  physics_domain: GeneralPhysics
}"
346,[Component],"{
  network_level: 1,
  knowledge_domain: 部件关系,
  importance: 1.0,
  name: Turbine,
  description: The turbine extracts energy from the hot gas to drive the compressor.,
  subsystem: Expansion,
  id: 5,
  physics_domain: GeneralPhysics
}",AFFECTS,514,[Parameter],"{
  network_level: 2,
  knowledge_domain: 性能指标,
  importance: 0.8,
  name: Thermal efficiency and Propulsive efficiency,
  description: The overall efficiency of a propulsion system is the product of its thermal and propulsive efficiencies.,
  subsystem: General,
  id: 173,
  physics_domain: GeneralPhysics
}"
346,[Component],"{
  network_level: 1,
  knowledge_domain: 部件关系,
  importance: 1.0,
  name: Turbine,
  description: The turbine extracts energy from the hot gas to drive the compressor.,
  subsystem: Expansion,
  id: 5,
  physics_domain: GeneralPhysics
}",AFFECTS,590,[Parameter],"{
  network_level: 2,
  knowledge_domain: 压气机特性,
  importance: 0.8,
  name: Isentropic efficiency eta_c,
  description: The isentropic compressor efficiency eta_c is defined as the ratio of ideal (isentropic) work to the actual work required for a given total pressure ratio.,
  subsystem: General,
  id: 249,
  physics_domain: GeneralPhysics
}"
346,[Component],"{
  network_level: 1,
  knowledge_domain: 部件关系,
  importance: 1.0,
  name: Turbine,
  description: The turbine extracts energy from the hot gas to drive the compressor.,
  subsystem: Expansion,
  id: 5,
  physics_domain: GeneralPhysics
}",AFFECTS,591,[Parameter],"{
  network_level: 2,
  knowledge_domain: 压气机特性,
  importance: 0.8,
  name: Isentropic efficiency and Total pressure ratio,
  description: tau_c = 1 + (pi_c^((gamma-1)/gamma) - 1) / eta_c, which links actual temperature rise to pressure ratio.,
  subsystem: General,
  id: 250,
  physics_domain: FluidDynamics
}"
346,[Component],"{
  network_level: 1,
  knowledge_domain: 部件关系,
  importance: 1.0,
  name: Turbine,
  description: The turbine extracts energy from the hot gas to drive the compressor.,
  subsystem: Expansion,
  id: 5,
  physics_domain: GeneralPhysics
}",AFFECTS,592,[Parameter],"{
  network_level: 2,
  knowledge_domain: 效率理论,
  importance: 0.8,
  name: Isentropic efficiency of an infinitesimal stage,
  description: Polytropic efficiency (e_c for compressor, e_t for turbine) is defined as the isentropic efficiency of an elemental or infinitesimal stage.,
  subsystem: General,
  id: 251,
  physics_domain: GeneralPhysics
}"
346,[Component],"{
  network_level: 1,
  knowledge_domain: 部件关系,
  importance: 1.0,
  name: Turbine,
  description: The turbine extracts energy from the hot gas to drive the compressor.,
  subsystem: Expansion,
  id: 5,
  physics_domain: GeneralPhysics
}",AFFECTS,594,[Parameter],"{
  network_level: 2,
  knowledge_domain: 涡轮特性,
  importance: 0.8,
  name: Isentropic efficiency eta_t,
  description: The isentropic turbine efficiency eta_t is defined as the ratio of actual work output to the ideal (isentropic) work output for a given total pressure ratio.,
  subsystem: General,
  id: 253,
  physics_domain: GeneralPhysics
}"
346,[Component],"{
  network_level: 1,
  knowledge_domain: 部件关系,
  importance: 1.0,
  name: Turbine,
  description: The turbine extracts energy from the hot gas to drive the compressor.,
  subsystem: Expansion,
  id: 5,
  physics_domain: GeneralPhysics
}",AFFECTS,595,[Parameter],"{
  network_level: 2,
  knowledge_domain: 燃烧室特性,
  importance: 0.8,
  name: Combustion efficiency eta_b,
  description: Combustion efficiency eta_b is the ratio of the actual thermal energy released to the chemical energy available in the fuel.,
  subsystem: Combustion,
  id: 254,
  physics_domain: GeneralPhysics
}"
346,[Component],"{
  network_level: 1,
  knowledge_domain: 部件关系,
  importance: 1.0,
  name: Turbine,
  description: The turbine extracts energy from the hot gas to drive the compressor.,
  subsystem: Expansion,
  id: 5,
  physics_domain: GeneralPhysics
}",AFFECTS,600,[Parameter],"{
  network_level: 2,
  knowledge_domain: 机械传动,
  importance: 0.8,
  name: Mechanical efficiency eta_m,
  description: Mechanical efficiency eta_m accounts for frictional power losses in bearings and accessory gearboxes connecting the turbine and compressor shafts.,
  subsystem: General,
  id: 259,
  physics_domain: GeneralPhysics
}"
346,[Component],"{
  network_level: 1,
  knowledge_domain: 部件关系,
  importance: 1.0,
  name: Turbine,
  description: The turbine extracts energy from the hot gas to drive the compressor.,
  subsystem: Expansion,
  id: 5,
  physics_domain: GeneralPhysics
}",CHARACTERIZED_BY,594,[Parameter],"{
  network_level: 2,
  knowledge_domain: 涡轮特性,
  importance: 0.8,
  name: Isentropic efficiency eta_t,
  description: The isentropic turbine efficiency eta_t is defined as the ratio of actual work output to the ideal (isentropic) work output for a given total pressure ratio.,
  subsystem: General,
  id: 253,
  physics_domain: GeneralPhysics
}"
347,[Component],"{
  network_level: 1,
  knowledge_domain: 结构组成,
  importance: 1.0,
  name: Turbojet engine,
  description: A turbojet engine is formed by adding an inlet and an exhaust nozzle to the gas generator.,
  subsystem: General,
  id: 6,
  physics_domain: GeneralPhysics
}",ADDS,431,[Component],"{
  network_level: 1,
  knowledge_domain: 进气道特性,
  importance: 1.0,
  name: Inlet,
  description: The performance of the inlet (or diffuser) is primarily characterized by its total pressure ratio, pi_d = P_t2 / P_t0, also called the inlet recovery factor.,
  subsystem: General,
  id: 90,
  physics_domain: GeneralPhysics
}"
347,[Component],"{
  network_level: 1,
  knowledge_domain: 结构组成,
  importance: 1.0,
  name: Turbojet engine,
  description: A turbojet engine is formed by adding an inlet and an exhaust nozzle to the gas generator.,
  subsystem: General,
  id: 6,
  physics_domain: GeneralPhysics
}",ADDS,445,[Component],"{
  network_level: 1,
  knowledge_domain: 喷管特性,
  importance: 1.0,
  name: Exhaust nozzle,
  description: The exhaust nozzle performance is characterized by its total pressure ratio pi_n = P_t9 / P_t7, which represents friction losses in the nozzle duct.,
  subsystem: Exhaust,
  id: 104,
  physics_domain: GeneralPhysics
}"
348,[Component],"{
  network_level: 1,
  knowledge_domain: 结构组成,
  importance: 1.0,
  name: Turbofan engine,
  description: A turbofan engine adds a fan driven by an additional turbine stage or a separate spool.,
  subsystem: General,
  id: 7,
  physics_domain: GeneralPhysics
}",ADDS,502,[Parameter],"{
  network_level: 2,
  knowledge_domain: 结构组成,
  importance: 0.8,
  name: Fan,
  description: A turbofan engine adds a fan driven by an additional turbine stage or a separate spool.,
  subsystem: General,
  id: 161,
  physics_domain: GeneralPhysics
}"
349,[Component],"{
  network_level: 1,
  knowledge_domain: 结构组成,
  importance: 1.0,
  name: Turboprop engine,
  description: A turboprop engine uses a gas turbine core to drive a propeller through a reduction gearbox.,
  subsystem: General,
  id: 8,
  physics_domain: GeneralPhysics
}",DRIVES,503,[Parameter],"{
  network_level: 2,
  knowledge_domain: 结构组成,
  importance: 0.8,
  name: Propeller,
  description: A turboprop engine uses a gas turbine core to drive a propeller through a reduction gearbox.,
  subsystem: General,
  id: 162,
  physics_domain: GeneralPhysics
}"
350,[Component],"{
  network_level: 1,
  knowledge_domain: 输出特性,
  importance: 1.0,
  name: Turboshaft engine,
  description: A turboshaft engine delivers power to a shaft to drive something other than a propeller, such as a helicopter rotor.,
  subsystem: General,
  id: 9,
  physics_domain: GeneralPhysics
}",DELIVERS,504,[Parameter],"{
  network_level: 2,
  knowledge_domain: 输出特性,
  importance: 0.8,
  name: Shaft power,
  description: A turboshaft engine delivers power to a shaft to drive something other than a propeller, such as a helicopter rotor.,
  subsystem: General,
  id: 163,
  physics_domain: GeneralPhysics
}"
351,[Component],"{
  network_level: 1,
  knowledge_domain: 结构特性,
  importance: 1.0,
  name: Ramjet engine,
  description: The ramjet engine has no moving parts (no compressor or turbine) and relies on forward speed to compress air.,
  subsystem: General,
  id: 10,
  physics_domain: GeneralPhysics
}",HAS_NO,505,[Parameter],"{
  network_level: 2,
  knowledge_domain: 结构特性,
  importance: 0.8,
  name: Moving parts,
  description: The ramjet engine has no moving parts (no compressor or turbine) and relies on forward speed to compress air.,
  subsystem: General,
  id: 164,
  physics_domain: GeneralPhysics
}"
352,[Component],"{
  network_level: 1,
  knowledge_domain: 工作原理,
  importance: 1.0,
  name: Pulsejet engine,
  description: A pulsejet engine operates with periodic or intermittent combustion using valves or acoustic geometry.,
  subsystem: General,
  id: 11,
  physics_domain: GeneralPhysics
}",OPERATES_BY,506,[Parameter],"{
  network_level: 2,
  knowledge_domain: 工作原理,
  importance: 0.8,
  name: Intermittent combustion,
  description: A pulsejet engine operates with periodic or intermittent combustion using valves or acoustic geometry.,
  subsystem: Combustion,
  id: 165,
  physics_domain: GeneralPhysics
}"
353,[BoundaryCondition],"{
  network_level: 4,
  knowledge_domain: 性能指标,
  importance: 0.5,
  name: Uninstalled thrust,
  description: The uninstalled thrust (F_n) is the force produced by the engine alone, neglecting installation effects.,
  subsystem: General,
  id: 12,
  physics_domain: GeneralPhysics
}",DEFINED_AS,507,[Parameter],"{
  network_level: 2,
  knowledge_domain: 性能指标,
  importance: 0.8,
  name: Internal performance,
  description: The uninstalled thrust (F_n) is the force produced by the engine alone, neglecting installation effects.,
  subsystem: General,
  id: 166,
  physics_domain: GeneralPhysics
}"
354,[BoundaryCondition],"{
  network_level: 4,
  knowledge_domain: 性能指标,
  importance: 0.5,
  name: Installed thrust,
  description: The installed thrust F is equal to the uninstalled thrust F_n minus the inlet drag D_inlet and the nozzle drag D_nozzle.,
  subsystem: General,
  id: 13,
  physics_domain: GeneralPhysics
}",CALCULATED_FROM,353,[BoundaryCondition],"{
  network_level: 4,
  knowledge_domain: 性能指标,
  importance: 0.5,
  name: Uninstalled thrust,
  description: The uninstalled thrust (F_n) is the force produced by the engine alone, neglecting installation effects.,
  subsystem: General,
  id: 12,
  physics_domain: GeneralPhysics
}"
354,[BoundaryCondition],"{
  network_level: 4,
  knowledge_domain: 性能指标,
  importance: 0.5,
  name: Installed thrust,
  description: The installed thrust F is equal to the uninstalled thrust F_n minus the inlet drag D_inlet and the nozzle drag D_nozzle.,
  subsystem: General,
  id: 13,
  physics_domain: GeneralPhysics
}",SUBSTRACTS,355,[Component],"{
  network_level: 1,
  knowledge_domain: 安装损失,
  importance: 1.0,
  name: Inlet drag,
  description: Drag associated with the engine intake aerodynamic forces.,
  subsystem: General,
  id: 14,
  physics_domain: GeneralPhysics
}"
354,[BoundaryCondition],"{
  network_level: 4,
  knowledge_domain: 性能指标,
  importance: 0.5,
  name: Installed thrust,
  description: The installed thrust F is equal to the uninstalled thrust F_n minus the inlet drag D_inlet and the nozzle drag D_nozzle.,
  subsystem: General,
  id: 13,
  physics_domain: GeneralPhysics
}",SUBSTRACTS,356,[Component],"{
  network_level: 1,
  knowledge_domain: 安装损失,
  importance: 1.0,
  name: Nozzle drag,
  description: Drag associated with the exhaust aft-end geometry and flow field.,
  subsystem: Exhaust,
  id: 15,
  physics_domain: GeneralPhysics
}"
355,[Component],"{
  network_level: 1,
  knowledge_domain: 安装损失,
  importance: 1.0,
  name: Inlet drag,
  description: Drag associated with the engine intake aerodynamic forces.,
  subsystem: General,
  id: 14,
  physics_domain: GeneralPhysics
}",IS_CAUSED_BY,508,[BoundaryCondition],"{
  network_level: 4,
  knowledge_domain: 安装损失,
  importance: 0.5,
  name: Inlet installation,
  description: Drag associated with the engine intake aerodynamic forces.,
  subsystem: General,
  id: 167,
  physics_domain: GeneralPhysics
}"
356,[Component],"{
  network_level: 1,
  knowledge_domain: 安装损失,
  importance: 1.0,
  name: Nozzle drag,
  description: Drag associated with the exhaust aft-end geometry and flow field.,
  subsystem: Exhaust,
  id: 15,
  physics_domain: GeneralPhysics
}",IS_CAUSED_BY,509,[BoundaryCondition],"{
  network_level: 4,
  knowledge_domain: 安装损失,
  importance: 0.5,
  name: Nozzle installation,
  description: Drag associated with the exhaust aft-end geometry and flow field.,
  subsystem: Exhaust,
  id: 168,
  physics_domain: GeneralPhysics
}"
357,[Parameter],"{
  network_level: 2,
  knowledge_domain: 性能指标,
  importance: 0.8,
  name: Thrust specific fuel consumption,
  description: Thrust specific fuel consumption (TSFC or S) is defined as the mass flow rate of fuel divided by the thrust.,
  subsystem: General,
  id: 16,
  physics_domain: GeneralPhysics
}",DEFINED_AS,510,[Parameter],"{
  network_level: 2,
  knowledge_domain: 性能指标,
  importance: 0.8,
  name: Fuel mass flow per unit thrust,
  description: Thrust specific fuel consumption (TSFC or S) is defined as the mass flow rate of fuel divided by the thrust.,
  subsystem: General,
  id: 169,
  physics_domain: FluidDynamics
}"
358,[Parameter],"{
  network_level: 2,
  knowledge_domain: 性能指标,
  importance: 0.8,
  name: TSFC,
  description: Lower TSFC indicates a more fuel-efficient engine for a given thrust requirement.,
  subsystem: General,
  id: 17,
  physics_domain: GeneralPhysics
}",INDICATES,511,[Component],"{
  network_level: 1,
  knowledge_domain: 性能指标,
  importance: 1.0,
  name: Engine fuel efficiency,
  description: Lower TSFC indicates a more fuel-efficient engine for a given thrust requirement.,
  subsystem: General,
  id: 170,
  physics_domain: GeneralPhysics
}"
359,[Parameter],"{
  network_level: 2,
  knowledge_domain: 性能指标,
  importance: 0.8,
  name: Thermal efficiency,
  description: Thermal efficiency is the ratio of the rate of kinetic energy production to the thermal power input from fuel.,
  subsystem: General,
  id: 18,
  physics_domain: GeneralPhysics
}",MEASURES,512,[Parameter],"{
  network_level: 2,
  knowledge_domain: 性能指标,
  importance: 0.8,
  name: Heat conversion to kinetic energy,
  description: Thermal efficiency is the ratio of the rate of kinetic energy production to the thermal power input from fuel.,
  subsystem: General,
  id: 171,
  physics_domain: Thermodynamics
}"
360,[Parameter],"{
  network_level: 2,
  knowledge_domain: 性能指标,
  importance: 0.8,
  name: Propulsive efficiency,
  description: Propulsive efficiency measures how effectively the engine's kinetic energy output is converted into aircraft propulsive power.,
  subsystem: General,
  id: 19,
  physics_domain: GeneralPhysics
}",MEASURES,513,[Parameter],"{
  network_level: 2,
  knowledge_domain: 性能指标,
  importance: 0.8,
  name: Kinetic energy conversion to thrust power,
  description: Propulsive efficiency measures how effectively the engine's kinetic energy output is converted into aircraft propulsive power.,
  subsystem: General,
  id: 172,
  physics_domain: GeneralPhysics
}"
361,[Parameter],"{
  network_level: 2,
  knowledge_domain: 性能指标,
  importance: 0.8,
  name: Overall efficiency,
  description: The overall efficiency of a propulsion system is the product of its thermal and propulsive efficiencies.,
  subsystem: General,
  id: 20,
  physics_domain: GeneralPhysics
}",PRODUCT_OF,514,[Parameter],"{
  network_level: 2,
  knowledge_domain: 性能指标,
  importance: 0.8,
  name: Thermal efficiency and Propulsive efficiency,
  description: The overall efficiency of a propulsion system is the product of its thermal and propulsive efficiencies.,
  subsystem: General,
  id: 173,
  physics_domain: GeneralPhysics
}"
362,[Parameter],"{
  network_level: 2,
  knowledge_domain: 性能指标,
  importance: 0.8,
  name: Specific thrust,
  description: Specific thrust is the thrust produced per unit mass flow rate of air entering the engine.,
  subsystem: General,
  id: 21,
  physics_domain: GeneralPhysics
}",DEFINED_AS,515,[Parameter],"{
  network_level: 2,
  knowledge_domain: 性能指标,
  importance: 0.8,
  name: Thrust per unit air mass flow,
  description: Specific thrust is the thrust produced per unit mass flow rate of air entering the engine.,
  subsystem: General,
  id: 174,
  physics_domain: FluidDynamics
}"
362,[Parameter],"{
  network_level: 2,
  knowledge_domain: 性能指标,
  importance: 0.8,
  name: Specific thrust,
  description: Specific thrust is the thrust produced per unit mass flow rate of air entering the engine.,
  subsystem: General,
  id: 21,
  physics_domain: GeneralPhysics
}",MAXIMIZED_BY,579,[Component],"{
  network_level: 1,
  knowledge_domain: 性能优化,
  importance: 1.0,
  name: Optimum compressor pressure ratio,
  description: For a fixed flight condition and turbine inlet temperature, there is an optimum compressor pressure ratio that maximizes the specific thrust of a turbojet.,
  subsystem: Compression,
  id: 238,
  physics_domain: FluidDynamics
}"
363,[Parameter],"{
  network_level: 2,
  knowledge_domain: 性能指标,
  importance: 0.8,
  name: Bypass ratio,
  description: The bypass ratio (alpha) is the ratio of the mass flow rate bypassing the core to the mass flow rate passing through the core.,
  subsystem: General,
  id: 22,
  physics_domain: GeneralPhysics
}",DEFINED_AS,516,[Parameter],"{
  network_level: 2,
  knowledge_domain: 性能指标,
  importance: 0.8,
  name: Fan mass flow to core mass flow,
  description: The bypass ratio (alpha) is the ratio of the mass flow rate bypassing the core to the mass flow rate passing through the core.,
  subsystem: General,
  id: 175,
  physics_domain: FluidDynamics
}"
364,[Parameter],"{
  network_level: 2,
  knowledge_domain: 性能特性,
  importance: 0.8,
  name: High bypass ratio,
  description: High bypass ratio engines generally provide lower TSFC at subsonic cruise speeds.,
  subsystem: General,
  id: 23,
  physics_domain: GeneralPhysics
}",ASSOCIATED_WITH,517,[Parameter],"{
  network_level: 2,
  knowledge_domain: 性能特性,
  importance: 0.8,
  name: Lower TSFC,
  description: High bypass ratio engines generally provide lower TSFC at subsonic cruise speeds.,
  subsystem: General,
  id: 176,
  physics_domain: GeneralPhysics
}"
365,[Equation],"{
  network_level: 3,
  knowledge_domain: 控制方程,
  importance: 0.6,
  name: Continuity equation,
  description: The continuity equation expresses the principle of conservation of mass for a control volume.,
  subsystem: General,
  id: 24,
  physics_domain: GeneralPhysics
}",EXPRESSES,518,[Parameter],"{
  network_level: 2,
  knowledge_domain: 控制方程,
  importance: 0.8,
  name: Conservation of mass,
  description: The continuity equation expresses the principle of conservation of mass for a control volume.,
  subsystem: General,
  id: 177,
  physics_domain: GeneralPhysics
}"
366,[Equation],"{
  network_level: 3,
  knowledge_domain: 控制方程,
  importance: 0.6,
  name: Momentum equation,
  description: The momentum equation expresses Newton's second law of motion for a fluid passing through a control volume.,
  subsystem: General,
  id: 25,
  physics_domain: GeneralPhysics
}",EXPRESSES,519,[Equation],"{
  network_level: 3,
  knowledge_domain: 控制方程,
  importance: 0.6,
  name: Newton's second law,
  description: The momentum equation expresses Newton's second law of motion for a fluid passing through a control volume.,
  subsystem: General,
  id: 178,
  physics_domain: GeneralPhysics
}"
367,[Equation],"{
  network_level: 3,
  knowledge_domain: 控制方程,
  importance: 0.6,
  name: Energy equation,
  description: The energy equation is a statement of the first law of thermodynamics applied to a fluid flowing through a control volume.,
  subsystem: General,
  id: 26,
  physics_domain: GeneralPhysics
}",EXPRESSES,520,[Equation],"{
  network_level: 3,
  knowledge_domain: 控制方程,
  importance: 0.6,
  name: First law of thermodynamics,
  description: The energy equation is a statement of the first law of thermodynamics applied to a fluid flowing through a control volume.,
  subsystem: General,
  id: 179,
  physics_domain: GeneralPhysics
}"
368,[Parameter],"{
  network_level: 2,
  knowledge_domain: 流体特性,
  importance: 0.8,
  name: Steady flow,
  description: A flow is defined as steady if its properties at any point within the control volume do not vary with time.,
  subsystem: General,
  id: 27,
  physics_domain: FluidDynamics
}",DEFINED_AS,521,[Parameter],"{
  network_level: 2,
  knowledge_domain: 流体特性,
  importance: 0.8,
  name: Time-independent properties,
  description: A flow is defined as steady if its properties at any point within the control volume do not vary with time.,
  subsystem: General,
  id: 180,
  physics_domain: GeneralPhysics
}"
369,[Parameter],"{
  network_level: 2,
  knowledge_domain: 流体特性,
  importance: 0.8,
  name: One-dimensional flow,
  description: A flow is one-dimensional if the fluid properties are uniform across any cross section perpendicular to the flow direction.,
  subsystem: General,
  id: 28,
  physics_domain: FluidDynamics
}",DEFINED_AS,522,[Parameter],"{
  network_level: 2,
  knowledge_domain: 流体特性,
  importance: 0.8,
  name: Uniform properties across cross section,
  description: A flow is one-dimensional if the fluid properties are uniform across any cross section perpendicular to the flow direction.,
  subsystem: General,
  id: 181,
  physics_domain: GeneralPhysics
}"
370,[Parameter],"{
  network_level: 2,
  knowledge_domain: 热力学基础,
  importance: 0.8,
  name: Perfect gas,
  description: A perfect gas is a gas whose intermolecular forces are negligible and obeys the thermal equation of state P = rho*R*T.,
  subsystem: General,
  id: 29,
  physics_domain: GeneralPhysics
}",OBEYS,523,[Equation],"{
  network_level: 3,
  knowledge_domain: 热力学基础,
  importance: 0.6,
  name: Thermal equation of state,
  description: A perfect gas is a gas whose intermolecular forces are negligible and obeys the thermal equation of state P = rho*R*T.,
  subsystem: General,
  id: 182,
  physics_domain: GeneralPhysics
}"
371,[Parameter],"{
  network_level: 2,
  knowledge_domain: 热力学基础,
  importance: 0.8,
  name: Calorically perfect gas,
  description: A calorically perfect gas is a perfect gas with constant specific heats (c_p and c_v are constants).,
  subsystem: General,
  id: 30,
  physics_domain: GeneralPhysics
}",HAS,524,[Parameter],"{
  network_level: 2,
  knowledge_domain: 热力学基础,
  importance: 0.8,
  name: Constant specific heats,
  description: A calorically perfect gas is a perfect gas with constant specific heats (c_p and c_v are constants).,
  subsystem: General,
  id: 183,
  physics_domain: Thermodynamics
}"
372,[Parameter],"{
  network_level: 2,
  knowledge_domain: 气体动力学,
  importance: 0.8,
  name: Speed of sound,
  description: The speed of sound 'a' in a calorically perfect gas is given by a = sqrt(gamma * R * T).,
  subsystem: General,
  id: 31,
  physics_domain: GeneralPhysics
}",CALCULATED_BY,525,[Parameter],"{
  network_level: 2,
  knowledge_domain: 气体动力学,
  importance: 0.8,
  name: Square root of gamma*R*T,
  description: The speed of sound 'a' in a calorically perfect gas is given by a = sqrt(gamma * R * T).,
  subsystem: General,
  id: 184,
  physics_domain: GeneralPhysics
}"
373,[Parameter],"{
  network_level: 2,
  knowledge_domain: 气体动力学,
  importance: 0.8,
  name: Mach number,
  description: The Mach number M is defined as the ratio of the local fluid velocity V to the local speed of sound 'a'.,
  subsystem: General,
  id: 32,
  physics_domain: FluidDynamics
}",DEFINED_AS,526,[Parameter],"{
  network_level: 2,
  knowledge_domain: 气体动力学,
  importance: 0.8,
  name: Ratio of velocity to speed of sound,
  description: The Mach number M is defined as the ratio of the local fluid velocity V to the local speed of sound 'a'.,
  subsystem: General,
  id: 185,
  physics_domain: FluidDynamics
}"
374,[Parameter],"{
  network_level: 2,
  knowledge_domain: 流动状态,
  importance: 0.8,
  name: Subsonic flow,
  description: Flow where the local Mach number is strictly less than 1.0.,
  subsystem: General,
  id: 33,
  physics_domain: FluidDynamics
}",HAS,527,[Parameter],"{
  network_level: 2,
  knowledge_domain: 流动状态,
  importance: 0.8,
  name: Mach number less than one,
  description: Flow where the local Mach number is strictly less than 1.0.,
  subsystem: General,
  id: 186,
  physics_domain: FluidDynamics
}"
375,[Parameter],"{
  network_level: 2,
  knowledge_domain: 流动状态,
  importance: 0.8,
  name: Supersonic flow,
  description: Flow where the local Mach number is strictly greater than 1.0.,
  subsystem: General,
  id: 34,
  physics_domain: FluidDynamics
}",HAS,528,[Parameter],"{
  network_level: 2,
  knowledge_domain: 流动状态,
  importance: 0.8,
  name: Mach number greater than one,
  description: Flow where the local Mach number is strictly greater than 1.0.,
  subsystem: General,
  id: 187,
  physics_domain: FluidDynamics
}"
376,[Parameter],"{
  network_level: 2,
  knowledge_domain: 流动状态,
  importance: 0.8,
  name: Sonic flow,
  description: Flow where the local Mach number is exactly equal to 1.0.,
  subsystem: General,
  id: 35,
  physics_domain: FluidDynamics
}",HAS,529,[Parameter],"{
  network_level: 2,
  knowledge_domain: 流动状态,
  importance: 0.8,
  name: Mach number equal to one,
  description: Flow where the local Mach number is exactly equal to 1.0.,
  subsystem: General,
  id: 188,
  physics_domain: FluidDynamics
}"
377,[Parameter],"{
  network_level: 2,
  knowledge_domain: 热力学属性,
  importance: 0.8,
  name: Stagnation temperature,
  description: Stagnation temperature (or total temperature) T_t represents the temperature achieved when a fluid is decelerated to zero velocity adiabatically.,
  subsystem: General,
  id: 36,
  physics_domain: Thermodynamics
}",USED_IN,416,[Equation],"{
  network_level: 3,
  knowledge_domain: 参数循环分析,
  importance: 0.6,
  name: Parametric cycle analysis,
  description: The objective of parametric cycle analysis is to relate the engine performance parameters to the design choices and the flight environment.,
  subsystem: Cycle,
  id: 75,
  physics_domain: GeneralPhysics
}"
377,[Parameter],"{
  network_level: 2,
  knowledge_domain: 热力学属性,
  importance: 0.8,
  name: Stagnation temperature,
  description: Stagnation temperature (or total temperature) T_t represents the temperature achieved when a fluid is decelerated to zero velocity adiabatically.,
  subsystem: General,
  id: 36,
  physics_domain: Thermodynamics
}",USED_IN,418,[Equation],"{
  network_level: 3,
  knowledge_domain: 循环假设,
  importance: 0.6,
  name: Ideal cycle analysis,
  description: Ideal cycle analysis assumes that the compression and expansion processes are reversible and adiabatic (isentropic).,
  subsystem: Cycle,
  id: 77,
  physics_domain: GeneralPhysics
}"
377,[Parameter],"{
  network_level: 2,
  knowledge_domain: 热力学属性,
  importance: 0.8,
  name: Stagnation temperature,
  description: Stagnation temperature (or total temperature) T_t represents the temperature achieved when a fluid is decelerated to zero velocity adiabatically.,
  subsystem: General,
  id: 36,
  physics_domain: Thermodynamics
}",USED_IN,463,[Equation],"{
  network_level: 3,
  knowledge_domain: 动力循环,
  importance: 0.6,
  name: Liquid rocket cycle,
  description: Liquid rocket engine cycles are classified into pressure-fed systems or pump-fed systems based on how propellants are pressurized.,
  subsystem: Cycle,
  id: 122,
  physics_domain: GeneralPhysics
}"
377,[Parameter],"{
  network_level: 2,
  knowledge_domain: 热力学属性,
  importance: 0.8,
  name: Stagnation temperature,
  description: Stagnation temperature (or total temperature) T_t represents the temperature achieved when a fluid is decelerated to zero velocity adiabatically.,
  subsystem: General,
  id: 36,
  physics_domain: Thermodynamics
}",USED_IN,464,[Equation],"{
  network_level: 3,
  knowledge_domain: 动力循环,
  importance: 0.6,
  name: Pump-fed cycle,
  description: A pump-fed open cycle where a fraction of the propellant is burned in a separate combustor to drive the turbine and is then exhausted overboard.,
  subsystem: Cycle,
  id: 123,
  physics_domain: GeneralPhysics
}"
377,[Parameter],"{
  network_level: 2,
  knowledge_domain: 热力学属性,
  importance: 0.8,
  name: Stagnation temperature,
  description: Stagnation temperature (or total temperature) T_t represents the temperature achieved when a fluid is decelerated to zero velocity adiabatically.,
  subsystem: General,
  id: 36,
  physics_domain: Thermodynamics
}",USED_IN,465,[Equation],"{
  network_level: 3,
  knowledge_domain: 动力循环,
  importance: 0.6,
  name: Gas-generator cycle,
  description: The gas generator must operate off-stoichiometric (extremely fuel-rich or oxidizer-rich) to prevent melting the turbine blades.,
  subsystem: Cycle,
  id: 124,
  physics_domain: GeneralPhysics
}"
377,[Parameter],"{
  network_level: 2,
  knowledge_domain: 热力学属性,
  importance: 0.8,
  name: Stagnation temperature,
  description: Stagnation temperature (or total temperature) T_t represents the temperature achieved when a fluid is decelerated to zero velocity adiabatically.,
  subsystem: General,
  id: 36,
  physics_domain: Thermodynamics
}",USED_IN,466,[Equation],"{
  network_level: 3,
  knowledge_domain: 动力循环,
  importance: 0.6,
  name: Staged combustion cycle,
  description: Because the turbine exhaust is injected into the main chamber rather than dumped at low pressure, it allows extremely high chamber pressures (P_c) and higher efficiency.,
  subsystem: Combustion,
  id: 125,
  physics_domain: GeneralPhysics
}"
377,[Parameter],"{
  network_level: 2,
  knowledge_domain: 热力学属性,
  importance: 0.8,
  name: Stagnation temperature,
  description: Stagnation temperature (or total temperature) T_t represents the temperature achieved when a fluid is decelerated to zero velocity adiabatically.,
  subsystem: General,
  id: 36,
  physics_domain: Thermodynamics
}",USED_IN,469,[Equation],"{
  network_level: 3,
  knowledge_domain: 真实循环分析,
  importance: 0.6,
  name: Real cycle analysis,
  description: Real engine cycle analysis incorporates component efficiencies, pressure losses, mechanical losses, and bleeding to predict realistic performance.,
  subsystem: Cycle,
  id: 128,
  physics_domain: GeneralPhysics
}"
377,[Parameter],"{
  network_level: 2,
  knowledge_domain: 热力学属性,
  importance: 0.8,
  name: Stagnation temperature,
  description: Stagnation temperature (or total temperature) T_t represents the temperature achieved when a fluid is decelerated to zero velocity adiabatically.,
  subsystem: General,
  id: 36,
  physics_domain: Thermodynamics
}",USED_IN,621,[Equation],"{
  network_level: 3,
  knowledge_domain: 动力循环,
  importance: 0.6,
  name: Pressure-fed cycle,
  description: Liquid rocket engine cycles are classified into pressure-fed systems or pump-fed systems based on how propellants are pressurized.,
  subsystem: Cycle,
  id: 280,
  physics_domain: FluidDynamics
}"
377,[Parameter],"{
  network_level: 2,
  knowledge_domain: 热力学属性,
  importance: 0.8,
  name: Stagnation temperature,
  description: Stagnation temperature (or total temperature) T_t represents the temperature achieved when a fluid is decelerated to zero velocity adiabatically.,
  subsystem: General,
  id: 36,
  physics_domain: Thermodynamics
}",USED_IN,622,[Equation],"{
  network_level: 3,
  knowledge_domain: 动力循环,
  importance: 0.6,
  name: Expander cycle,
  description: A closed cycle where fuel is vaporized in the cooling jacket and then routes directly through the turbine to drive the pumps before entering the injector.,
  subsystem: Cycle,
  id: 281,
  physics_domain: GeneralPhysics
}"
377,[Parameter],"{
  network_level: 2,
  knowledge_domain: 热力学属性,
  importance: 0.8,
  name: Stagnation temperature,
  description: Stagnation temperature (or total temperature) T_t represents the temperature achieved when a fluid is decelerated to zero velocity adiabatically.,
  subsystem: General,
  id: 36,
  physics_domain: Thermodynamics
}",USED_IN,663,[Equation],"{
  network_level: 3,
  knowledge_domain: CrossDomain,
  importance: 0.6,
  name: Ideal Brayton cycle,
  description: The realistic engine cycle analysis (Chapter 7) modifies the ideal Brayton cycle (Chapter 4) by incorporating polytropic efficiencies and pressure drops (Chapter 5).,
  subsystem: Cycle,
  id: 322,
  physics_domain: GeneralPhysics
}"
377,[Parameter],"{
  network_level: 2,
  knowledge_domain: 热力学属性,
  importance: 0.8,
  name: Stagnation temperature,
  description: Stagnation temperature (or total temperature) T_t represents the temperature achieved when a fluid is decelerated to zero velocity adiabatically.,
  subsystem: General,
  id: 36,
  physics_domain: Thermodynamics
}",INDICATES,530,[Parameter],"{
  network_level: 2,
  knowledge_domain: 热力学属性,
  importance: 0.8,
  name: Total enthalpy of gas,
  description: Stagnation temperature (or total temperature) T_t represents the temperature achieved when a fluid is decelerated to zero velocity adiabatically.,
  subsystem: General,
  id: 189,
  physics_domain: Thermodynamics
}"
377,[Parameter],"{
  network_level: 2,
  knowledge_domain: 热力学属性,
  importance: 0.8,
  name: Stagnation temperature,
  description: Stagnation temperature (or total temperature) T_t represents the temperature achieved when a fluid is decelerated to zero velocity adiabatically.,
  subsystem: General,
  id: 36,
  physics_domain: Thermodynamics
}",INCREASES_DUE_TO,531,[Parameter],"{
  network_level: 2,
  knowledge_domain: 热力学属性,
  importance: 0.8,
  name: Aerodynamic heating,
  description: The increase in temperature associated with deceleration of a high-speed flow is called aerodynamic heating.,
  subsystem: General,
  id: 190,
  physics_domain: Thermodynamics
}"
378,[Parameter],"{
  network_level: 2,
  knowledge_domain: 热力学属性,
  importance: 0.8,
  name: Stagnation pressure,
  description: Stagnation pressure (or total pressure) P_t is the pressure attained when a fluid is brought to rest isentropically.,
  subsystem: General,
  id: 37,
  physics_domain: FluidDynamics
}",USED_IN,663,[Equation],"{
  network_level: 3,
  knowledge_domain: CrossDomain,
  importance: 0.6,
  name: Ideal Brayton cycle,
  description: The realistic engine cycle analysis (Chapter 7) modifies the ideal Brayton cycle (Chapter 4) by incorporating polytropic efficiencies and pressure drops (Chapter 5).,
  subsystem: Cycle,
  id: 322,
  physics_domain: GeneralPhysics
}"
378,[Parameter],"{
  network_level: 2,
  knowledge_domain: 热力学属性,
  importance: 0.8,
  name: Stagnation pressure,
  description: Stagnation pressure (or total pressure) P_t is the pressure attained when a fluid is brought to rest isentropically.,
  subsystem: General,
  id: 37,
  physics_domain: FluidDynamics
}",DEFINED_AS,532,[Parameter],"{
  network_level: 2,
  knowledge_domain: 热力学属性,
  importance: 0.8,
  name: Pressure at zero velocity isentropically,
  description: Stagnation pressure (or total pressure) P_t is the pressure attained when a fluid is brought to rest isentropically.,
  subsystem: General,
  id: 191,
  physics_domain: FluidDynamics
}"
379,[Parameter],"{
  network_level: 2,
  knowledge_domain: 热力学过程,
  importance: 0.8,
  name: Isentropic flow,
  description: An isentropic flow is both adiabatic and reversible; entropy remains constant along a streamline.,
  subsystem: General,
  id: 38,
  physics_domain: FluidDynamics
}",HAS,533,[Parameter],"{
  network_level: 2,
  knowledge_domain: 热力学过程,
  importance: 0.8,
  name: Constant entropy,
  description: An isentropic flow is both adiabatic and reversible; entropy remains constant along a streamline.,
  subsystem: General,
  id: 192,
  physics_domain: Thermodynamics
}"
380,[Equation],"{
  network_level: 3,
  knowledge_domain: 等熵流动,
  importance: 0.6,
  name: Area-Mach number relation,
  description: The area-Mach number relation links the cross-sectional area of a duct to the local Mach number for an isentropic flow.,
  subsystem: General,
  id: 39,
  physics_domain: FluidDynamics
}",DESCRIBES,534,[Parameter],"{
  network_level: 2,
  knowledge_domain: 等熵流动,
  importance: 0.8,
  name: Flow area variation with Mach number,
  description: The area-Mach number relation links the cross-sectional area of a duct to the local Mach number for an isentropic flow.,
  subsystem: General,
  id: 193,
  physics_domain: FluidDynamics
}"
381,[Parameter],"{
  network_level: 2,
  knowledge_domain: 气体动力学,
  importance: 0.8,
  name: Convergent duct,
  description: In a convergent duct, a supersonic flow slows down (Mach number decreases).,
  subsystem: General,
  id: 40,
  physics_domain: GeneralPhysics
}",DECELERATES,375,[Parameter],"{
  network_level: 2,
  knowledge_domain: 流动状态,
  importance: 0.8,
  name: Supersonic flow,
  description: Flow where the local Mach number is strictly greater than 1.0.,
  subsystem: General,
  id: 34,
  physics_domain: FluidDynamics
}"
381,[Parameter],"{
  network_level: 2,
  knowledge_domain: 气体动力学,
  importance: 0.8,
  name: Convergent duct,
  description: In a convergent duct, a supersonic flow slows down (Mach number decreases).,
  subsystem: General,
  id: 40,
  physics_domain: GeneralPhysics
}",ACCELERATES,374,[Parameter],"{
  network_level: 2,
  knowledge_domain: 流动状态,
  importance: 0.8,
  name: Subsonic flow,
  description: Flow where the local Mach number is strictly less than 1.0.,
  subsystem: General,
  id: 33,
  physics_domain: FluidDynamics
}"
382,[Parameter],"{
  network_level: 2,
  knowledge_domain: 气体动力学,
  importance: 0.8,
  name: Divergent duct,
  description: In a divergent duct, a supersonic flow accelerates (Mach number increases).,
  subsystem: General,
  id: 41,
  physics_domain: GeneralPhysics
}",DECELERATES,374,[Parameter],"{
  network_level: 2,
  knowledge_domain: 流动状态,
  importance: 0.8,
  name: Subsonic flow,
  description: Flow where the local Mach number is strictly less than 1.0.,
  subsystem: General,
  id: 33,
  physics_domain: FluidDynamics
}"
382,[Parameter],"{
  network_level: 2,
  knowledge_domain: 气体动力学,
  importance: 0.8,
  name: Divergent duct,
  description: In a divergent duct, a supersonic flow accelerates (Mach number increases).,
  subsystem: General,
  id: 41,
  physics_domain: GeneralPhysics
}",ACCELERATES,375,[Parameter],"{
  network_level: 2,
  knowledge_domain: 流动状态,
  importance: 0.8,
  name: Supersonic flow,
  description: Flow where the local Mach number is strictly greater than 1.0.,
  subsystem: General,
  id: 34,
  physics_domain: FluidDynamics
}"
383,[Parameter],"{
  network_level: 2,
  knowledge_domain: 喷管几何,
  importance: 0.8,
  name: Throat,
  description: The location of minimum cross-sectional area is called the throat, where the Mach number can reach unity.,
  subsystem: General,
  id: 42,
  physics_domain: GeneralPhysics
}",IS_MINIMUM_AREA_OF,535,[Component],"{
  network_level: 1,
  knowledge_domain: 喷管几何,
  importance: 1.0,
  name: Convergent-divergent nozzle,
  description: The location of minimum cross-sectional area is called the throat, where the Mach number can reach unity.,
  subsystem: Exhaust,
  id: 194,
  physics_domain: GeneralPhysics
}"
384,[BoundaryCondition],"{
  network_level: 4,
  knowledge_domain: 流动状态,
  importance: 0.5,
  name: Choked flow,
  description: When the Mach number at the throat reaches unity, the mass flow rate through the nozzle reaches its maximum possible value and is said to be choked.,
  subsystem: General,
  id: 43,
  physics_domain: FluidDynamics
}",OCCURS_AT,536,[BoundaryCondition],"{
  network_level: 4,
  knowledge_domain: 流动状态,
  importance: 0.5,
  name: Mass flow maximum limit,
  description: When the Mach number at the throat reaches unity, the mass flow rate through the nozzle reaches its maximum possible value and is said to be choked.,
  subsystem: General,
  id: 195,
  physics_domain: FluidDynamics
}"
385,[Parameter],"{
  network_level: 2,
  knowledge_domain: 激波理论,
  importance: 0.8,
  name: Normal shock,
  description: A normal shock wave is a thin discontinuity perpendicular to the flow direction that can occur only in supersonic flow.,
  subsystem: General,
  id: 44,
  physics_domain: GeneralPhysics
}",IS_A,537,[Parameter],"{
  network_level: 2,
  knowledge_domain: 激波理论,
  importance: 0.8,
  name: Discontinuity in supersonic flow,
  description: A normal shock wave is a thin discontinuity perpendicular to the flow direction that can occur only in supersonic flow.,
  subsystem: General,
  id: 196,
  physics_domain: FluidDynamics
}"
385,[Parameter],"{
  network_level: 2,
  knowledge_domain: 激波理论,
  importance: 0.8,
  name: Normal shock,
  description: A normal shock wave is a thin discontinuity perpendicular to the flow direction that can occur only in supersonic flow.,
  subsystem: General,
  id: 44,
  physics_domain: GeneralPhysics
}",CHANGES_FLOW_FROM,538,[Parameter],"{
  network_level: 2,
  knowledge_domain: 激波理论,
  importance: 0.8,
  name: Supersonic to Subsonic,
  description: The Mach number always drops from a supersonic value upstream to a subsonic value downstream of a normal shock.,
  subsystem: General,
  id: 197,
  physics_domain: GeneralPhysics
}"
385,[Parameter],"{
  network_level: 2,
  knowledge_domain: 激波理论,
  importance: 0.8,
  name: Normal shock,
  description: A normal shock wave is a thin discontinuity perpendicular to the flow direction that can occur only in supersonic flow.,
  subsystem: General,
  id: 44,
  physics_domain: GeneralPhysics
}",INCREASES,539,[Parameter],"{
  network_level: 2,
  knowledge_domain: 激波理论,
  importance: 0.8,
  name: Static pressure,
  description: Static pressure increases significantly across a normal shock wave.,
  subsystem: General,
  id: 198,
  physics_domain: FluidDynamics
}"
385,[Parameter],"{
  network_level: 2,
  knowledge_domain: 激波理论,
  importance: 0.8,
  name: Normal shock,
  description: A normal shock wave is a thin discontinuity perpendicular to the flow direction that can occur only in supersonic flow.,
  subsystem: General,
  id: 44,
  physics_domain: GeneralPhysics
}",INCREASES,540,[Parameter],"{
  network_level: 2,
  knowledge_domain: 激波理论,
  importance: 0.8,
  name: Static temperature,
  description: Static temperature increases across a normal shock wave.,
  subsystem: General,
  id: 199,
  physics_domain: Thermodynamics
}"
385,[Parameter],"{
  network_level: 2,
  knowledge_domain: 激波理论,
  importance: 0.8,
  name: Normal shock,
  description: A normal shock wave is a thin discontinuity perpendicular to the flow direction that can occur only in supersonic flow.,
  subsystem: General,
  id: 44,
  physics_domain: GeneralPhysics
}",DECREASES,541,[Parameter],"{
  network_level: 2,
  knowledge_domain: 激波理论,
  importance: 0.8,
  name: Total pressure,
  description: The total pressure decreases across a normal shock, which represents an irreversibility (entropy rise) in the flow.,
  subsystem: General,
  id: 200,
  physics_domain: FluidDynamics
}"
385,[Parameter],"{
  network_level: 2,
  knowledge_domain: 激波理论,
  importance: 0.8,
  name: Normal shock,
  description: A normal shock wave is a thin discontinuity perpendicular to the flow direction that can occur only in supersonic flow.,
  subsystem: General,
  id: 44,
  physics_domain: GeneralPhysics
}",CONSERVES,377,[Parameter],"{
  network_level: 2,
  knowledge_domain: 热力学属性,
  importance: 0.8,
  name: Stagnation temperature,
  description: Stagnation temperature (or total temperature) T_t represents the temperature achieved when a fluid is decelerated to zero velocity adiabatically.,
  subsystem: General,
  id: 36,
  physics_domain: Thermodynamics
}"
386,[Parameter],"{
  network_level: 2,
  knowledge_domain: 管流理论,
  importance: 0.8,
  name: Fanno flow,
  description: Fanno flow refers to adiabatic flow in a constant-area duct with friction.,
  subsystem: General,
  id: 45,
  physics_domain: FluidDynamics
}",REFERS_TO,542,[Parameter],"{
  network_level: 2,
  knowledge_domain: 管流理论,
  importance: 0.8,
  name: Constant area flow with friction,
  description: Fanno flow refers to adiabatic flow in a constant-area duct with friction.,
  subsystem: General,
  id: 201,
  physics_domain: FluidDynamics
}"
386,[Parameter],"{
  network_level: 2,
  knowledge_domain: 管流理论,
  importance: 0.8,
  name: Fanno flow,
  description: Fanno flow refers to adiabatic flow in a constant-area duct with friction.,
  subsystem: General,
  id: 45,
  physics_domain: FluidDynamics
}",DRIVES_MACH_NUMBER_TOWARD,543,[Parameter],"{
  network_level: 2,
  knowledge_domain: 管流理论,
  importance: 0.8,
  name: Unity,
  description: Friction always drives the Mach number toward unity in Fanno flow, whether the inlet flow is subsonic or supersonic.,
  subsystem: General,
  id: 202,
  physics_domain: GeneralPhysics
}"
387,[Parameter],"{
  network_level: 2,
  knowledge_domain: 管流理论,
  importance: 0.8,
  name: Rayleigh flow,
  description: Rayleigh flow refers to frictionless flow in a constant-area duct with heat transfer (heating or cooling).,
  subsystem: General,
  id: 46,
  physics_domain: FluidDynamics
}",REFERS_TO,544,[Parameter],"{
  network_level: 2,
  knowledge_domain: 管流理论,
  importance: 0.8,
  name: Constant area flow with heat transfer,
  description: Rayleigh flow refers to frictionless flow in a constant-area duct with heat transfer (heating or cooling).,
  subsystem: General,
  id: 203,
  physics_domain: FluidDynamics
}"
388,[Parameter],"{
  network_level: 2,
  knowledge_domain: 管流理论,
  importance: 0.8,
  name: Thermal choking,
  description: Maximum heat addition in a Rayleigh flow occurs when the Mach number reaches unity; further heating causes thermal choking.,
  subsystem: General,
  id: 47,
  physics_domain: GeneralPhysics
}",OCCURS_DUE_TO,545,[Parameter],"{
  network_level: 2,
  knowledge_domain: 管流理论,
  importance: 0.8,
  name: Maximum heat addition,
  description: Maximum heat addition in a Rayleigh flow occurs when the Mach number reaches unity; further heating causes thermal choking.,
  subsystem: General,
  id: 204,
  physics_domain: Thermodynamics
}"
388,[Parameter],"{
  network_level: 2,
  knowledge_domain: 管流理论,
  importance: 0.8,
  name: Thermal choking,
  description: Maximum heat addition in a Rayleigh flow occurs when the Mach number reaches unity; further heating causes thermal choking.,
  subsystem: General,
  id: 47,
  physics_domain: GeneralPhysics
}",LIMITS,674,[Component],"{
  network_level: 1,
  knowledge_domain: CrossDomain,
  importance: 1.0,
  name: Maximum combustor heat addition,
  description: The foundational physics of Rayleigh flow and thermal choking (Chapter 2) constraint the maximum fuel injection in burners (Chapters 5, 7, and 8).,
  subsystem: Combustion,
  id: 333,
  physics_domain: Thermodynamics
}"
389,[Parameter],"{
  network_level: 2,
  knowledge_domain: 管流理论,
  importance: 0.8,
  name: Heating in Rayleigh flow,
  description: Adding heat to a constant-area flow always results in a decrease in total pressure.,
  subsystem: General,
  id: 48,
  physics_domain: FluidDynamics
}",DECREASES,541,[Parameter],"{
  network_level: 2,
  knowledge_domain: 激波理论,
  importance: 0.8,
  name: Total pressure,
  description: The total pressure decreases across a normal shock, which represents an irreversibility (entropy rise) in the flow.,
  subsystem: General,
  id: 200,
  physics_domain: FluidDynamics
}"
390,[Component],"{
  network_level: 1,
  knowledge_domain: 系统分类,
  importance: 1.0,
  name: Rocket engine,
  description: A rocket engine carries both its fuel and its oxidizer, allowing it to operate in a vacuum outside the atmosphere.,
  subsystem: General,
  id: 49,
  physics_domain: GeneralPhysics
}",CARRIES,500,[Parameter],"{
  network_level: 2,
  knowledge_domain: 工作原理,
  importance: 0.8,
  name: Fuel and Oxidizer,
  description: A non-airbreathing engine carries both the fuel and the oxidizer required for combustion.,
  subsystem: General,
  id: 159,
  physics_domain: GeneralPhysics
}"
391,[Equation],"{
  network_level: 3,
  knowledge_domain: 性能指标,
  importance: 0.6,
  name: Rocket thrust equation,
  description: The total thrust of a rocket is the sum of the momentum thrust and the pressure thrust: F = m_dot * V_e + (P_e - P_a) * A_e.,
  subsystem: General,
  id: 50,
  physics_domain: GeneralPhysics
}",CONSISTS_OF,546,[Parameter],"{
  network_level: 2,
  knowledge_domain: 性能指标,
  importance: 0.8,
  name: Momentum thrust and Pressure thrust,
  description: The total thrust of a rocket is the sum of the momentum thrust and the pressure thrust: F = m_dot * V_e + (P_e - P_a) * A_e.,
  subsystem: General,
  id: 205,
  physics_domain: FluidDynamics
}"
391,[Equation],"{
  network_level: 3,
  knowledge_domain: 性能指标,
  importance: 0.6,
  name: Rocket thrust equation,
  description: The total thrust of a rocket is the sum of the momentum thrust and the pressure thrust: F = m_dot * V_e + (P_e - P_a) * A_e.,
  subsystem: General,
  id: 50,
  physics_domain: GeneralPhysics
}",EXPANDED_BY,676,[Component],"{
  network_level: 1,
  knowledge_domain: CrossDomain,
  importance: 1.0,
  name: Nozzle efficiency and chemical kinetics,
  description: The ideal rocket thrust relations (Chapter 3) are modified in Chapter 6 by implementing nozzle velocity coefficients and shifting/frozen chemical behaviors.,
  subsystem: Exhaust,
  id: 335,
  physics_domain: GeneralPhysics
}"
392,[Parameter],"{
  network_level: 2,
  knowledge_domain: 性能指标,
  importance: 0.8,
  name: Momentum thrust,
  description: The component of thrust generated by the change in momentum of the exhaust gas (m_dot * V_e).,
  subsystem: General,
  id: 51,
  physics_domain: GeneralPhysics
}",CALCULATED_BY,547,[Parameter],"{
  network_level: 2,
  knowledge_domain: 性能指标,
  importance: 0.8,
  name: Mass flow rate times Exhaust velocity,
  description: The component of thrust generated by the change in momentum of the exhaust gas (m_dot * V_e).,
  subsystem: Exhaust,
  id: 206,
  physics_domain: FluidDynamics
}"
393,[Parameter],"{
  network_level: 2,
  knowledge_domain: 性能指标,
  importance: 0.8,
  name: Pressure thrust,
  description: The component of thrust due to the difference between exit pressure and ambient pressure ((P_e - P_a) * A_e).,
  subsystem: General,
  id: 52,
  physics_domain: FluidDynamics
}",USED_IN,663,[Equation],"{
  network_level: 3,
  knowledge_domain: CrossDomain,
  importance: 0.6,
  name: Ideal Brayton cycle,
  description: The realistic engine cycle analysis (Chapter 7) modifies the ideal Brayton cycle (Chapter 4) by incorporating polytropic efficiencies and pressure drops (Chapter 5).,
  subsystem: Cycle,
  id: 322,
  physics_domain: GeneralPhysics
}"
393,[Parameter],"{
  network_level: 2,
  knowledge_domain: 性能指标,
  importance: 0.8,
  name: Pressure thrust,
  description: The component of thrust due to the difference between exit pressure and ambient pressure ((P_e - P_a) * A_e).,
  subsystem: General,
  id: 52,
  physics_domain: FluidDynamics
}",CALCULATED_BY,548,[Component],"{
  network_level: 1,
  knowledge_domain: 性能指标,
  importance: 1.0,
  name: Pressure difference times Nozzle exit area,
  description: The component of thrust due to the difference between exit pressure and ambient pressure ((P_e - P_a) * A_e).,
  subsystem: Exhaust,
  id: 207,
  physics_domain: FluidDynamics
}"
394,[Parameter],"{
  network_level: 2,
  knowledge_domain: 性能指标,
  importance: 0.8,
  name: Effective exhaust velocity,
  description: The effective exhaust velocity C is defined such that F = m_dot * C, which combines momentum and pressure effects.,
  subsystem: Exhaust,
  id: 53,
  physics_domain: FluidDynamics
}",DEFINED_AS,549,[Parameter],"{
  network_level: 2,
  knowledge_domain: 性能指标,
  importance: 0.8,
  name: Thrust divided by Mass flow rate,
  description: The effective exhaust velocity C is defined such that F = m_dot * C, which combines momentum and pressure effects.,
  subsystem: General,
  id: 208,
  physics_domain: FluidDynamics
}"
395,[Parameter],"{
  network_level: 2,
  knowledge_domain: 性能指标,
  importance: 0.8,
  name: Specific impulse,
  description: Specific impulse I_sp is the thrust divided by the propellant weight flow rate at sea level: I_sp = F / (m_dot * g_0).,
  subsystem: General,
  id: 54,
  physics_domain: GeneralPhysics
}",DEFINED_AS,550,[Parameter],"{
  network_level: 2,
  knowledge_domain: 性能指标,
  importance: 0.8,
  name: Thrust per unit weight flow rate,
  description: Specific impulse I_sp is the thrust divided by the propellant weight flow rate at sea level: I_sp = F / (m_dot * g_0).,
  subsystem: General,
  id: 209,
  physics_domain: FluidDynamics
}"
396,[Parameter],"{
  network_level: 2,
  knowledge_domain: 性能指标,
  importance: 0.8,
  name: Characteristic velocity,
  description: The characteristic velocity c* is a measure of the combustion chemical energy and efficiency, independent of nozzle characteristics.,
  subsystem: General,
  id: 55,
  physics_domain: FluidDynamics
}",CALCULATED_FROM,552,[Parameter],"{
  network_level: 2,
  knowledge_domain: 性能指标,
  importance: 0.8,
  name: Chamber pressure and Throat area,
  description: c* = (P_c * A_t) / m_dot. It depends primarily on combustion temperature and molecular weight.,
  subsystem: General,
  id: 211,
  physics_domain: FluidDynamics
}"
396,[Parameter],"{
  network_level: 2,
  knowledge_domain: 性能指标,
  importance: 0.8,
  name: Characteristic velocity,
  description: The characteristic velocity c* is a measure of the combustion chemical energy and efficiency, independent of nozzle characteristics.,
  subsystem: General,
  id: 55,
  physics_domain: FluidDynamics
}",INDICATES,551,[Parameter],"{
  network_level: 2,
  knowledge_domain: 性能指标,
  importance: 0.8,
  name: Combustion chamber performance,
  description: The characteristic velocity c* is a measure of the combustion chemical energy and efficiency, independent of nozzle characteristics.,
  subsystem: Combustion,
  id: 210,
  physics_domain: GeneralPhysics
}"
397,[Parameter],"{
  network_level: 2,
  knowledge_domain: 性能指标,
  importance: 0.8,
  name: Thrust coefficient,
  description: The thrust coefficient C_f measures the amplification of thrust achieved by expanding the gas through the nozzle.,
  subsystem: General,
  id: 56,
  physics_domain: GeneralPhysics
}",CALCULATED_FROM,554,[Parameter],"{
  network_level: 2,
  knowledge_domain: 性能指标,
  importance: 0.8,
  name: Thrust and Chamber pressure,
  description: C_f = F / (P_c * A_t). It is a function of the pressure ratio and area ratio of the nozzle.,
  subsystem: General,
  id: 213,
  physics_domain: FluidDynamics
}"
397,[Parameter],"{
  network_level: 2,
  knowledge_domain: 性能指标,
  importance: 0.8,
  name: Thrust coefficient,
  description: The thrust coefficient C_f measures the amplification of thrust achieved by expanding the gas through the nozzle.,
  subsystem: General,
  id: 56,
  physics_domain: GeneralPhysics
}",INDICATES,553,[Component],"{
  network_level: 1,
  knowledge_domain: 性能指标,
  importance: 1.0,
  name: Nozzle expansion efficiency,
  description: The thrust coefficient C_f measures the amplification of thrust achieved by expanding the gas through the nozzle.,
  subsystem: Expansion,
  id: 212,
  physics_domain: GeneralPhysics
}"
398,[Parameter],"{
  network_level: 2,
  knowledge_domain: 喷管空气动力学,
  importance: 0.8,
  name: Optimum expansion,
  description: Maximum thrust for a given propellant mass flow and chamber condition occurs when the nozzle exit pressure equals the ambient pressure (P_e = P_a).,
  subsystem: Expansion,
  id: 57,
  physics_domain: GeneralPhysics
}",OCCURS_WHEN,555,[Parameter],"{
  network_level: 2,
  knowledge_domain: 喷管空气动力学,
  importance: 0.8,
  name: Exit pressure equals Ambient pressure,
  description: Maximum thrust for a given propellant mass flow and chamber condition occurs when the nozzle exit pressure equals the ambient pressure (P_e = P_a).,
  subsystem: General,
  id: 214,
  physics_domain: FluidDynamics
}"
399,[Component],"{
  network_level: 1,
  knowledge_domain: 喷管空气动力学,
  importance: 1.0,
  name: Overexpanded nozzle,
  description: A nozzle is overexpanded if the exit pressure is lower than the surrounding ambient atmospheric pressure.,
  subsystem: Exhaust,
  id: 58,
  physics_domain: GeneralPhysics
}",HAS,556,[Parameter],"{
  network_level: 2,
  knowledge_domain: 喷管空气动力学,
  importance: 0.8,
  name: Exit pressure less than Ambient pressure,
  description: A nozzle is overexpanded if the exit pressure is lower than the surrounding ambient atmospheric pressure.,
  subsystem: General,
  id: 215,
  physics_domain: FluidDynamics
}"
400,[Parameter],"{
  network_level: 2,
  knowledge_domain: 喷管空气动力学,
  importance: 0.8,
  name: Oblique shock,
  description: When a nozzle is highly overexpanded, oblique shocks or flow separation occur at the nozzle exit.,
  subsystem: General,
  id: 59,
  physics_domain: GeneralPhysics
}",OCCURS_IN,399,[Component],"{
  network_level: 1,
  knowledge_domain: 喷管空气动力学,
  importance: 1.0,
  name: Overexpanded nozzle,
  description: A nozzle is overexpanded if the exit pressure is lower than the surrounding ambient atmospheric pressure.,
  subsystem: Exhaust,
  id: 58,
  physics_domain: GeneralPhysics
}"
401,[Component],"{
  network_level: 1,
  knowledge_domain: 喷管空气动力学,
  importance: 1.0,
  name: Underexpanded nozzle,
  description: A nozzle is underexpanded if the gas exits at a pressure higher than the ambient atmospheric pressure.,
  subsystem: Exhaust,
  id: 60,
  physics_domain: GeneralPhysics
}",HAS,557,[Parameter],"{
  network_level: 2,
  knowledge_domain: 喷管空气动力学,
  importance: 0.8,
  name: Exit pressure greater than Ambient pressure,
  description: A nozzle is underexpanded if the gas exits at a pressure higher than the ambient atmospheric pressure.,
  subsystem: General,
  id: 216,
  physics_domain: FluidDynamics
}"
402,[Parameter],"{
  network_level: 2,
  knowledge_domain: 喷管空气动力学,
  importance: 0.8,
  name: Expansion waves,
  description: Further expansion takes place outside the nozzle exit through expansion fans when P_e > P_a.,
  subsystem: Expansion,
  id: 61,
  physics_domain: GeneralPhysics
}",OCCUR_OUTSIDE,401,[Component],"{
  network_level: 1,
  knowledge_domain: 喷管空气动力学,
  importance: 1.0,
  name: Underexpanded nozzle,
  description: A nozzle is underexpanded if the gas exits at a pressure higher than the ambient atmospheric pressure.,
  subsystem: Exhaust,
  id: 60,
  physics_domain: GeneralPhysics
}"
403,[Parameter],"{
  network_level: 2,
  knowledge_domain: 系统架构,
  importance: 0.8,
  name: Liquid propellant rocket,
  description: Liquid rocket systems utilize liquid chemical propellants stored in separate tanks.,
  subsystem: General,
  id: 62,
  physics_domain: GeneralPhysics
}",USES,558,[Parameter],"{
  network_level: 2,
  knowledge_domain: 系统架构,
  importance: 0.8,
  name: Liquid fuel and Liquid oxidizer,
  description: Liquid rocket systems utilize liquid chemical propellants stored in separate tanks.,
  subsystem: General,
  id: 217,
  physics_domain: GeneralPhysics
}"
404,[Component],"{
  network_level: 1,
  knowledge_domain: 系统架构,
  importance: 1.0,
  name: Turbopump feed system,
  description: High-thrust liquid rockets use turbopumps driven by a gas generator to force propellants into the high-pressure chamber.,
  subsystem: General,
  id: 63,
  physics_domain: GeneralPhysics
}",DELIVERS,559,[Parameter],"{
  network_level: 2,
  knowledge_domain: 系统架构,
  importance: 0.8,
  name: Propellants to combustion chamber,
  description: High-thrust liquid rockets use turbopumps driven by a gas generator to force propellants into the high-pressure chamber.,
  subsystem: Combustion,
  id: 218,
  physics_domain: GeneralPhysics
}"
405,[Component],"{
  network_level: 1,
  knowledge_domain: 系统架构,
  importance: 1.0,
  name: Pressure-fed system,
  description: A simpler feed system that uses regulated high-pressure gas to push propellants into the combustion chamber.,
  subsystem: General,
  id: 64,
  physics_domain: FluidDynamics
}",USES,560,[Parameter],"{
  network_level: 2,
  knowledge_domain: 系统架构,
  importance: 0.8,
  name: High pressure gas tank,
  description: A simpler feed system that uses regulated high-pressure gas to push propellants into the combustion chamber.,
  subsystem: General,
  id: 219,
  physics_domain: FluidDynamics
}"
406,[Parameter],"{
  network_level: 2,
  knowledge_domain: 系统架构,
  importance: 0.8,
  name: Solid propellant rocket,
  description: A solid rocket motor stores its fuel and oxidizer intimately mixed together as a solid block called the grain.,
  subsystem: General,
  id: 65,
  physics_domain: GeneralPhysics
}",CONTAINS,407,[Parameter],"{
  network_level: 2,
  knowledge_domain: 系统架构,
  importance: 0.8,
  name: Propellant grain,
  description: Combustion takes place on the internal surfaces of the hollow cavity inside the solid grain.,
  subsystem: General,
  id: 66,
  physics_domain: GeneralPhysics
}"
407,[Parameter],"{
  network_level: 2,
  knowledge_domain: 系统架构,
  importance: 0.8,
  name: Propellant grain,
  description: Combustion takes place on the internal surfaces of the hollow cavity inside the solid grain.,
  subsystem: General,
  id: 66,
  physics_domain: GeneralPhysics
}",BURNS_ALONG,561,[Parameter],"{
  network_level: 2,
  knowledge_domain: 系统架构,
  importance: 0.8,
  name: Exposed cavity surface,
  description: Combustion takes place on the internal surfaces of the hollow cavity inside the solid grain.,
  subsystem: General,
  id: 220,
  physics_domain: GeneralPhysics
}"
408,[Parameter],"{
  network_level: 2,
  knowledge_domain: 燃烧特性,
  importance: 0.8,
  name: Progressive burning,
  description: A grain geometry that causes the burning surface area (and therefore thrust) to increase over time.,
  subsystem: Combustion,
  id: 67,
  physics_domain: GeneralPhysics
}",DEFINED_AS,562,[Parameter],"{
  network_level: 2,
  knowledge_domain: 燃烧特性,
  importance: 0.8,
  name: Thrust increasing with time,
  description: A grain geometry that causes the burning surface area (and therefore thrust) to increase over time.,
  subsystem: General,
  id: 221,
  physics_domain: GeneralPhysics
}"
409,[Parameter],"{
  network_level: 2,
  knowledge_domain: 燃烧特性,
  importance: 0.8,
  name: Regressive burning,
  description: A grain geometry that causes the burning surface area (and therefore thrust) to decrease over time.,
  subsystem: Combustion,
  id: 68,
  physics_domain: GeneralPhysics
}",DEFINED_AS,563,[Parameter],"{
  network_level: 2,
  knowledge_domain: 燃烧特性,
  importance: 0.8,
  name: Thrust decreasing with time,
  description: A grain geometry that causes the burning surface area (and therefore thrust) to decrease over time.,
  subsystem: General,
  id: 222,
  physics_domain: GeneralPhysics
}"
410,[Parameter],"{
  network_level: 2,
  knowledge_domain: 燃烧特性,
  importance: 0.8,
  name: Neutral burning,
  description: A grain geometry where the burning surface area remains relatively constant during the burn.,
  subsystem: Combustion,
  id: 69,
  physics_domain: GeneralPhysics
}",DEFINED_AS,564,[Parameter],"{
  network_level: 2,
  knowledge_domain: 燃烧特性,
  importance: 0.8,
  name: Constant thrust with time,
  description: A grain geometry where the burning surface area remains relatively constant during the burn.,
  subsystem: General,
  id: 223,
  physics_domain: GeneralPhysics
}"
411,[Equation],"{
  network_level: 3,
  knowledge_domain: 飞行学基础,
  importance: 0.6,
  name: Rocket equation,
  description: The ideal rocket equation (Tsiolkovsky equation) is Delta_V = C * ln(m_i / m_f), neglecting gravity and drag.,
  subsystem: General,
  id: 70,
  physics_domain: GeneralPhysics
}",RELATES,565,[Parameter],"{
  network_level: 2,
  knowledge_domain: 飞行学基础,
  importance: 0.8,
  name: Velocity gain to Mass ratio,
  description: The ideal rocket equation (Tsiolkovsky equation) is Delta_V = C * ln(m_i / m_f), neglecting gravity and drag.,
  subsystem: General,
  id: 224,
  physics_domain: FluidDynamics
}"
412,[Parameter],"{
  network_level: 2,
  knowledge_domain: 结构质量,
  importance: 0.8,
  name: Initial rocket mass,
  description: m_i = m_PL + m_s + m_p.,
  subsystem: General,
  id: 71,
  physics_domain: GeneralPhysics
}",CONSISTS_OF,566,[Parameter],"{
  network_level: 2,
  knowledge_domain: 结构质量,
  importance: 0.8,
  name: Payload and Structural mass and Propellant mass,
  description: m_i = m_PL + m_s + m_p.,
  subsystem: General,
  id: 225,
  physics_domain: GeneralPhysics
}"
413,[Parameter],"{
  network_level: 2,
  knowledge_domain: 结构质量,
  importance: 0.8,
  name: Structural coefficient,
  description: The structural coefficient (epsilon) is the ratio of the structural mass to the sum of the structural and propellant masses.,
  subsystem: General,
  id: 72,
  physics_domain: GeneralPhysics
}",DEFINED_AS,567,[Parameter],"{
  network_level: 2,
  knowledge_domain: 结构质量,
  importance: 0.8,
  name: Structural mass to Total stage mass,
  description: The structural coefficient (epsilon) is the ratio of the structural mass to the sum of the structural and propellant masses.,
  subsystem: General,
  id: 226,
  physics_domain: GeneralPhysics
}"
414,[Parameter],"{
  network_level: 2,
  knowledge_domain: 系统优化,
  importance: 0.8,
  name: Multistage rocket,
  description: Multistage rockets discard the dead weight of empty tanks and structures of depleted stages to achieve higher final velocities.,
  subsystem: General,
  id: 73,
  physics_domain: GeneralPhysics
}",DROPS,568,[Parameter],"{
  network_level: 2,
  knowledge_domain: 系统优化,
  importance: 0.8,
  name: Empty structural mass,
  description: Multistage rockets discard the dead weight of empty tanks and structures of depleted stages to achieve higher final velocities.,
  subsystem: General,
  id: 227,
  physics_domain: GeneralPhysics
}"
415,[Parameter],"{
  network_level: 2,
  knowledge_domain: 系统优化,
  importance: 0.8,
  name: Payload ratio,
  description: The ratio of the carried payload mass to the initial total mass of that specific rocket stage.,
  subsystem: General,
  id: 74,
  physics_domain: GeneralPhysics
}",DEFINED_AS,569,[Parameter],"{
  network_level: 2,
  knowledge_domain: 系统优化,
  importance: 0.8,
  name: Payload mass to Initial mass,
  description: The ratio of the carried payload mass to the initial total mass of that specific rocket stage.,
  subsystem: General,
  id: 228,
  physics_domain: GeneralPhysics
}"
416,[Equation],"{
  network_level: 3,
  knowledge_domain: 参数循环分析,
  importance: 0.6,
  name: Parametric cycle analysis,
  description: The objective of parametric cycle analysis is to relate the engine performance parameters to the design choices and the flight environment.,
  subsystem: Cycle,
  id: 75,
  physics_domain: GeneralPhysics
}",OBJECTIVE,570,[Parameter],"{
  network_level: 2,
  knowledge_domain: 参数循环分析,
  importance: 0.8,
  name: Determine performance trends,
  description: The objective of parametric cycle analysis is to relate the engine performance parameters to the design choices and the flight environment.,
  subsystem: General,
  id: 229,
  physics_domain: GeneralPhysics
}"
417,[Station],"{
  network_level: 5,
  knowledge_domain: 工程标准,
  importance: 0.3,
  name: Station numbering,
  description: The gas turbine industry utilizes standard station numbering (e.g., 0 for ambient, 2 for compressor inlet, 3 for compressor exit, 4 for turbine inlet, 5 for turbine exit, 9 for nozzle exit).,
  subsystem: General,
  id: 76,
  physics_domain: GeneralPhysics
}",STANDARDIZED_BY,571,[Parameter],"{
  network_level: 2,
  knowledge_domain: 工程标准,
  importance: 0.8,
  name: SAE Aerospace Standard,
  description: The gas turbine industry utilizes standard station numbering (e.g., 0 for ambient, 2 for compressor inlet, 3 for compressor exit, 4 for turbine inlet, 5 for turbine exit, 9 for nozzle exit).,
  subsystem: General,
  id: 230,
  physics_domain: GeneralPhysics
}"
418,[Equation],"{
  network_level: 3,
  knowledge_domain: 循环假设,
  importance: 0.6,
  name: Ideal cycle analysis,
  description: Ideal cycle analysis assumes that the compression and expansion processes are reversible and adiabatic (isentropic).,
  subsystem: Cycle,
  id: 77,
  physics_domain: GeneralPhysics
}",ASSUMES,371,[Parameter],"{
  network_level: 2,
  knowledge_domain: 热力学基础,
  importance: 0.8,
  name: Calorically perfect gas,
  description: A calorically perfect gas is a perfect gas with constant specific heats (c_p and c_v are constants).,
  subsystem: General,
  id: 30,
  physics_domain: GeneralPhysics
}"
418,[Equation],"{
  network_level: 3,
  knowledge_domain: 循环假设,
  importance: 0.6,
  name: Ideal cycle analysis,
  description: Ideal cycle analysis assumes that the compression and expansion processes are reversible and adiabatic (isentropic).,
  subsystem: Cycle,
  id: 77,
  physics_domain: GeneralPhysics
}",ASSUMES,572,[Parameter],"{
  network_level: 2,
  knowledge_domain: 循环假设,
  importance: 0.8,
  name: Isentropic compression and expansion,
  description: Ideal cycle analysis assumes that the compression and expansion processes are reversible and adiabatic (isentropic).,
  subsystem: Compression,
  id: 231,
  physics_domain: GeneralPhysics
}"
418,[Equation],"{
  network_level: 3,
  knowledge_domain: 循环假设,
  importance: 0.6,
  name: Ideal cycle analysis,
  description: Ideal cycle analysis assumes that the compression and expansion processes are reversible and adiabatic (isentropic).,
  subsystem: Cycle,
  id: 77,
  physics_domain: GeneralPhysics
}",ASSUMES,573,[Parameter],"{
  network_level: 2,
  knowledge_domain: 循环假设,
  importance: 0.8,
  name: Constant pressure combustion,
  description: It is assumed that combustion occurs at constant total pressure (no pressure drop in the combustor).,
  subsystem: Combustion,
  id: 232,
  physics_domain: FluidDynamics
}"
418,[Equation],"{
  network_level: 3,
  knowledge_domain: 循环假设,
  importance: 0.6,
  name: Ideal cycle analysis,
  description: Ideal cycle analysis assumes that the compression and expansion processes are reversible and adiabatic (isentropic).,
  subsystem: Cycle,
  id: 77,
  physics_domain: GeneralPhysics
}",NEGLECTS,574,[Parameter],"{
  network_level: 2,
  knowledge_domain: 循环假设,
  importance: 0.8,
  name: Fuel mass flow rate,
  description: The mass flow rate of fuel is neglected relative to the air mass flow rate in ideal performance matching (m_dot_f << m_dot_a).,
  subsystem: General,
  id: 233,
  physics_domain: FluidDynamics
}"
418,[Equation],"{
  network_level: 3,
  knowledge_domain: 循环假设,
  importance: 0.6,
  name: Ideal cycle analysis,
  description: Ideal cycle analysis assumes that the compression and expansion processes are reversible and adiabatic (isentropic).,
  subsystem: Cycle,
  id: 77,
  physics_domain: GeneralPhysics
}",EVOLVES_INTO,469,[Equation],"{
  network_level: 3,
  knowledge_domain: 真实循环分析,
  importance: 0.6,
  name: Real cycle analysis,
  description: Real engine cycle analysis incorporates component efficiencies, pressure losses, mechanical losses, and bleeding to predict realistic performance.,
  subsystem: Cycle,
  id: 128,
  physics_domain: GeneralPhysics
}"
419,[Parameter],"{
  network_level: 2,
  knowledge_domain: 热力学参数,
  importance: 0.8,
  name: Total temperature ratio tau,
  description: The dimensionless parameter tau represents the ratio of stagnation temperatures across a component.,
  subsystem: General,
  id: 78,
  physics_domain: Thermodynamics
}",USED_IN,416,[Equation],"{
  network_level: 3,
  knowledge_domain: 参数循环分析,
  importance: 0.6,
  name: Parametric cycle analysis,
  description: The objective of parametric cycle analysis is to relate the engine performance parameters to the design choices and the flight environment.,
  subsystem: Cycle,
  id: 75,
  physics_domain: GeneralPhysics
}"
419,[Parameter],"{
  network_level: 2,
  knowledge_domain: 热力学参数,
  importance: 0.8,
  name: Total temperature ratio tau,
  description: The dimensionless parameter tau represents the ratio of stagnation temperatures across a component.,
  subsystem: General,
  id: 78,
  physics_domain: Thermodynamics
}",USED_IN,418,[Equation],"{
  network_level: 3,
  knowledge_domain: 循环假设,
  importance: 0.6,
  name: Ideal cycle analysis,
  description: Ideal cycle analysis assumes that the compression and expansion processes are reversible and adiabatic (isentropic).,
  subsystem: Cycle,
  id: 77,
  physics_domain: GeneralPhysics
}"
419,[Parameter],"{
  network_level: 2,
  knowledge_domain: 热力学参数,
  importance: 0.8,
  name: Total temperature ratio tau,
  description: The dimensionless parameter tau represents the ratio of stagnation temperatures across a component.,
  subsystem: General,
  id: 78,
  physics_domain: Thermodynamics
}",USED_IN,463,[Equation],"{
  network_level: 3,
  knowledge_domain: 动力循环,
  importance: 0.6,
  name: Liquid rocket cycle,
  description: Liquid rocket engine cycles are classified into pressure-fed systems or pump-fed systems based on how propellants are pressurized.,
  subsystem: Cycle,
  id: 122,
  physics_domain: GeneralPhysics
}"
419,[Parameter],"{
  network_level: 2,
  knowledge_domain: 热力学参数,
  importance: 0.8,
  name: Total temperature ratio tau,
  description: The dimensionless parameter tau represents the ratio of stagnation temperatures across a component.,
  subsystem: General,
  id: 78,
  physics_domain: Thermodynamics
}",USED_IN,464,[Equation],"{
  network_level: 3,
  knowledge_domain: 动力循环,
  importance: 0.6,
  name: Pump-fed cycle,
  description: A pump-fed open cycle where a fraction of the propellant is burned in a separate combustor to drive the turbine and is then exhausted overboard.,
  subsystem: Cycle,
  id: 123,
  physics_domain: GeneralPhysics
}"
419,[Parameter],"{
  network_level: 2,
  knowledge_domain: 热力学参数,
  importance: 0.8,
  name: Total temperature ratio tau,
  description: The dimensionless parameter tau represents the ratio of stagnation temperatures across a component.,
  subsystem: General,
  id: 78,
  physics_domain: Thermodynamics
}",USED_IN,465,[Equation],"{
  network_level: 3,
  knowledge_domain: 动力循环,
  importance: 0.6,
  name: Gas-generator cycle,
  description: The gas generator must operate off-stoichiometric (extremely fuel-rich or oxidizer-rich) to prevent melting the turbine blades.,
  subsystem: Cycle,
  id: 124,
  physics_domain: GeneralPhysics
}"
419,[Parameter],"{
  network_level: 2,
  knowledge_domain: 热力学参数,
  importance: 0.8,
  name: Total temperature ratio tau,
  description: The dimensionless parameter tau represents the ratio of stagnation temperatures across a component.,
  subsystem: General,
  id: 78,
  physics_domain: Thermodynamics
}",USED_IN,466,[Equation],"{
  network_level: 3,
  knowledge_domain: 动力循环,
  importance: 0.6,
  name: Staged combustion cycle,
  description: Because the turbine exhaust is injected into the main chamber rather than dumped at low pressure, it allows extremely high chamber pressures (P_c) and higher efficiency.,
  subsystem: Combustion,
  id: 125,
  physics_domain: GeneralPhysics
}"
419,[Parameter],"{
  network_level: 2,
  knowledge_domain: 热力学参数,
  importance: 0.8,
  name: Total temperature ratio tau,
  description: The dimensionless parameter tau represents the ratio of stagnation temperatures across a component.,
  subsystem: General,
  id: 78,
  physics_domain: Thermodynamics
}",USED_IN,469,[Equation],"{
  network_level: 3,
  knowledge_domain: 真实循环分析,
  importance: 0.6,
  name: Real cycle analysis,
  description: Real engine cycle analysis incorporates component efficiencies, pressure losses, mechanical losses, and bleeding to predict realistic performance.,
  subsystem: Cycle,
  id: 128,
  physics_domain: GeneralPhysics
}"
419,[Parameter],"{
  network_level: 2,
  knowledge_domain: 热力学参数,
  importance: 0.8,
  name: Total temperature ratio tau,
  description: The dimensionless parameter tau represents the ratio of stagnation temperatures across a component.,
  subsystem: General,
  id: 78,
  physics_domain: Thermodynamics
}",USED_IN,621,[Equation],"{
  network_level: 3,
  knowledge_domain: 动力循环,
  importance: 0.6,
  name: Pressure-fed cycle,
  description: Liquid rocket engine cycles are classified into pressure-fed systems or pump-fed systems based on how propellants are pressurized.,
  subsystem: Cycle,
  id: 280,
  physics_domain: FluidDynamics
}"
419,[Parameter],"{
  network_level: 2,
  knowledge_domain: 热力学参数,
  importance: 0.8,
  name: Total temperature ratio tau,
  description: The dimensionless parameter tau represents the ratio of stagnation temperatures across a component.,
  subsystem: General,
  id: 78,
  physics_domain: Thermodynamics
}",USED_IN,622,[Equation],"{
  network_level: 3,
  knowledge_domain: 动力循环,
  importance: 0.6,
  name: Expander cycle,
  description: A closed cycle where fuel is vaporized in the cooling jacket and then routes directly through the turbine to drive the pumps before entering the injector.,
  subsystem: Cycle,
  id: 281,
  physics_domain: GeneralPhysics
}"
419,[Parameter],"{
  network_level: 2,
  knowledge_domain: 热力学参数,
  importance: 0.8,
  name: Total temperature ratio tau,
  description: The dimensionless parameter tau represents the ratio of stagnation temperatures across a component.,
  subsystem: General,
  id: 78,
  physics_domain: Thermodynamics
}",USED_IN,663,[Equation],"{
  network_level: 3,
  knowledge_domain: CrossDomain,
  importance: 0.6,
  name: Ideal Brayton cycle,
  description: The realistic engine cycle analysis (Chapter 7) modifies the ideal Brayton cycle (Chapter 4) by incorporating polytropic efficiencies and pressure drops (Chapter 5).,
  subsystem: Cycle,
  id: 322,
  physics_domain: GeneralPhysics
}"
419,[Parameter],"{
  network_level: 2,
  knowledge_domain: 热力学参数,
  importance: 0.8,
  name: Total temperature ratio tau,
  description: The dimensionless parameter tau represents the ratio of stagnation temperatures across a component.,
  subsystem: General,
  id: 78,
  physics_domain: Thermodynamics
}",DEFINED_AS,575,[Component],"{
  network_level: 1,
  knowledge_domain: 热力学参数,
  importance: 1.0,
  name: Exit total temperature over Inlet total temperature,
  description: The dimensionless parameter tau represents the ratio of stagnation temperatures across a component.,
  subsystem: General,
  id: 234,
  physics_domain: Thermodynamics
}"
420,[Parameter],"{
  network_level: 2,
  knowledge_domain: 热力学参数,
  importance: 0.8,
  name: Total pressure ratio pi,
  description: The dimensionless parameter pi represents the ratio of stagnation pressures across a component.,
  subsystem: General,
  id: 79,
  physics_domain: FluidDynamics
}",USED_IN,663,[Equation],"{
  network_level: 3,
  knowledge_domain: CrossDomain,
  importance: 0.6,
  name: Ideal Brayton cycle,
  description: The realistic engine cycle analysis (Chapter 7) modifies the ideal Brayton cycle (Chapter 4) by incorporating polytropic efficiencies and pressure drops (Chapter 5).,
  subsystem: Cycle,
  id: 322,
  physics_domain: GeneralPhysics
}"
420,[Parameter],"{
  network_level: 2,
  knowledge_domain: 热力学参数,
  importance: 0.8,
  name: Total pressure ratio pi,
  description: The dimensionless parameter pi represents the ratio of stagnation pressures across a component.,
  subsystem: General,
  id: 79,
  physics_domain: FluidDynamics
}",DEFINED_AS,576,[Component],"{
  network_level: 1,
  knowledge_domain: 热力学参数,
  importance: 1.0,
  name: Exit total pressure over Inlet total pressure,
  description: The dimensionless parameter pi represents the ratio of stagnation pressures across a component.,
  subsystem: General,
  id: 235,
  physics_domain: FluidDynamics
}"
420,[Parameter],"{
  network_level: 2,
  knowledge_domain: 热力学参数,
  importance: 0.8,
  name: Total pressure ratio pi,
  description: The dimensionless parameter pi represents the ratio of stagnation pressures across a component.,
  subsystem: General,
  id: 79,
  physics_domain: FluidDynamics
}",AFFECTED_BY,628,[BoundaryCondition],"{
  network_level: 4,
  knowledge_domain: 真实循环分析,
  importance: 0.5,
  name: Viscous and shock losses,
  description: In real engines, component total pressure ratios (like pi_d, pi_b, pi_n) are less than 1.0 due to friction and shock waves.,
  subsystem: General,
  id: 287,
  physics_domain: GeneralPhysics
}"
421,[Parameter],"{
  network_level: 2,
  knowledge_domain: 热力学关系,
  importance: 0.8,
  name: Isentropic component,
  description: For ideal isentropic components (compressor or turbine), the total pressure ratio and total temperature ratio are directly coupled.,
  subsystem: General,
  id: 80,
  physics_domain: GeneralPhysics
}",OBEYS,577,[Parameter],"{
  network_level: 2,
  knowledge_domain: 热力学关系,
  importance: 0.8,
  name: Pi equals tau to power of gamma over gamma-1,
  description: For ideal isentropic components (compressor or turbine), the total pressure ratio and total temperature ratio are directly coupled.,
  subsystem: General,
  id: 236,
  physics_domain: GeneralPhysics
}"
422,[Parameter],"{
  network_level: 2,
  knowledge_domain: 发动机特性,
  importance: 0.8,
  name: Ideal turbojet,
  description: For a given maximum turbine inlet temperature, the specific thrust of an ideal turbojet drops to zero at a specific upper flight Mach number limit.,
  subsystem: General,
  id: 81,
  physics_domain: GeneralPhysics
}",HAS_ZERO_THRUST_AT,578,[BoundaryCondition],"{
  network_level: 4,
  knowledge_domain: 发动机特性,
  importance: 0.5,
  name: High Mach limit,
  description: For a given maximum turbine inlet temperature, the specific thrust of an ideal turbojet drops to zero at a specific upper flight Mach number limit.,
  subsystem: General,
  id: 237,
  physics_domain: FluidDynamics
}"
423,[Component],"{
  network_level: 1,
  knowledge_domain: 发动机变体,
  importance: 1.0,
  name: Ideal afterburner,
  description: An afterburner increases the total temperature of the gas entering the exhaust nozzle without affecting the turbomachinery core.,
  subsystem: Combustion,
  id: 82,
  physics_domain: GeneralPhysics
}",INCREASES,357,[Parameter],"{
  network_level: 2,
  knowledge_domain: 性能指标,
  importance: 0.8,
  name: Thrust specific fuel consumption,
  description: Thrust specific fuel consumption (TSFC or S) is defined as the mass flow rate of fuel divided by the thrust.,
  subsystem: General,
  id: 16,
  physics_domain: GeneralPhysics
}"
423,[Component],"{
  network_level: 1,
  knowledge_domain: 发动机变体,
  importance: 1.0,
  name: Ideal afterburner,
  description: An afterburner increases the total temperature of the gas entering the exhaust nozzle without affecting the turbomachinery core.,
  subsystem: Combustion,
  id: 82,
  physics_domain: GeneralPhysics
}",INCREASES,362,[Parameter],"{
  network_level: 2,
  knowledge_domain: 性能指标,
  importance: 0.8,
  name: Specific thrust,
  description: Specific thrust is the thrust produced per unit mass flow rate of air entering the engine.,
  subsystem: General,
  id: 21,
  physics_domain: GeneralPhysics
}"
423,[Component],"{
  network_level: 1,
  knowledge_domain: 发动机变体,
  importance: 1.0,
  name: Ideal afterburner,
  description: An afterburner increases the total temperature of the gas entering the exhaust nozzle without affecting the turbomachinery core.,
  subsystem: Combustion,
  id: 82,
  physics_domain: GeneralPhysics
}",INCREASES,580,[Component],"{
  network_level: 1,
  knowledge_domain: 发动机变体,
  importance: 1.0,
  name: Stagnation temperature at nozzle,
  description: An afterburner increases the total temperature of the gas entering the exhaust nozzle without affecting the turbomachinery core.,
  subsystem: Exhaust,
  id: 239,
  physics_domain: Thermodynamics
}"
424,[Parameter],"{
  network_level: 2,
  knowledge_domain: 发动机变体,
  importance: 0.8,
  name: Ideal turbofan,
  description: A turbofan engine divides the incoming air into a primary core stream and a secondary bypass stream.,
  subsystem: General,
  id: 83,
  physics_domain: GeneralPhysics
}",SPLITS_FLOW_INTO,581,[Parameter],"{
  network_level: 2,
  knowledge_domain: 发动机变体,
  importance: 0.8,
  name: Core flow and Bypass flow,
  description: A turbofan engine divides the incoming air into a primary core stream and a secondary bypass stream.,
  subsystem: General,
  id: 240,
  physics_domain: FluidDynamics
}"
424,[Parameter],"{
  network_level: 2,
  knowledge_domain: 发动机变体,
  importance: 0.8,
  name: Ideal turbofan,
  description: A turbofan engine divides the incoming air into a primary core stream and a secondary bypass stream.,
  subsystem: General,
  id: 83,
  physics_domain: GeneralPhysics
}",HAS_LOWER_TSFC_THAN,422,[Parameter],"{
  network_level: 2,
  knowledge_domain: 发动机特性,
  importance: 0.8,
  name: Ideal turbojet,
  description: For a given maximum turbine inlet temperature, the specific thrust of an ideal turbojet drops to zero at a specific upper flight Mach number limit.,
  subsystem: General,
  id: 81,
  physics_domain: GeneralPhysics
}"
425,[Parameter],"{
  network_level: 2,
  knowledge_domain: 性能指标,
  importance: 0.8,
  name: Bypass ratio alpha,
  description: alpha = m_dot_bypass / m_dot_core.,
  subsystem: General,
  id: 84,
  physics_domain: GeneralPhysics
}",DEFINED_AS,582,[Parameter],"{
  network_level: 2,
  knowledge_domain: 性能指标,
  importance: 0.8,
  name: Bypass mass flow divided by Core mass flow,
  description: alpha = m_dot_bypass / m_dot_core.,
  subsystem: General,
  id: 241,
  physics_domain: FluidDynamics
}"
426,[Component],"{
  network_level: 1,
  knowledge_domain: 部件关系,
  importance: 1.0,
  name: Fan turbine,
  description: In a turbofan, a low-pressure turbine extracts energy from the core flow to drive the fan.,
  subsystem: Expansion,
  id: 85,
  physics_domain: GeneralPhysics
}",DRIVES,502,[Parameter],"{
  network_level: 2,
  knowledge_domain: 结构组成,
  importance: 0.8,
  name: Fan,
  description: A turbofan engine adds a fan driven by an additional turbine stage or a separate spool.,
  subsystem: General,
  id: 161,
  physics_domain: GeneralPhysics
}"
426,[Component],"{
  network_level: 1,
  knowledge_domain: 部件关系,
  importance: 1.0,
  name: Fan turbine,
  description: In a turbofan, a low-pressure turbine extracts energy from the core flow to drive the fan.,
  subsystem: Expansion,
  id: 85,
  physics_domain: GeneralPhysics
}",AFFECTS,359,[Parameter],"{
  network_level: 2,
  knowledge_domain: 性能指标,
  importance: 0.8,
  name: Thermal efficiency,
  description: Thermal efficiency is the ratio of the rate of kinetic energy production to the thermal power input from fuel.,
  subsystem: General,
  id: 18,
  physics_domain: GeneralPhysics
}"
426,[Component],"{
  network_level: 1,
  knowledge_domain: 部件关系,
  importance: 1.0,
  name: Fan turbine,
  description: In a turbofan, a low-pressure turbine extracts energy from the core flow to drive the fan.,
  subsystem: Expansion,
  id: 85,
  physics_domain: GeneralPhysics
}",AFFECTS,360,[Parameter],"{
  network_level: 2,
  knowledge_domain: 性能指标,
  importance: 0.8,
  name: Propulsive efficiency,
  description: Propulsive efficiency measures how effectively the engine's kinetic energy output is converted into aircraft propulsive power.,
  subsystem: General,
  id: 19,
  physics_domain: GeneralPhysics
}"
426,[Component],"{
  network_level: 1,
  knowledge_domain: 部件关系,
  importance: 1.0,
  name: Fan turbine,
  description: In a turbofan, a low-pressure turbine extracts energy from the core flow to drive the fan.,
  subsystem: Expansion,
  id: 85,
  physics_domain: GeneralPhysics
}",AFFECTS,361,[Parameter],"{
  network_level: 2,
  knowledge_domain: 性能指标,
  importance: 0.8,
  name: Overall efficiency,
  description: The overall efficiency of a propulsion system is the product of its thermal and propulsive efficiencies.,
  subsystem: General,
  id: 20,
  physics_domain: GeneralPhysics
}"
426,[Component],"{
  network_level: 1,
  knowledge_domain: 部件关系,
  importance: 1.0,
  name: Fan turbine,
  description: In a turbofan, a low-pressure turbine extracts energy from the core flow to drive the fan.,
  subsystem: Expansion,
  id: 85,
  physics_domain: GeneralPhysics
}",AFFECTS,436,[Parameter],"{
  network_level: 2,
  knowledge_domain: 效率理论,
  importance: 0.8,
  name: Polytropic efficiency,
  description: Polytropic efficiency (e_c for compressor, e_t for turbine) is defined as the isentropic efficiency of an elemental or infinitesimal stage.,
  subsystem: General,
  id: 95,
  physics_domain: GeneralPhysics
}"
426,[Component],"{
  network_level: 1,
  knowledge_domain: 部件关系,
  importance: 1.0,
  name: Fan turbine,
  description: In a turbofan, a low-pressure turbine extracts energy from the core flow to drive the fan.,
  subsystem: Expansion,
  id: 85,
  physics_domain: GeneralPhysics
}",AFFECTS,456,[Parameter],"{
  network_level: 2,
  knowledge_domain: 燃烧损失,
  importance: 0.8,
  name: Combustion efficiency,
  description: Combustion efficiency is often expressed as the ratio of actual characteristic velocity (c*_actual) to the theoretical characteristic velocity (c*_theoretical).,
  subsystem: Combustion,
  id: 115,
  physics_domain: GeneralPhysics
}"
426,[Component],"{
  network_level: 1,
  knowledge_domain: 部件关系,
  importance: 1.0,
  name: Fan turbine,
  description: In a turbofan, a low-pressure turbine extracts energy from the core flow to drive the fan.,
  subsystem: Expansion,
  id: 85,
  physics_domain: GeneralPhysics
}",AFFECTS,471,[Parameter],"{
  network_level: 2,
  knowledge_domain: 涡喷循环,
  importance: 0.8,
  name: Real turbojet efficiency,
  description: Irreversibilities in the compressor and turbine increase entropy, directly decreasing the specific thrust and increasing the TSFC.,
  subsystem: General,
  id: 130,
  physics_domain: GeneralPhysics
}"
426,[Component],"{
  network_level: 1,
  knowledge_domain: 部件关系,
  importance: 1.0,
  name: Fan turbine,
  description: In a turbofan, a low-pressure turbine extracts energy from the core flow to drive the fan.,
  subsystem: Expansion,
  id: 85,
  physics_domain: GeneralPhysics
}",AFFECTS,477,[Parameter],"{
  network_level: 2,
  knowledge_domain: 部件匹配,
  importance: 0.8,
  name: Mixer efficiency,
  description: Aerodynamic mixing of streams with different total temperatures and velocities introduces viscous shearing losses, reducing overall total pressure.,
  subsystem: General,
  id: 136,
  physics_domain: GeneralPhysics
}"
426,[Component],"{
  network_level: 1,
  knowledge_domain: 部件关系,
  importance: 1.0,
  name: Fan turbine,
  description: In a turbofan, a low-pressure turbine extracts energy from the core flow to drive the fan.,
  subsystem: Expansion,
  id: 85,
  physics_domain: GeneralPhysics
}",AFFECTS,480,[Parameter],"{
  network_level: 2,
  knowledge_domain: 性能指标,
  importance: 0.8,
  name: Propeller efficiency eta_prop,
  description: The efficiency with which the propeller converts the brake shaft horsepower into effective aircraft propulsive power.,
  subsystem: General,
  id: 139,
  physics_domain: GeneralPhysics
}"
426,[Component],"{
  network_level: 1,
  knowledge_domain: 部件关系,
  importance: 1.0,
  name: Fan turbine,
  description: In a turbofan, a low-pressure turbine extracts energy from the core flow to drive the fan.,
  subsystem: Expansion,
  id: 85,
  physics_domain: GeneralPhysics
}",AFFECTS,514,[Parameter],"{
  network_level: 2,
  knowledge_domain: 性能指标,
  importance: 0.8,
  name: Thermal efficiency and Propulsive efficiency,
  description: The overall efficiency of a propulsion system is the product of its thermal and propulsive efficiencies.,
  subsystem: General,
  id: 173,
  physics_domain: GeneralPhysics
}"
426,[Component],"{
  network_level: 1,
  knowledge_domain: 部件关系,
  importance: 1.0,
  name: Fan turbine,
  description: In a turbofan, a low-pressure turbine extracts energy from the core flow to drive the fan.,
  subsystem: Expansion,
  id: 85,
  physics_domain: GeneralPhysics
}",AFFECTS,590,[Parameter],"{
  network_level: 2,
  knowledge_domain: 压气机特性,
  importance: 0.8,
  name: Isentropic efficiency eta_c,
  description: The isentropic compressor efficiency eta_c is defined as the ratio of ideal (isentropic) work to the actual work required for a given total pressure ratio.,
  subsystem: General,
  id: 249,
  physics_domain: GeneralPhysics
}"
426,[Component],"{
  network_level: 1,
  knowledge_domain: 部件关系,
  importance: 1.0,
  name: Fan turbine,
  description: In a turbofan, a low-pressure turbine extracts energy from the core flow to drive the fan.,
  subsystem: Expansion,
  id: 85,
  physics_domain: GeneralPhysics
}",AFFECTS,591,[Parameter],"{
  network_level: 2,
  knowledge_domain: 压气机特性,
  importance: 0.8,
  name: Isentropic efficiency and Total pressure ratio,
  description: tau_c = 1 + (pi_c^((gamma-1)/gamma) - 1) / eta_c, which links actual temperature rise to pressure ratio.,
  subsystem: General,
  id: 250,
  physics_domain: FluidDynamics
}"
426,[Component],"{
  network_level: 1,
  knowledge_domain: 部件关系,
  importance: 1.0,
  name: Fan turbine,
  description: In a turbofan, a low-pressure turbine extracts energy from the core flow to drive the fan.,
  subsystem: Expansion,
  id: 85,
  physics_domain: GeneralPhysics
}",AFFECTS,592,[Parameter],"{
  network_level: 2,
  knowledge_domain: 效率理论,
  importance: 0.8,
  name: Isentropic efficiency of an infinitesimal stage,
  description: Polytropic efficiency (e_c for compressor, e_t for turbine) is defined as the isentropic efficiency of an elemental or infinitesimal stage.,
  subsystem: General,
  id: 251,
  physics_domain: GeneralPhysics
}"
426,[Component],"{
  network_level: 1,
  knowledge_domain: 部件关系,
  importance: 1.0,
  name: Fan turbine,
  description: In a turbofan, a low-pressure turbine extracts energy from the core flow to drive the fan.,
  subsystem: Expansion,
  id: 85,
  physics_domain: GeneralPhysics
}",AFFECTS,594,[Parameter],"{
  network_level: 2,
  knowledge_domain: 涡轮特性,
  importance: 0.8,
  name: Isentropic efficiency eta_t,
  description: The isentropic turbine efficiency eta_t is defined as the ratio of actual work output to the ideal (isentropic) work output for a given total pressure ratio.,
  subsystem: General,
  id: 253,
  physics_domain: GeneralPhysics
}"
426,[Component],"{
  network_level: 1,
  knowledge_domain: 部件关系,
  importance: 1.0,
  name: Fan turbine,
  description: In a turbofan, a low-pressure turbine extracts energy from the core flow to drive the fan.,
  subsystem: Expansion,
  id: 85,
  physics_domain: GeneralPhysics
}",AFFECTS,595,[Parameter],"{
  network_level: 2,
  knowledge_domain: 燃烧室特性,
  importance: 0.8,
  name: Combustion efficiency eta_b,
  description: Combustion efficiency eta_b is the ratio of the actual thermal energy released to the chemical energy available in the fuel.,
  subsystem: Combustion,
  id: 254,
  physics_domain: GeneralPhysics
}"
426,[Component],"{
  network_level: 1,
  knowledge_domain: 部件关系,
  importance: 1.0,
  name: Fan turbine,
  description: In a turbofan, a low-pressure turbine extracts energy from the core flow to drive the fan.,
  subsystem: Expansion,
  id: 85,
  physics_domain: GeneralPhysics
}",AFFECTS,600,[Parameter],"{
  network_level: 2,
  knowledge_domain: 机械传动,
  importance: 0.8,
  name: Mechanical efficiency eta_m,
  description: Mechanical efficiency eta_m accounts for frictional power losses in bearings and accessory gearboxes connecting the turbine and compressor shafts.,
  subsystem: General,
  id: 259,
  physics_domain: GeneralPhysics
}"
427,[Parameter],"{
  network_level: 2,
  knowledge_domain: 性能优化,
  importance: 0.8,
  name: Optimum bypass ratio,
  description: There exists an mathematically optimum bypass ratio for a given core design that yields the absolute minimum TSFC.,
  subsystem: General,
  id: 86,
  physics_domain: GeneralPhysics
}",MINIMIZED,357,[Parameter],"{
  network_level: 2,
  knowledge_domain: 性能指标,
  importance: 0.8,
  name: Thrust specific fuel consumption,
  description: Thrust specific fuel consumption (TSFC or S) is defined as the mass flow rate of fuel divided by the thrust.,
  subsystem: General,
  id: 16,
  physics_domain: GeneralPhysics
}"
427,[Parameter],"{
  network_level: 2,
  knowledge_domain: 性能优化,
  importance: 0.8,
  name: Optimum bypass ratio,
  description: There exists an mathematically optimum bypass ratio for a given core design that yields the absolute minimum TSFC.,
  subsystem: General,
  id: 86,
  physics_domain: GeneralPhysics
}",SHIFTS_WITH,640,[Parameter],"{
  network_level: 2,
  knowledge_domain: 性能优化,
  importance: 0.8,
  name: Component efficiencies,
  description: Lower component efficiencies (like lower fan or turbine efficiency) shift the optimum bypass ratio (alpha) toward lower values compared to ideal cycles.,
  subsystem: General,
  id: 299,
  physics_domain: GeneralPhysics
}"
428,[Parameter],"{
  network_level: 2,
  knowledge_domain: 发动机特性,
  importance: 0.8,
  name: Ideal ramjet,
  description: A ramjet engine has no compressor or turbine; compression is achieved entirely through the dynamic pressure rise in the inlet.,
  subsystem: General,
  id: 87,
  physics_domain: GeneralPhysics
}",PRODUCES,584,[Parameter],"{
  network_level: 2,
  knowledge_domain: 发动机特性,
  importance: 0.8,
  name: Zero static thrust,
  description: An ideal ramjet cannot produce any thrust at zero flight velocity (Mach = 0) because it lacks a mechanical compressor.,
  subsystem: General,
  id: 243,
  physics_domain: GeneralPhysics
}"
428,[Parameter],"{
  network_level: 2,
  knowledge_domain: 发动机特性,
  importance: 0.8,
  name: Ideal ramjet,
  description: A ramjet engine has no compressor or turbine; compression is achieved entirely through the dynamic pressure rise in the inlet.,
  subsystem: General,
  id: 87,
  physics_domain: GeneralPhysics
}",HAS_NO,583,[Parameter],"{
  network_level: 2,
  knowledge_domain: 发动机特性,
  importance: 0.8,
  name: Turbomachinery,
  description: A ramjet engine has no compressor or turbine; compression is achieved entirely through the dynamic pressure rise in the inlet.,
  subsystem: General,
  id: 242,
  physics_domain: FluidDynamics
}"
429,[Parameter],"{
  network_level: 2,
  knowledge_domain: 性能优化,
  importance: 0.8,
  name: Optimal turbofan energy distribution,
  description: For an unmixed ideal turbofan, the optimum kinetic energy distribution occurs when the exit velocity of the bypass nozzle equals the exit velocity of the core nozzle.,
  subsystem: General,
  id: 88,
  physics_domain: GeneralPhysics
}",REQUIRES,585,[Parameter],"{
  network_level: 2,
  knowledge_domain: 性能优化,
  importance: 0.8,
  name: Bypass and Core exit velocities to be equal,
  description: For an unmixed ideal turbofan, the optimum kinetic energy distribution occurs when the exit velocity of the bypass nozzle equals the exit velocity of the core nozzle.,
  subsystem: General,
  id: 244,
  physics_domain: GeneralPhysics
}"
430,[Parameter],"{
  network_level: 2,
  knowledge_domain: 真实部件特性,
  importance: 0.8,
  name: Real component performance,
  description: The performance of real components is characterized by total temperature ratios, total pressure ratios, efficiencies, and pressure losses.,
  subsystem: General,
  id: 89,
  physics_domain: GeneralPhysics
}",QUANTIFIED_BY,586,[Parameter],"{
  network_level: 2,
  knowledge_domain: 真实部件特性,
  importance: 0.8,
  name: Component efficiencies and Total pressure ratios,
  description: The performance of real components is characterized by total temperature ratios, total pressure ratios, efficiencies, and pressure losses.,
  subsystem: General,
  id: 245,
  physics_domain: FluidDynamics
}"
431,[Component],"{
  network_level: 1,
  knowledge_domain: 进气道特性,
  importance: 1.0,
  name: Inlet,
  description: The performance of the inlet (or diffuser) is primarily characterized by its total pressure ratio, pi_d = P_t2 / P_t0, also called the inlet recovery factor.,
  subsystem: General,
  id: 90,
  physics_domain: GeneralPhysics
}",CHARACTERIZED_BY,587,[Parameter],"{
  network_level: 2,
  knowledge_domain: 进气道特性,
  importance: 0.8,
  name: Total pressure ratio pi_d,
  description: The performance of the inlet (or diffuser) is primarily characterized by its total pressure ratio, pi_d = P_t2 / P_t0, also called the inlet recovery factor.,
  subsystem: General,
  id: 246,
  physics_domain: FluidDynamics
}"
432,[Component],"{
  network_level: 1,
  knowledge_domain: 进气道特性,
  importance: 1.0,
  name: Inlet ram recovery,
  description: Military specifications (like MIL-E-5007D) define standard inlet recovery curves that decrease as the flight Mach number increases above 1.0.,
  subsystem: General,
  id: 91,
  physics_domain: GeneralPhysics
}",DEPENDS_ON,588,[Parameter],"{
  network_level: 2,
  knowledge_domain: 进气道特性,
  importance: 0.8,
  name: Flight Mach number,
  description: Military specifications (like MIL-E-5007D) define standard inlet recovery curves that decrease as the flight Mach number increases above 1.0.,
  subsystem: General,
  id: 247,
  physics_domain: FluidDynamics
}"
433,[Component],"{
  network_level: 1,
  knowledge_domain: 进气道特性,
  importance: 1.0,
  name: Inlet mass flow ratio,
  description: The ratio of the actual mass flow entered into the inlet to the maximum possible mass flow that the capture area can intercept.,
  subsystem: General,
  id: 92,
  physics_domain: FluidDynamics
}",DEFINED_AS,589,[Parameter],"{
  network_level: 2,
  knowledge_domain: 进气道特性,
  importance: 0.8,
  name: Capture area air mass flow to Maximum air mass flow,
  description: The ratio of the actual mass flow entered into the inlet to the maximum possible mass flow that the capture area can intercept.,
  subsystem: General,
  id: 248,
  physics_domain: FluidDynamics
}"
434,[Component],"{
  network_level: 1,
  knowledge_domain: 压气机特性,
  importance: 1.0,
  name: Compressor,
  description: The isentropic compressor efficiency eta_c is defined as the ratio of ideal (isentropic) work to the actual work required for a given total pressure ratio.,
  subsystem: Compression,
  id: 93,
  physics_domain: GeneralPhysics
}",AFFECTS,378,[Parameter],"{
  network_level: 2,
  knowledge_domain: 热力学属性,
  importance: 0.8,
  name: Stagnation pressure,
  description: Stagnation pressure (or total pressure) P_t is the pressure attained when a fluid is brought to rest isentropically.,
  subsystem: General,
  id: 37,
  physics_domain: FluidDynamics
}"
434,[Component],"{
  network_level: 1,
  knowledge_domain: 压气机特性,
  importance: 1.0,
  name: Compressor,
  description: The isentropic compressor efficiency eta_c is defined as the ratio of ideal (isentropic) work to the actual work required for a given total pressure ratio.,
  subsystem: Compression,
  id: 93,
  physics_domain: GeneralPhysics
}",AFFECTS,393,[Parameter],"{
  network_level: 2,
  knowledge_domain: 性能指标,
  importance: 0.8,
  name: Pressure thrust,
  description: The component of thrust due to the difference between exit pressure and ambient pressure ((P_e - P_a) * A_e).,
  subsystem: General,
  id: 52,
  physics_domain: FluidDynamics
}"
434,[Component],"{
  network_level: 1,
  knowledge_domain: 压气机特性,
  importance: 1.0,
  name: Compressor,
  description: The isentropic compressor efficiency eta_c is defined as the ratio of ideal (isentropic) work to the actual work required for a given total pressure ratio.,
  subsystem: Compression,
  id: 93,
  physics_domain: GeneralPhysics
}",AFFECTS,420,[Parameter],"{
  network_level: 2,
  knowledge_domain: 热力学参数,
  importance: 0.8,
  name: Total pressure ratio pi,
  description: The dimensionless parameter pi represents the ratio of stagnation pressures across a component.,
  subsystem: General,
  id: 79,
  physics_domain: FluidDynamics
}"
434,[Component],"{
  network_level: 1,
  knowledge_domain: 压气机特性,
  importance: 1.0,
  name: Compressor,
  description: The isentropic compressor efficiency eta_c is defined as the ratio of ideal (isentropic) work to the actual work required for a given total pressure ratio.,
  subsystem: Compression,
  id: 93,
  physics_domain: GeneralPhysics
}",AFFECTS,451,[Parameter],"{
  network_level: 2,
  knowledge_domain: 推力室特性,
  importance: 0.8,
  name: Combustion chamber pressure,
  description: Due to high-velocity combustion and friction inside the chamber, the total pressure drops from the injector head to the nozzle throat entrance.,
  subsystem: Combustion,
  id: 110,
  physics_domain: FluidDynamics
}"
434,[Component],"{
  network_level: 1,
  knowledge_domain: 压气机特性,
  importance: 1.0,
  name: Compressor,
  description: The isentropic compressor efficiency eta_c is defined as the ratio of ideal (isentropic) work to the actual work required for a given total pressure ratio.,
  subsystem: Compression,
  id: 93,
  physics_domain: GeneralPhysics
}",AFFECTS,476,[Parameter],"{
  network_level: 2,
  knowledge_domain: 部件匹配,
  importance: 0.8,
  name: Constant-pressure mixer,
  description: For proper aerodynamic mixing, the core and bypass streams must enter the mixer at substantially equal static pressures (P_5 = P_15).,
  subsystem: General,
  id: 135,
  physics_domain: FluidDynamics
}"
434,[Component],"{
  network_level: 1,
  knowledge_domain: 压气机特性,
  importance: 1.0,
  name: Compressor,
  description: The isentropic compressor efficiency eta_c is defined as the ratio of ideal (isentropic) work to the actual work required for a given total pressure ratio.,
  subsystem: Compression,
  id: 93,
  physics_domain: GeneralPhysics
}",AFFECTS,478,[Parameter],"{
  network_level: 2,
  knowledge_domain: 性能优化,
  importance: 0.8,
  name: Optimum fan pressure ratio,
  description: There is a distinct optimum fan pressure ratio (pi_f) that maximizes specific thrust or minimizes TSFC for a given bypass ratio and core technology.,
  subsystem: General,
  id: 137,
  physics_domain: FluidDynamics
}"
434,[Component],"{
  network_level: 1,
  knowledge_domain: 压气机特性,
  importance: 1.0,
  name: Compressor,
  description: The isentropic compressor efficiency eta_c is defined as the ratio of ideal (isentropic) work to the actual work required for a given total pressure ratio.,
  subsystem: Compression,
  id: 93,
  physics_domain: GeneralPhysics
}",AFFECTS,532,[Parameter],"{
  network_level: 2,
  knowledge_domain: 热力学属性,
  importance: 0.8,
  name: Pressure at zero velocity isentropically,
  description: Stagnation pressure (or total pressure) P_t is the pressure attained when a fluid is brought to rest isentropically.,
  subsystem: General,
  id: 191,
  physics_domain: FluidDynamics
}"
434,[Component],"{
  network_level: 1,
  knowledge_domain: 压气机特性,
  importance: 1.0,
  name: Compressor,
  description: The isentropic compressor efficiency eta_c is defined as the ratio of ideal (isentropic) work to the actual work required for a given total pressure ratio.,
  subsystem: Compression,
  id: 93,
  physics_domain: GeneralPhysics
}",AFFECTS,539,[Parameter],"{
  network_level: 2,
  knowledge_domain: 激波理论,
  importance: 0.8,
  name: Static pressure,
  description: Static pressure increases significantly across a normal shock wave.,
  subsystem: General,
  id: 198,
  physics_domain: FluidDynamics
}"
434,[Component],"{
  network_level: 1,
  knowledge_domain: 压气机特性,
  importance: 1.0,
  name: Compressor,
  description: The isentropic compressor efficiency eta_c is defined as the ratio of ideal (isentropic) work to the actual work required for a given total pressure ratio.,
  subsystem: Compression,
  id: 93,
  physics_domain: GeneralPhysics
}",AFFECTS,541,[Parameter],"{
  network_level: 2,
  knowledge_domain: 激波理论,
  importance: 0.8,
  name: Total pressure,
  description: The total pressure decreases across a normal shock, which represents an irreversibility (entropy rise) in the flow.,
  subsystem: General,
  id: 200,
  physics_domain: FluidDynamics
}"
434,[Component],"{
  network_level: 1,
  knowledge_domain: 压气机特性,
  importance: 1.0,
  name: Compressor,
  description: The isentropic compressor efficiency eta_c is defined as the ratio of ideal (isentropic) work to the actual work required for a given total pressure ratio.,
  subsystem: Compression,
  id: 93,
  physics_domain: GeneralPhysics
}",AFFECTS,546,[Parameter],"{
  network_level: 2,
  knowledge_domain: 性能指标,
  importance: 0.8,
  name: Momentum thrust and Pressure thrust,
  description: The total thrust of a rocket is the sum of the momentum thrust and the pressure thrust: F = m_dot * V_e + (P_e - P_a) * A_e.,
  subsystem: General,
  id: 205,
  physics_domain: FluidDynamics
}"
434,[Component],"{
  network_level: 1,
  knowledge_domain: 压气机特性,
  importance: 1.0,
  name: Compressor,
  description: The isentropic compressor efficiency eta_c is defined as the ratio of ideal (isentropic) work to the actual work required for a given total pressure ratio.,
  subsystem: Compression,
  id: 93,
  physics_domain: GeneralPhysics
}",AFFECTS,552,[Parameter],"{
  network_level: 2,
  knowledge_domain: 性能指标,
  importance: 0.8,
  name: Chamber pressure and Throat area,
  description: c* = (P_c * A_t) / m_dot. It depends primarily on combustion temperature and molecular weight.,
  subsystem: General,
  id: 211,
  physics_domain: FluidDynamics
}"
434,[Component],"{
  network_level: 1,
  knowledge_domain: 压气机特性,
  importance: 1.0,
  name: Compressor,
  description: The isentropic compressor efficiency eta_c is defined as the ratio of ideal (isentropic) work to the actual work required for a given total pressure ratio.,
  subsystem: Compression,
  id: 93,
  physics_domain: GeneralPhysics
}",AFFECTS,554,[Parameter],"{
  network_level: 2,
  knowledge_domain: 性能指标,
  importance: 0.8,
  name: Thrust and Chamber pressure,
  description: C_f = F / (P_c * A_t). It is a function of the pressure ratio and area ratio of the nozzle.,
  subsystem: General,
  id: 213,
  physics_domain: FluidDynamics
}"
434,[Component],"{
  network_level: 1,
  knowledge_domain: 压气机特性,
  importance: 1.0,
  name: Compressor,
  description: The isentropic compressor efficiency eta_c is defined as the ratio of ideal (isentropic) work to the actual work required for a given total pressure ratio.,
  subsystem: Compression,
  id: 93,
  physics_domain: GeneralPhysics
}",AFFECTS,555,[Parameter],"{
  network_level: 2,
  knowledge_domain: 喷管空气动力学,
  importance: 0.8,
  name: Exit pressure equals Ambient pressure,
  description: Maximum thrust for a given propellant mass flow and chamber condition occurs when the nozzle exit pressure equals the ambient pressure (P_e = P_a).,
  subsystem: General,
  id: 214,
  physics_domain: FluidDynamics
}"
434,[Component],"{
  network_level: 1,
  knowledge_domain: 压气机特性,
  importance: 1.0,
  name: Compressor,
  description: The isentropic compressor efficiency eta_c is defined as the ratio of ideal (isentropic) work to the actual work required for a given total pressure ratio.,
  subsystem: Compression,
  id: 93,
  physics_domain: GeneralPhysics
}",AFFECTS,556,[Parameter],"{
  network_level: 2,
  knowledge_domain: 喷管空气动力学,
  importance: 0.8,
  name: Exit pressure less than Ambient pressure,
  description: A nozzle is overexpanded if the exit pressure is lower than the surrounding ambient atmospheric pressure.,
  subsystem: General,
  id: 215,
  physics_domain: FluidDynamics
}"
434,[Component],"{
  network_level: 1,
  knowledge_domain: 压气机特性,
  importance: 1.0,
  name: Compressor,
  description: The isentropic compressor efficiency eta_c is defined as the ratio of ideal (isentropic) work to the actual work required for a given total pressure ratio.,
  subsystem: Compression,
  id: 93,
  physics_domain: GeneralPhysics
}",AFFECTS,557,[Parameter],"{
  network_level: 2,
  knowledge_domain: 喷管空气动力学,
  importance: 0.8,
  name: Exit pressure greater than Ambient pressure,
  description: A nozzle is underexpanded if the gas exits at a pressure higher than the ambient atmospheric pressure.,
  subsystem: General,
  id: 216,
  physics_domain: FluidDynamics
}"
434,[Component],"{
  network_level: 1,
  knowledge_domain: 压气机特性,
  importance: 1.0,
  name: Compressor,
  description: The isentropic compressor efficiency eta_c is defined as the ratio of ideal (isentropic) work to the actual work required for a given total pressure ratio.,
  subsystem: Compression,
  id: 93,
  physics_domain: GeneralPhysics
}",AFFECTS,560,[Parameter],"{
  network_level: 2,
  knowledge_domain: 系统架构,
  importance: 0.8,
  name: High pressure gas tank,
  description: A simpler feed system that uses regulated high-pressure gas to push propellants into the combustion chamber.,
  subsystem: General,
  id: 219,
  physics_domain: FluidDynamics
}"
434,[Component],"{
  network_level: 1,
  knowledge_domain: 压气机特性,
  importance: 1.0,
  name: Compressor,
  description: The isentropic compressor efficiency eta_c is defined as the ratio of ideal (isentropic) work to the actual work required for a given total pressure ratio.,
  subsystem: Compression,
  id: 93,
  physics_domain: GeneralPhysics
}",AFFECTS,573,[Parameter],"{
  network_level: 2,
  knowledge_domain: 循环假设,
  importance: 0.8,
  name: Constant pressure combustion,
  description: It is assumed that combustion occurs at constant total pressure (no pressure drop in the combustor).,
  subsystem: Combustion,
  id: 232,
  physics_domain: FluidDynamics
}"
434,[Component],"{
  network_level: 1,
  knowledge_domain: 压气机特性,
  importance: 1.0,
  name: Compressor,
  description: The isentropic compressor efficiency eta_c is defined as the ratio of ideal (isentropic) work to the actual work required for a given total pressure ratio.,
  subsystem: Compression,
  id: 93,
  physics_domain: GeneralPhysics
}",AFFECTS,586,[Parameter],"{
  network_level: 2,
  knowledge_domain: 真实部件特性,
  importance: 0.8,
  name: Component efficiencies and Total pressure ratios,
  description: The performance of real components is characterized by total temperature ratios, total pressure ratios, efficiencies, and pressure losses.,
  subsystem: General,
  id: 245,
  physics_domain: FluidDynamics
}"
434,[Component],"{
  network_level: 1,
  knowledge_domain: 压气机特性,
  importance: 1.0,
  name: Compressor,
  description: The isentropic compressor efficiency eta_c is defined as the ratio of ideal (isentropic) work to the actual work required for a given total pressure ratio.,
  subsystem: Compression,
  id: 93,
  physics_domain: GeneralPhysics
}",AFFECTS,587,[Parameter],"{
  network_level: 2,
  knowledge_domain: 进气道特性,
  importance: 0.8,
  name: Total pressure ratio pi_d,
  description: The performance of the inlet (or diffuser) is primarily characterized by its total pressure ratio, pi_d = P_t2 / P_t0, also called the inlet recovery factor.,
  subsystem: General,
  id: 246,
  physics_domain: FluidDynamics
}"
434,[Component],"{
  network_level: 1,
  knowledge_domain: 压气机特性,
  importance: 1.0,
  name: Compressor,
  description: The isentropic compressor efficiency eta_c is defined as the ratio of ideal (isentropic) work to the actual work required for a given total pressure ratio.,
  subsystem: Compression,
  id: 93,
  physics_domain: GeneralPhysics
}",AFFECTS,591,[Parameter],"{
  network_level: 2,
  knowledge_domain: 压气机特性,
  importance: 0.8,
  name: Isentropic efficiency and Total pressure ratio,
  description: tau_c = 1 + (pi_c^((gamma-1)/gamma) - 1) / eta_c, which links actual temperature rise to pressure ratio.,
  subsystem: General,
  id: 250,
  physics_domain: FluidDynamics
}"
434,[Component],"{
  network_level: 1,
  knowledge_domain: 压气机特性,
  importance: 1.0,
  name: Compressor,
  description: The isentropic compressor efficiency eta_c is defined as the ratio of ideal (isentropic) work to the actual work required for a given total pressure ratio.,
  subsystem: Compression,
  id: 93,
  physics_domain: GeneralPhysics
}",AFFECTS,593,[Parameter],"{
  network_level: 2,
  knowledge_domain: 效率理论,
  importance: 0.8,
  name: Increasing pressure ratio,
  description: For a constant polytropic efficiency e_c, the overall isentropic compressor efficiency eta_c drops as the total pressure ratio pi_c increases due to the preheating effect.,
  subsystem: General,
  id: 252,
  physics_domain: FluidDynamics
}"
434,[Component],"{
  network_level: 1,
  knowledge_domain: 压气机特性,
  importance: 1.0,
  name: Compressor,
  description: The isentropic compressor efficiency eta_c is defined as the ratio of ideal (isentropic) work to the actual work required for a given total pressure ratio.,
  subsystem: Compression,
  id: 93,
  physics_domain: GeneralPhysics
}",AFFECTS,596,[Parameter],"{
  network_level: 2,
  knowledge_domain: 燃烧室特性,
  importance: 0.8,
  name: Total pressure ratio pi_b,
  description: The total pressure ratio of the combustor pi_b = P_t4 / P_t3 is always less than 1.0 due to viscous friction and cold-to-hot flow momentum pressure drop.,
  subsystem: General,
  id: 255,
  physics_domain: FluidDynamics
}"
434,[Component],"{
  network_level: 1,
  knowledge_domain: 压气机特性,
  importance: 1.0,
  name: Compressor,
  description: The isentropic compressor efficiency eta_c is defined as the ratio of ideal (isentropic) work to the actual work required for a given total pressure ratio.,
  subsystem: Compression,
  id: 93,
  physics_domain: GeneralPhysics
}",AFFECTS,599,[Parameter],"{
  network_level: 2,
  knowledge_domain: 加力燃烧室,
  importance: 0.8,
  name: Total pressure ratio pi_AB,
  description: The total pressure ratio pi_AB = P_t7 / P_t6 account for losses due to flameholders, friction, and high-temperature heat addition.,
  subsystem: General,
  id: 258,
  physics_domain: FluidDynamics
}"
434,[Component],"{
  network_level: 1,
  knowledge_domain: 压气机特性,
  importance: 1.0,
  name: Compressor,
  description: The isentropic compressor efficiency eta_c is defined as the ratio of ideal (isentropic) work to the actual work required for a given total pressure ratio.,
  subsystem: Compression,
  id: 93,
  physics_domain: GeneralPhysics
}",AFFECTS,601,[Parameter],"{
  network_level: 2,
  knowledge_domain: 喷管特性,
  importance: 0.8,
  name: Total pressure ratio pi_n,
  description: The exhaust nozzle performance is characterized by its total pressure ratio pi_n = P_t9 / P_t7, which represents friction losses in the nozzle duct.,
  subsystem: General,
  id: 260,
  physics_domain: FluidDynamics
}"
434,[Component],"{
  network_level: 1,
  knowledge_domain: 压气机特性,
  importance: 1.0,
  name: Compressor,
  description: The isentropic compressor efficiency eta_c is defined as the ratio of ideal (isentropic) work to the actual work required for a given total pressure ratio.,
  subsystem: Compression,
  id: 93,
  physics_domain: GeneralPhysics
}",AFFECTS,607,[Parameter],"{
  network_level: 2,
  knowledge_domain: 推力室特性,
  importance: 0.8,
  name: Stagnation pressure at throat,
  description: Due to high-velocity combustion and friction inside the chamber, the total pressure drops from the injector head to the nozzle throat entrance.,
  subsystem: General,
  id: 266,
  physics_domain: FluidDynamics
}"
434,[Component],"{
  network_level: 1,
  knowledge_domain: 压气机特性,
  importance: 1.0,
  name: Compressor,
  description: The isentropic compressor efficiency eta_c is defined as the ratio of ideal (isentropic) work to the actual work required for a given total pressure ratio.,
  subsystem: Compression,
  id: 93,
  physics_domain: GeneralPhysics
}",AFFECTS,624,[Parameter],"{
  network_level: 2,
  knowledge_domain: 动力循环,
  importance: 0.8,
  name: Higher chamber pressure,
  description: Because the turbine exhaust is injected into the main chamber rather than dumped at low pressure, it allows extremely high chamber pressures (P_c) and higher efficiency.,
  subsystem: General,
  id: 283,
  physics_domain: FluidDynamics
}"
434,[Component],"{
  network_level: 1,
  knowledge_domain: 压气机特性,
  importance: 1.0,
  name: Compressor,
  description: The isentropic compressor efficiency eta_c is defined as the ratio of ideal (isentropic) work to the actual work required for a given total pressure ratio.,
  subsystem: Compression,
  id: 93,
  physics_domain: GeneralPhysics
}",AFFECTS,626,[Parameter],"{
  network_level: 2,
  knowledge_domain: 系统匹配,
  importance: 0.8,
  name: Volumetric flow rate and Pressure rise,
  description: The required shaft power for a propellant pump is proportional to the mass flow rate and pressure rise, divided by the pump efficiency (eta_p).,
  subsystem: General,
  id: 285,
  physics_domain: FluidDynamics
}"
434,[Component],"{
  network_level: 1,
  knowledge_domain: 压气机特性,
  importance: 1.0,
  name: Compressor,
  description: The isentropic compressor efficiency eta_c is defined as the ratio of ideal (isentropic) work to the actual work required for a given total pressure ratio.,
  subsystem: Compression,
  id: 93,
  physics_domain: GeneralPhysics
}",AFFECTS,629,[Parameter],"{
  network_level: 2,
  knowledge_domain: 涡喷循环,
  importance: 0.8,
  name: Real exit velocity and pressure,
  description: The net thrust of a real turbojet must account for exit velocity variations caused by nozzle efficiency (eta_n) and incomplete expansion.,
  subsystem: General,
  id: 288,
  physics_domain: FluidDynamics
}"
434,[Component],"{
  network_level: 1,
  knowledge_domain: 压气机特性,
  importance: 1.0,
  name: Compressor,
  description: The isentropic compressor efficiency eta_c is defined as the ratio of ideal (isentropic) work to the actual work required for a given total pressure ratio.,
  subsystem: Compression,
  id: 93,
  physics_domain: GeneralPhysics
}",AFFECTS,649,[Parameter],"{
  network_level: 2,
  knowledge_domain: 相似准则,
  importance: 0.8,
  name: Mass flow scaled by dimensionless temperature and pressure,
  description: Corrected mass flow rate m_dot_c is defined as m_dot * sqrt(theta) / delta, allowing data from different conditions to be collapsed onto a single curve.,
  subsystem: General,
  id: 308,
  physics_domain: FluidDynamics
}"
434,[Component],"{
  network_level: 1,
  knowledge_domain: 压气机特性,
  importance: 1.0,
  name: Compressor,
  description: The isentropic compressor efficiency eta_c is defined as the ratio of ideal (isentropic) work to the actual work required for a given total pressure ratio.,
  subsystem: Compression,
  id: 93,
  physics_domain: GeneralPhysics
}",AFFECTS,660,[Parameter],"{
  network_level: 2,
  knowledge_domain: 发动机控制,
  importance: 0.8,
  name: Maximum pressure or shaft speed,
  description: At low ambient temperatures (below theta_break), the engine is typically limited by mechanical limits like pressure or spool speed.,
  subsystem: General,
  id: 319,
  physics_domain: FluidDynamics
}"
434,[Component],"{
  network_level: 1,
  knowledge_domain: 压气机特性,
  importance: 1.0,
  name: Compressor,
  description: The isentropic compressor efficiency eta_c is defined as the ratio of ideal (isentropic) work to the actual work required for a given total pressure ratio.,
  subsystem: Compression,
  id: 93,
  physics_domain: GeneralPhysics
}",CHARACTERIZED_BY,590,[Parameter],"{
  network_level: 2,
  knowledge_domain: 压气机特性,
  importance: 0.8,
  name: Isentropic efficiency eta_c,
  description: The isentropic compressor efficiency eta_c is defined as the ratio of ideal (isentropic) work to the actual work required for a given total pressure ratio.,
  subsystem: General,
  id: 249,
  physics_domain: GeneralPhysics
}"
435,[Component],"{
  network_level: 1,
  knowledge_domain: 压气机特性,
  importance: 1.0,
  name: Compressor total temperature ratio tau_c,
  description: tau_c = 1 + (pi_c^((gamma-1)/gamma) - 1) / eta_c, which links actual temperature rise to pressure ratio.,
  subsystem: Compression,
  id: 94,
  physics_domain: Thermodynamics
}",AFFECTS,378,[Parameter],"{
  network_level: 2,
  knowledge_domain: 热力学属性,
  importance: 0.8,
  name: Stagnation pressure,
  description: Stagnation pressure (or total pressure) P_t is the pressure attained when a fluid is brought to rest isentropically.,
  subsystem: General,
  id: 37,
  physics_domain: FluidDynamics
}"
435,[Component],"{
  network_level: 1,
  knowledge_domain: 压气机特性,
  importance: 1.0,
  name: Compressor total temperature ratio tau_c,
  description: tau_c = 1 + (pi_c^((gamma-1)/gamma) - 1) / eta_c, which links actual temperature rise to pressure ratio.,
  subsystem: Compression,
  id: 94,
  physics_domain: Thermodynamics
}",AFFECTS,393,[Parameter],"{
  network_level: 2,
  knowledge_domain: 性能指标,
  importance: 0.8,
  name: Pressure thrust,
  description: The component of thrust due to the difference between exit pressure and ambient pressure ((P_e - P_a) * A_e).,
  subsystem: General,
  id: 52,
  physics_domain: FluidDynamics
}"
435,[Component],"{
  network_level: 1,
  knowledge_domain: 压气机特性,
  importance: 1.0,
  name: Compressor total temperature ratio tau_c,
  description: tau_c = 1 + (pi_c^((gamma-1)/gamma) - 1) / eta_c, which links actual temperature rise to pressure ratio.,
  subsystem: Compression,
  id: 94,
  physics_domain: Thermodynamics
}",AFFECTS,420,[Parameter],"{
  network_level: 2,
  knowledge_domain: 热力学参数,
  importance: 0.8,
  name: Total pressure ratio pi,
  description: The dimensionless parameter pi represents the ratio of stagnation pressures across a component.,
  subsystem: General,
  id: 79,
  physics_domain: FluidDynamics
}"
435,[Component],"{
  network_level: 1,
  knowledge_domain: 压气机特性,
  importance: 1.0,
  name: Compressor total temperature ratio tau_c,
  description: tau_c = 1 + (pi_c^((gamma-1)/gamma) - 1) / eta_c, which links actual temperature rise to pressure ratio.,
  subsystem: Compression,
  id: 94,
  physics_domain: Thermodynamics
}",AFFECTS,451,[Parameter],"{
  network_level: 2,
  knowledge_domain: 推力室特性,
  importance: 0.8,
  name: Combustion chamber pressure,
  description: Due to high-velocity combustion and friction inside the chamber, the total pressure drops from the injector head to the nozzle throat entrance.,
  subsystem: Combustion,
  id: 110,
  physics_domain: FluidDynamics
}"
435,[Component],"{
  network_level: 1,
  knowledge_domain: 压气机特性,
  importance: 1.0,
  name: Compressor total temperature ratio tau_c,
  description: tau_c = 1 + (pi_c^((gamma-1)/gamma) - 1) / eta_c, which links actual temperature rise to pressure ratio.,
  subsystem: Compression,
  id: 94,
  physics_domain: Thermodynamics
}",AFFECTS,476,[Parameter],"{
  network_level: 2,
  knowledge_domain: 部件匹配,
  importance: 0.8,
  name: Constant-pressure mixer,
  description: For proper aerodynamic mixing, the core and bypass streams must enter the mixer at substantially equal static pressures (P_5 = P_15).,
  subsystem: General,
  id: 135,
  physics_domain: FluidDynamics
}"
435,[Component],"{
  network_level: 1,
  knowledge_domain: 压气机特性,
  importance: 1.0,
  name: Compressor total temperature ratio tau_c,
  description: tau_c = 1 + (pi_c^((gamma-1)/gamma) - 1) / eta_c, which links actual temperature rise to pressure ratio.,
  subsystem: Compression,
  id: 94,
  physics_domain: Thermodynamics
}",AFFECTS,478,[Parameter],"{
  network_level: 2,
  knowledge_domain: 性能优化,
  importance: 0.8,
  name: Optimum fan pressure ratio,
  description: There is a distinct optimum fan pressure ratio (pi_f) that maximizes specific thrust or minimizes TSFC for a given bypass ratio and core technology.,
  subsystem: General,
  id: 137,
  physics_domain: FluidDynamics
}"
435,[Component],"{
  network_level: 1,
  knowledge_domain: 压气机特性,
  importance: 1.0,
  name: Compressor total temperature ratio tau_c,
  description: tau_c = 1 + (pi_c^((gamma-1)/gamma) - 1) / eta_c, which links actual temperature rise to pressure ratio.,
  subsystem: Compression,
  id: 94,
  physics_domain: Thermodynamics
}",AFFECTS,532,[Parameter],"{
  network_level: 2,
  knowledge_domain: 热力学属性,
  importance: 0.8,
  name: Pressure at zero velocity isentropically,
  description: Stagnation pressure (or total pressure) P_t is the pressure attained when a fluid is brought to rest isentropically.,
  subsystem: General,
  id: 191,
  physics_domain: FluidDynamics
}"
435,[Component],"{
  network_level: 1,
  knowledge_domain: 压气机特性,
  importance: 1.0,
  name: Compressor total temperature ratio tau_c,
  description: tau_c = 1 + (pi_c^((gamma-1)/gamma) - 1) / eta_c, which links actual temperature rise to pressure ratio.,
  subsystem: Compression,
  id: 94,
  physics_domain: Thermodynamics
}",AFFECTS,539,[Parameter],"{
  network_level: 2,
  knowledge_domain: 激波理论,
  importance: 0.8,
  name: Static pressure,
  description: Static pressure increases significantly across a normal shock wave.,
  subsystem: General,
  id: 198,
  physics_domain: FluidDynamics
}"
435,[Component],"{
  network_level: 1,
  knowledge_domain: 压气机特性,
  importance: 1.0,
  name: Compressor total temperature ratio tau_c,
  description: tau_c = 1 + (pi_c^((gamma-1)/gamma) - 1) / eta_c, which links actual temperature rise to pressure ratio.,
  subsystem: Compression,
  id: 94,
  physics_domain: Thermodynamics
}",AFFECTS,541,[Parameter],"{
  network_level: 2,
  knowledge_domain: 激波理论,
  importance: 0.8,
  name: Total pressure,
  description: The total pressure decreases across a normal shock, which represents an irreversibility (entropy rise) in the flow.,
  subsystem: General,
  id: 200,
  physics_domain: FluidDynamics
}"
435,[Component],"{
  network_level: 1,
  knowledge_domain: 压气机特性,
  importance: 1.0,
  name: Compressor total temperature ratio tau_c,
  description: tau_c = 1 + (pi_c^((gamma-1)/gamma) - 1) / eta_c, which links actual temperature rise to pressure ratio.,
  subsystem: Compression,
  id: 94,
  physics_domain: Thermodynamics
}",AFFECTS,546,[Parameter],"{
  network_level: 2,
  knowledge_domain: 性能指标,
  importance: 0.8,
  name: Momentum thrust and Pressure thrust,
  description: The total thrust of a rocket is the sum of the momentum thrust and the pressure thrust: F = m_dot * V_e + (P_e - P_a) * A_e.,
  subsystem: General,
  id: 205,
  physics_domain: FluidDynamics
}"
435,[Component],"{
  network_level: 1,
  knowledge_domain: 压气机特性,
  importance: 1.0,
  name: Compressor total temperature ratio tau_c,
  description: tau_c = 1 + (pi_c^((gamma-1)/gamma) - 1) / eta_c, which links actual temperature rise to pressure ratio.,
  subsystem: Compression,
  id: 94,
  physics_domain: Thermodynamics
}",AFFECTS,552,[Parameter],"{
  network_level: 2,
  knowledge_domain: 性能指标,
  importance: 0.8,
  name: Chamber pressure and Throat area,
  description: c* = (P_c * A_t) / m_dot. It depends primarily on combustion temperature and molecular weight.,
  subsystem: General,
  id: 211,
  physics_domain: FluidDynamics
}"
435,[Component],"{
  network_level: 1,
  knowledge_domain: 压气机特性,
  importance: 1.0,
  name: Compressor total temperature ratio tau_c,
  description: tau_c = 1 + (pi_c^((gamma-1)/gamma) - 1) / eta_c, which links actual temperature rise to pressure ratio.,
  subsystem: Compression,
  id: 94,
  physics_domain: Thermodynamics
}",AFFECTS,554,[Parameter],"{
  network_level: 2,
  knowledge_domain: 性能指标,
  importance: 0.8,
  name: Thrust and Chamber pressure,
  description: C_f = F / (P_c * A_t). It is a function of the pressure ratio and area ratio of the nozzle.,
  subsystem: General,
  id: 213,
  physics_domain: FluidDynamics
}"
435,[Component],"{
  network_level: 1,
  knowledge_domain: 压气机特性,
  importance: 1.0,
  name: Compressor total temperature ratio tau_c,
  description: tau_c = 1 + (pi_c^((gamma-1)/gamma) - 1) / eta_c, which links actual temperature rise to pressure ratio.,
  subsystem: Compression,
  id: 94,
  physics_domain: Thermodynamics
}",AFFECTS,555,[Parameter],"{
  network_level: 2,
  knowledge_domain: 喷管空气动力学,
  importance: 0.8,
  name: Exit pressure equals Ambient pressure,
  description: Maximum thrust for a given propellant mass flow and chamber condition occurs when the nozzle exit pressure equals the ambient pressure (P_e = P_a).,
  subsystem: General,
  id: 214,
  physics_domain: FluidDynamics
}"
435,[Component],"{
  network_level: 1,
  knowledge_domain: 压气机特性,
  importance: 1.0,
  name: Compressor total temperature ratio tau_c,
  description: tau_c = 1 + (pi_c^((gamma-1)/gamma) - 1) / eta_c, which links actual temperature rise to pressure ratio.,
  subsystem: Compression,
  id: 94,
  physics_domain: Thermodynamics
}",AFFECTS,556,[Parameter],"{
  network_level: 2,
  knowledge_domain: 喷管空气动力学,
  importance: 0.8,
  name: Exit pressure less than Ambient pressure,
  description: A nozzle is overexpanded if the exit pressure is lower than the surrounding ambient atmospheric pressure.,
  subsystem: General,
  id: 215,
  physics_domain: FluidDynamics
}"
435,[Component],"{
  network_level: 1,
  knowledge_domain: 压气机特性,
  importance: 1.0,
  name: Compressor total temperature ratio tau_c,
  description: tau_c = 1 + (pi_c^((gamma-1)/gamma) - 1) / eta_c, which links actual temperature rise to pressure ratio.,
  subsystem: Compression,
  id: 94,
  physics_domain: Thermodynamics
}",AFFECTS,557,[Parameter],"{
  network_level: 2,
  knowledge_domain: 喷管空气动力学,
  importance: 0.8,
  name: Exit pressure greater than Ambient pressure,
  description: A nozzle is underexpanded if the gas exits at a pressure higher than the ambient atmospheric pressure.,
  subsystem: General,
  id: 216,
  physics_domain: FluidDynamics
}"
435,[Component],"{
  network_level: 1,
  knowledge_domain: 压气机特性,
  importance: 1.0,
  name: Compressor total temperature ratio tau_c,
  description: tau_c = 1 + (pi_c^((gamma-1)/gamma) - 1) / eta_c, which links actual temperature rise to pressure ratio.,
  subsystem: Compression,
  id: 94,
  physics_domain: Thermodynamics
}",AFFECTS,560,[Parameter],"{
  network_level: 2,
  knowledge_domain: 系统架构,
  importance: 0.8,
  name: High pressure gas tank,
  description: A simpler feed system that uses regulated high-pressure gas to push propellants into the combustion chamber.,
  subsystem: General,
  id: 219,
  physics_domain: FluidDynamics
}"
435,[Component],"{
  network_level: 1,
  knowledge_domain: 压气机特性,
  importance: 1.0,
  name: Compressor total temperature ratio tau_c,
  description: tau_c = 1 + (pi_c^((gamma-1)/gamma) - 1) / eta_c, which links actual temperature rise to pressure ratio.,
  subsystem: Compression,
  id: 94,
  physics_domain: Thermodynamics
}",AFFECTS,573,[Parameter],"{
  network_level: 2,
  knowledge_domain: 循环假设,
  importance: 0.8,
  name: Constant pressure combustion,
  description: It is assumed that combustion occurs at constant total pressure (no pressure drop in the combustor).,
  subsystem: Combustion,
  id: 232,
  physics_domain: FluidDynamics
}"
435,[Component],"{
  network_level: 1,
  knowledge_domain: 压气机特性,
  importance: 1.0,
  name: Compressor total temperature ratio tau_c,
  description: tau_c = 1 + (pi_c^((gamma-1)/gamma) - 1) / eta_c, which links actual temperature rise to pressure ratio.,
  subsystem: Compression,
  id: 94,
  physics_domain: Thermodynamics
}",AFFECTS,586,[Parameter],"{
  network_level: 2,
  knowledge_domain: 真实部件特性,
  importance: 0.8,
  name: Component efficiencies and Total pressure ratios,
  description: The performance of real components is characterized by total temperature ratios, total pressure ratios, efficiencies, and pressure losses.,
  subsystem: General,
  id: 245,
  physics_domain: FluidDynamics
}"
435,[Component],"{
  network_level: 1,
  knowledge_domain: 压气机特性,
  importance: 1.0,
  name: Compressor total temperature ratio tau_c,
  description: tau_c = 1 + (pi_c^((gamma-1)/gamma) - 1) / eta_c, which links actual temperature rise to pressure ratio.,
  subsystem: Compression,
  id: 94,
  physics_domain: Thermodynamics
}",AFFECTS,587,[Parameter],"{
  network_level: 2,
  knowledge_domain: 进气道特性,
  importance: 0.8,
  name: Total pressure ratio pi_d,
  description: The performance of the inlet (or diffuser) is primarily characterized by its total pressure ratio, pi_d = P_t2 / P_t0, also called the inlet recovery factor.,
  subsystem: General,
  id: 246,
  physics_domain: FluidDynamics
}"
435,[Component],"{
  network_level: 1,
  knowledge_domain: 压气机特性,
  importance: 1.0,
  name: Compressor total temperature ratio tau_c,
  description: tau_c = 1 + (pi_c^((gamma-1)/gamma) - 1) / eta_c, which links actual temperature rise to pressure ratio.,
  subsystem: Compression,
  id: 94,
  physics_domain: Thermodynamics
}",AFFECTS,591,[Parameter],"{
  network_level: 2,
  knowledge_domain: 压气机特性,
  importance: 0.8,
  name: Isentropic efficiency and Total pressure ratio,
  description: tau_c = 1 + (pi_c^((gamma-1)/gamma) - 1) / eta_c, which links actual temperature rise to pressure ratio.,
  subsystem: General,
  id: 250,
  physics_domain: FluidDynamics
}"
435,[Component],"{
  network_level: 1,
  knowledge_domain: 压气机特性,
  importance: 1.0,
  name: Compressor total temperature ratio tau_c,
  description: tau_c = 1 + (pi_c^((gamma-1)/gamma) - 1) / eta_c, which links actual temperature rise to pressure ratio.,
  subsystem: Compression,
  id: 94,
  physics_domain: Thermodynamics
}",AFFECTS,593,[Parameter],"{
  network_level: 2,
  knowledge_domain: 效率理论,
  importance: 0.8,
  name: Increasing pressure ratio,
  description: For a constant polytropic efficiency e_c, the overall isentropic compressor efficiency eta_c drops as the total pressure ratio pi_c increases due to the preheating effect.,
  subsystem: General,
  id: 252,
  physics_domain: FluidDynamics
}"
435,[Component],"{
  network_level: 1,
  knowledge_domain: 压气机特性,
  importance: 1.0,
  name: Compressor total temperature ratio tau_c,
  description: tau_c = 1 + (pi_c^((gamma-1)/gamma) - 1) / eta_c, which links actual temperature rise to pressure ratio.,
  subsystem: Compression,
  id: 94,
  physics_domain: Thermodynamics
}",AFFECTS,596,[Parameter],"{
  network_level: 2,
  knowledge_domain: 燃烧室特性,
  importance: 0.8,
  name: Total pressure ratio pi_b,
  description: The total pressure ratio of the combustor pi_b = P_t4 / P_t3 is always less than 1.0 due to viscous friction and cold-to-hot flow momentum pressure drop.,
  subsystem: General,
  id: 255,
  physics_domain: FluidDynamics
}"
435,[Component],"{
  network_level: 1,
  knowledge_domain: 压气机特性,
  importance: 1.0,
  name: Compressor total temperature ratio tau_c,
  description: tau_c = 1 + (pi_c^((gamma-1)/gamma) - 1) / eta_c, which links actual temperature rise to pressure ratio.,
  subsystem: Compression,
  id: 94,
  physics_domain: Thermodynamics
}",AFFECTS,599,[Parameter],"{
  network_level: 2,
  knowledge_domain: 加力燃烧室,
  importance: 0.8,
  name: Total pressure ratio pi_AB,
  description: The total pressure ratio pi_AB = P_t7 / P_t6 account for losses due to flameholders, friction, and high-temperature heat addition.,
  subsystem: General,
  id: 258,
  physics_domain: FluidDynamics
}"
435,[Component],"{
  network_level: 1,
  knowledge_domain: 压气机特性,
  importance: 1.0,
  name: Compressor total temperature ratio tau_c,
  description: tau_c = 1 + (pi_c^((gamma-1)/gamma) - 1) / eta_c, which links actual temperature rise to pressure ratio.,
  subsystem: Compression,
  id: 94,
  physics_domain: Thermodynamics
}",AFFECTS,601,[Parameter],"{
  network_level: 2,
  knowledge_domain: 喷管特性,
  importance: 0.8,
  name: Total pressure ratio pi_n,
  description: The exhaust nozzle performance is characterized by its total pressure ratio pi_n = P_t9 / P_t7, which represents friction losses in the nozzle duct.,
  subsystem: General,
  id: 260,
  physics_domain: FluidDynamics
}"
435,[Component],"{
  network_level: 1,
  knowledge_domain: 压气机特性,
  importance: 1.0,
  name: Compressor total temperature ratio tau_c,
  description: tau_c = 1 + (pi_c^((gamma-1)/gamma) - 1) / eta_c, which links actual temperature rise to pressure ratio.,
  subsystem: Compression,
  id: 94,
  physics_domain: Thermodynamics
}",AFFECTS,607,[Parameter],"{
  network_level: 2,
  knowledge_domain: 推力室特性,
  importance: 0.8,
  name: Stagnation pressure at throat,
  description: Due to high-velocity combustion and friction inside the chamber, the total pressure drops from the injector head to the nozzle throat entrance.,
  subsystem: General,
  id: 266,
  physics_domain: FluidDynamics
}"
435,[Component],"{
  network_level: 1,
  knowledge_domain: 压气机特性,
  importance: 1.0,
  name: Compressor total temperature ratio tau_c,
  description: tau_c = 1 + (pi_c^((gamma-1)/gamma) - 1) / eta_c, which links actual temperature rise to pressure ratio.,
  subsystem: Compression,
  id: 94,
  physics_domain: Thermodynamics
}",AFFECTS,624,[Parameter],"{
  network_level: 2,
  knowledge_domain: 动力循环,
  importance: 0.8,
  name: Higher chamber pressure,
  description: Because the turbine exhaust is injected into the main chamber rather than dumped at low pressure, it allows extremely high chamber pressures (P_c) and higher efficiency.,
  subsystem: General,
  id: 283,
  physics_domain: FluidDynamics
}"
435,[Component],"{
  network_level: 1,
  knowledge_domain: 压气机特性,
  importance: 1.0,
  name: Compressor total temperature ratio tau_c,
  description: tau_c = 1 + (pi_c^((gamma-1)/gamma) - 1) / eta_c, which links actual temperature rise to pressure ratio.,
  subsystem: Compression,
  id: 94,
  physics_domain: Thermodynamics
}",AFFECTS,626,[Parameter],"{
  network_level: 2,
  knowledge_domain: 系统匹配,
  importance: 0.8,
  name: Volumetric flow rate and Pressure rise,
  description: The required shaft power for a propellant pump is proportional to the mass flow rate and pressure rise, divided by the pump efficiency (eta_p).,
  subsystem: General,
  id: 285,
  physics_domain: FluidDynamics
}"
435,[Component],"{
  network_level: 1,
  knowledge_domain: 压气机特性,
  importance: 1.0,
  name: Compressor total temperature ratio tau_c,
  description: tau_c = 1 + (pi_c^((gamma-1)/gamma) - 1) / eta_c, which links actual temperature rise to pressure ratio.,
  subsystem: Compression,
  id: 94,
  physics_domain: Thermodynamics
}",AFFECTS,629,[Parameter],"{
  network_level: 2,
  knowledge_domain: 涡喷循环,
  importance: 0.8,
  name: Real exit velocity and pressure,
  description: The net thrust of a real turbojet must account for exit velocity variations caused by nozzle efficiency (eta_n) and incomplete expansion.,
  subsystem: General,
  id: 288,
  physics_domain: FluidDynamics
}"
435,[Component],"{
  network_level: 1,
  knowledge_domain: 压气机特性,
  importance: 1.0,
  name: Compressor total temperature ratio tau_c,
  description: tau_c = 1 + (pi_c^((gamma-1)/gamma) - 1) / eta_c, which links actual temperature rise to pressure ratio.,
  subsystem: Compression,
  id: 94,
  physics_domain: Thermodynamics
}",AFFECTS,649,[Parameter],"{
  network_level: 2,
  knowledge_domain: 相似准则,
  importance: 0.8,
  name: Mass flow scaled by dimensionless temperature and pressure,
  description: Corrected mass flow rate m_dot_c is defined as m_dot * sqrt(theta) / delta, allowing data from different conditions to be collapsed onto a single curve.,
  subsystem: General,
  id: 308,
  physics_domain: FluidDynamics
}"
435,[Component],"{
  network_level: 1,
  knowledge_domain: 压气机特性,
  importance: 1.0,
  name: Compressor total temperature ratio tau_c,
  description: tau_c = 1 + (pi_c^((gamma-1)/gamma) - 1) / eta_c, which links actual temperature rise to pressure ratio.,
  subsystem: Compression,
  id: 94,
  physics_domain: Thermodynamics
}",AFFECTS,660,[Parameter],"{
  network_level: 2,
  knowledge_domain: 发动机控制,
  importance: 0.8,
  name: Maximum pressure or shaft speed,
  description: At low ambient temperatures (below theta_break), the engine is typically limited by mechanical limits like pressure or spool speed.,
  subsystem: General,
  id: 319,
  physics_domain: FluidDynamics
}"
435,[Component],"{
  network_level: 1,
  knowledge_domain: 压气机特性,
  importance: 1.0,
  name: Compressor total temperature ratio tau_c,
  description: tau_c = 1 + (pi_c^((gamma-1)/gamma) - 1) / eta_c, which links actual temperature rise to pressure ratio.,
  subsystem: Compression,
  id: 94,
  physics_domain: Thermodynamics
}",CALCULATED_FROM,591,[Parameter],"{
  network_level: 2,
  knowledge_domain: 压气机特性,
  importance: 0.8,
  name: Isentropic efficiency and Total pressure ratio,
  description: tau_c = 1 + (pi_c^((gamma-1)/gamma) - 1) / eta_c, which links actual temperature rise to pressure ratio.,
  subsystem: General,
  id: 250,
  physics_domain: FluidDynamics
}"
436,[Parameter],"{
  network_level: 2,
  knowledge_domain: 效率理论,
  importance: 0.8,
  name: Polytropic efficiency,
  description: Polytropic efficiency (e_c for compressor, e_t for turbine) is defined as the isentropic efficiency of an elemental or infinitesimal stage.,
  subsystem: General,
  id: 95,
  physics_domain: GeneralPhysics
}",DEFINED_AS,592,[Parameter],"{
  network_level: 2,
  knowledge_domain: 效率理论,
  importance: 0.8,
  name: Isentropic efficiency of an infinitesimal stage,
  description: Polytropic efficiency (e_c for compressor, e_t for turbine) is defined as the isentropic efficiency of an elemental or infinitesimal stage.,
  subsystem: General,
  id: 251,
  physics_domain: GeneralPhysics
}"
436,[Parameter],"{
  network_level: 2,
  knowledge_domain: 效率理论,
  importance: 0.8,
  name: Polytropic efficiency,
  description: Polytropic efficiency (e_c for compressor, e_t for turbine) is defined as the isentropic efficiency of an elemental or infinitesimal stage.,
  subsystem: General,
  id: 95,
  physics_domain: GeneralPhysics
}",USED_TO_PREDICT,678,[Parameter],"{
  network_level: 2,
  knowledge_domain: CrossDomain,
  importance: 0.8,
  name: Component temperature ratios,
  description: The stage-independent polytropic efficiencies defined in Chapter 5 are used as fundamental inputs for real cycle (Chapter 7) and off-design (Chapter 8) math models.,
  subsystem: General,
  id: 337,
  physics_domain: Thermodynamics
}"
437,[Component],"{
  network_level: 1,
  knowledge_domain: 效率理论,
  importance: 1.0,
  name: Compressor isentropic efficiency,
  description: For a constant polytropic efficiency e_c, the overall isentropic compressor efficiency eta_c drops as the total pressure ratio pi_c increases due to the preheating effect.,
  subsystem: Compression,
  id: 96,
  physics_domain: GeneralPhysics
}",AFFECTS,378,[Parameter],"{
  network_level: 2,
  knowledge_domain: 热力学属性,
  importance: 0.8,
  name: Stagnation pressure,
  description: Stagnation pressure (or total pressure) P_t is the pressure attained when a fluid is brought to rest isentropically.,
  subsystem: General,
  id: 37,
  physics_domain: FluidDynamics
}"
437,[Component],"{
  network_level: 1,
  knowledge_domain: 效率理论,
  importance: 1.0,
  name: Compressor isentropic efficiency,
  description: For a constant polytropic efficiency e_c, the overall isentropic compressor efficiency eta_c drops as the total pressure ratio pi_c increases due to the preheating effect.,
  subsystem: Compression,
  id: 96,
  physics_domain: GeneralPhysics
}",AFFECTS,393,[Parameter],"{
  network_level: 2,
  knowledge_domain: 性能指标,
  importance: 0.8,
  name: Pressure thrust,
  description: The component of thrust due to the difference between exit pressure and ambient pressure ((P_e - P_a) * A_e).,
  subsystem: General,
  id: 52,
  physics_domain: FluidDynamics
}"
437,[Component],"{
  network_level: 1,
  knowledge_domain: 效率理论,
  importance: 1.0,
  name: Compressor isentropic efficiency,
  description: For a constant polytropic efficiency e_c, the overall isentropic compressor efficiency eta_c drops as the total pressure ratio pi_c increases due to the preheating effect.,
  subsystem: Compression,
  id: 96,
  physics_domain: GeneralPhysics
}",AFFECTS,420,[Parameter],"{
  network_level: 2,
  knowledge_domain: 热力学参数,
  importance: 0.8,
  name: Total pressure ratio pi,
  description: The dimensionless parameter pi represents the ratio of stagnation pressures across a component.,
  subsystem: General,
  id: 79,
  physics_domain: FluidDynamics
}"
437,[Component],"{
  network_level: 1,
  knowledge_domain: 效率理论,
  importance: 1.0,
  name: Compressor isentropic efficiency,
  description: For a constant polytropic efficiency e_c, the overall isentropic compressor efficiency eta_c drops as the total pressure ratio pi_c increases due to the preheating effect.,
  subsystem: Compression,
  id: 96,
  physics_domain: GeneralPhysics
}",AFFECTS,451,[Parameter],"{
  network_level: 2,
  knowledge_domain: 推力室特性,
  importance: 0.8,
  name: Combustion chamber pressure,
  description: Due to high-velocity combustion and friction inside the chamber, the total pressure drops from the injector head to the nozzle throat entrance.,
  subsystem: Combustion,
  id: 110,
  physics_domain: FluidDynamics
}"
437,[Component],"{
  network_level: 1,
  knowledge_domain: 效率理论,
  importance: 1.0,
  name: Compressor isentropic efficiency,
  description: For a constant polytropic efficiency e_c, the overall isentropic compressor efficiency eta_c drops as the total pressure ratio pi_c increases due to the preheating effect.,
  subsystem: Compression,
  id: 96,
  physics_domain: GeneralPhysics
}",AFFECTS,476,[Parameter],"{
  network_level: 2,
  knowledge_domain: 部件匹配,
  importance: 0.8,
  name: Constant-pressure mixer,
  description: For proper aerodynamic mixing, the core and bypass streams must enter the mixer at substantially equal static pressures (P_5 = P_15).,
  subsystem: General,
  id: 135,
  physics_domain: FluidDynamics
}"
437,[Component],"{
  network_level: 1,
  knowledge_domain: 效率理论,
  importance: 1.0,
  name: Compressor isentropic efficiency,
  description: For a constant polytropic efficiency e_c, the overall isentropic compressor efficiency eta_c drops as the total pressure ratio pi_c increases due to the preheating effect.,
  subsystem: Compression,
  id: 96,
  physics_domain: GeneralPhysics
}",AFFECTS,478,[Parameter],"{
  network_level: 2,
  knowledge_domain: 性能优化,
  importance: 0.8,
  name: Optimum fan pressure ratio,
  description: There is a distinct optimum fan pressure ratio (pi_f) that maximizes specific thrust or minimizes TSFC for a given bypass ratio and core technology.,
  subsystem: General,
  id: 137,
  physics_domain: FluidDynamics
}"
437,[Component],"{
  network_level: 1,
  knowledge_domain: 效率理论,
  importance: 1.0,
  name: Compressor isentropic efficiency,
  description: For a constant polytropic efficiency e_c, the overall isentropic compressor efficiency eta_c drops as the total pressure ratio pi_c increases due to the preheating effect.,
  subsystem: Compression,
  id: 96,
  physics_domain: GeneralPhysics
}",AFFECTS,532,[Parameter],"{
  network_level: 2,
  knowledge_domain: 热力学属性,
  importance: 0.8,
  name: Pressure at zero velocity isentropically,
  description: Stagnation pressure (or total pressure) P_t is the pressure attained when a fluid is brought to rest isentropically.,
  subsystem: General,
  id: 191,
  physics_domain: FluidDynamics
}"
437,[Component],"{
  network_level: 1,
  knowledge_domain: 效率理论,
  importance: 1.0,
  name: Compressor isentropic efficiency,
  description: For a constant polytropic efficiency e_c, the overall isentropic compressor efficiency eta_c drops as the total pressure ratio pi_c increases due to the preheating effect.,
  subsystem: Compression,
  id: 96,
  physics_domain: GeneralPhysics
}",AFFECTS,539,[Parameter],"{
  network_level: 2,
  knowledge_domain: 激波理论,
  importance: 0.8,
  name: Static pressure,
  description: Static pressure increases significantly across a normal shock wave.,
  subsystem: General,
  id: 198,
  physics_domain: FluidDynamics
}"
437,[Component],"{
  network_level: 1,
  knowledge_domain: 效率理论,
  importance: 1.0,
  name: Compressor isentropic efficiency,
  description: For a constant polytropic efficiency e_c, the overall isentropic compressor efficiency eta_c drops as the total pressure ratio pi_c increases due to the preheating effect.,
  subsystem: Compression,
  id: 96,
  physics_domain: GeneralPhysics
}",AFFECTS,541,[Parameter],"{
  network_level: 2,
  knowledge_domain: 激波理论,
  importance: 0.8,
  name: Total pressure,
  description: The total pressure decreases across a normal shock, which represents an irreversibility (entropy rise) in the flow.,
  subsystem: General,
  id: 200,
  physics_domain: FluidDynamics
}"
437,[Component],"{
  network_level: 1,
  knowledge_domain: 效率理论,
  importance: 1.0,
  name: Compressor isentropic efficiency,
  description: For a constant polytropic efficiency e_c, the overall isentropic compressor efficiency eta_c drops as the total pressure ratio pi_c increases due to the preheating effect.,
  subsystem: Compression,
  id: 96,
  physics_domain: GeneralPhysics
}",AFFECTS,546,[Parameter],"{
  network_level: 2,
  knowledge_domain: 性能指标,
  importance: 0.8,
  name: Momentum thrust and Pressure thrust,
  description: The total thrust of a rocket is the sum of the momentum thrust and the pressure thrust: F = m_dot * V_e + (P_e - P_a) * A_e.,
  subsystem: General,
  id: 205,
  physics_domain: FluidDynamics
}"
437,[Component],"{
  network_level: 1,
  knowledge_domain: 效率理论,
  importance: 1.0,
  name: Compressor isentropic efficiency,
  description: For a constant polytropic efficiency e_c, the overall isentropic compressor efficiency eta_c drops as the total pressure ratio pi_c increases due to the preheating effect.,
  subsystem: Compression,
  id: 96,
  physics_domain: GeneralPhysics
}",AFFECTS,552,[Parameter],"{
  network_level: 2,
  knowledge_domain: 性能指标,
  importance: 0.8,
  name: Chamber pressure and Throat area,
  description: c* = (P_c * A_t) / m_dot. It depends primarily on combustion temperature and molecular weight.,
  subsystem: General,
  id: 211,
  physics_domain: FluidDynamics
}"
437,[Component],"{
  network_level: 1,
  knowledge_domain: 效率理论,
  importance: 1.0,
  name: Compressor isentropic efficiency,
  description: For a constant polytropic efficiency e_c, the overall isentropic compressor efficiency eta_c drops as the total pressure ratio pi_c increases due to the preheating effect.,
  subsystem: Compression,
  id: 96,
  physics_domain: GeneralPhysics
}",AFFECTS,554,[Parameter],"{
  network_level: 2,
  knowledge_domain: 性能指标,
  importance: 0.8,
  name: Thrust and Chamber pressure,
  description: C_f = F / (P_c * A_t). It is a function of the pressure ratio and area ratio of the nozzle.,
  subsystem: General,
  id: 213,
  physics_domain: FluidDynamics
}"
437,[Component],"{
  network_level: 1,
  knowledge_domain: 效率理论,
  importance: 1.0,
  name: Compressor isentropic efficiency,
  description: For a constant polytropic efficiency e_c, the overall isentropic compressor efficiency eta_c drops as the total pressure ratio pi_c increases due to the preheating effect.,
  subsystem: Compression,
  id: 96,
  physics_domain: GeneralPhysics
}",AFFECTS,555,[Parameter],"{
  network_level: 2,
  knowledge_domain: 喷管空气动力学,
  importance: 0.8,
  name: Exit pressure equals Ambient pressure,
  description: Maximum thrust for a given propellant mass flow and chamber condition occurs when the nozzle exit pressure equals the ambient pressure (P_e = P_a).,
  subsystem: General,
  id: 214,
  physics_domain: FluidDynamics
}"
437,[Component],"{
  network_level: 1,
  knowledge_domain: 效率理论,
  importance: 1.0,
  name: Compressor isentropic efficiency,
  description: For a constant polytropic efficiency e_c, the overall isentropic compressor efficiency eta_c drops as the total pressure ratio pi_c increases due to the preheating effect.,
  subsystem: Compression,
  id: 96,
  physics_domain: GeneralPhysics
}",AFFECTS,556,[Parameter],"{
  network_level: 2,
  knowledge_domain: 喷管空气动力学,
  importance: 0.8,
  name: Exit pressure less than Ambient pressure,
  description: A nozzle is overexpanded if the exit pressure is lower than the surrounding ambient atmospheric pressure.,
  subsystem: General,
  id: 215,
  physics_domain: FluidDynamics
}"
437,[Component],"{
  network_level: 1,
  knowledge_domain: 效率理论,
  importance: 1.0,
  name: Compressor isentropic efficiency,
  description: For a constant polytropic efficiency e_c, the overall isentropic compressor efficiency eta_c drops as the total pressure ratio pi_c increases due to the preheating effect.,
  subsystem: Compression,
  id: 96,
  physics_domain: GeneralPhysics
}",AFFECTS,557,[Parameter],"{
  network_level: 2,
  knowledge_domain: 喷管空气动力学,
  importance: 0.8,
  name: Exit pressure greater than Ambient pressure,
  description: A nozzle is underexpanded if the gas exits at a pressure higher than the ambient atmospheric pressure.,
  subsystem: General,
  id: 216,
  physics_domain: FluidDynamics
}"
437,[Component],"{
  network_level: 1,
  knowledge_domain: 效率理论,
  importance: 1.0,
  name: Compressor isentropic efficiency,
  description: For a constant polytropic efficiency e_c, the overall isentropic compressor efficiency eta_c drops as the total pressure ratio pi_c increases due to the preheating effect.,
  subsystem: Compression,
  id: 96,
  physics_domain: GeneralPhysics
}",AFFECTS,560,[Parameter],"{
  network_level: 2,
  knowledge_domain: 系统架构,
  importance: 0.8,
  name: High pressure gas tank,
  description: A simpler feed system that uses regulated high-pressure gas to push propellants into the combustion chamber.,
  subsystem: General,
  id: 219,
  physics_domain: FluidDynamics
}"
437,[Component],"{
  network_level: 1,
  knowledge_domain: 效率理论,
  importance: 1.0,
  name: Compressor isentropic efficiency,
  description: For a constant polytropic efficiency e_c, the overall isentropic compressor efficiency eta_c drops as the total pressure ratio pi_c increases due to the preheating effect.,
  subsystem: Compression,
  id: 96,
  physics_domain: GeneralPhysics
}",AFFECTS,573,[Parameter],"{
  network_level: 2,
  knowledge_domain: 循环假设,
  importance: 0.8,
  name: Constant pressure combustion,
  description: It is assumed that combustion occurs at constant total pressure (no pressure drop in the combustor).,
  subsystem: Combustion,
  id: 232,
  physics_domain: FluidDynamics
}"
437,[Component],"{
  network_level: 1,
  knowledge_domain: 效率理论,
  importance: 1.0,
  name: Compressor isentropic efficiency,
  description: For a constant polytropic efficiency e_c, the overall isentropic compressor efficiency eta_c drops as the total pressure ratio pi_c increases due to the preheating effect.,
  subsystem: Compression,
  id: 96,
  physics_domain: GeneralPhysics
}",AFFECTS,586,[Parameter],"{
  network_level: 2,
  knowledge_domain: 真实部件特性,
  importance: 0.8,
  name: Component efficiencies and Total pressure ratios,
  description: The performance of real components is characterized by total temperature ratios, total pressure ratios, efficiencies, and pressure losses.,
  subsystem: General,
  id: 245,
  physics_domain: FluidDynamics
}"
437,[Component],"{
  network_level: 1,
  knowledge_domain: 效率理论,
  importance: 1.0,
  name: Compressor isentropic efficiency,
  description: For a constant polytropic efficiency e_c, the overall isentropic compressor efficiency eta_c drops as the total pressure ratio pi_c increases due to the preheating effect.,
  subsystem: Compression,
  id: 96,
  physics_domain: GeneralPhysics
}",AFFECTS,587,[Parameter],"{
  network_level: 2,
  knowledge_domain: 进气道特性,
  importance: 0.8,
  name: Total pressure ratio pi_d,
  description: The performance of the inlet (or diffuser) is primarily characterized by its total pressure ratio, pi_d = P_t2 / P_t0, also called the inlet recovery factor.,
  subsystem: General,
  id: 246,
  physics_domain: FluidDynamics
}"
437,[Component],"{
  network_level: 1,
  knowledge_domain: 效率理论,
  importance: 1.0,
  name: Compressor isentropic efficiency,
  description: For a constant polytropic efficiency e_c, the overall isentropic compressor efficiency eta_c drops as the total pressure ratio pi_c increases due to the preheating effect.,
  subsystem: Compression,
  id: 96,
  physics_domain: GeneralPhysics
}",AFFECTS,591,[Parameter],"{
  network_level: 2,
  knowledge_domain: 压气机特性,
  importance: 0.8,
  name: Isentropic efficiency and Total pressure ratio,
  description: tau_c = 1 + (pi_c^((gamma-1)/gamma) - 1) / eta_c, which links actual temperature rise to pressure ratio.,
  subsystem: General,
  id: 250,
  physics_domain: FluidDynamics
}"
437,[Component],"{
  network_level: 1,
  knowledge_domain: 效率理论,
  importance: 1.0,
  name: Compressor isentropic efficiency,
  description: For a constant polytropic efficiency e_c, the overall isentropic compressor efficiency eta_c drops as the total pressure ratio pi_c increases due to the preheating effect.,
  subsystem: Compression,
  id: 96,
  physics_domain: GeneralPhysics
}",AFFECTS,593,[Parameter],"{
  network_level: 2,
  knowledge_domain: 效率理论,
  importance: 0.8,
  name: Increasing pressure ratio,
  description: For a constant polytropic efficiency e_c, the overall isentropic compressor efficiency eta_c drops as the total pressure ratio pi_c increases due to the preheating effect.,
  subsystem: General,
  id: 252,
  physics_domain: FluidDynamics
}"
437,[Component],"{
  network_level: 1,
  knowledge_domain: 效率理论,
  importance: 1.0,
  name: Compressor isentropic efficiency,
  description: For a constant polytropic efficiency e_c, the overall isentropic compressor efficiency eta_c drops as the total pressure ratio pi_c increases due to the preheating effect.,
  subsystem: Compression,
  id: 96,
  physics_domain: GeneralPhysics
}",AFFECTS,596,[Parameter],"{
  network_level: 2,
  knowledge_domain: 燃烧室特性,
  importance: 0.8,
  name: Total pressure ratio pi_b,
  description: The total pressure ratio of the combustor pi_b = P_t4 / P_t3 is always less than 1.0 due to viscous friction and cold-to-hot flow momentum pressure drop.,
  subsystem: General,
  id: 255,
  physics_domain: FluidDynamics
}"
437,[Component],"{
  network_level: 1,
  knowledge_domain: 效率理论,
  importance: 1.0,
  name: Compressor isentropic efficiency,
  description: For a constant polytropic efficiency e_c, the overall isentropic compressor efficiency eta_c drops as the total pressure ratio pi_c increases due to the preheating effect.,
  subsystem: Compression,
  id: 96,
  physics_domain: GeneralPhysics
}",AFFECTS,599,[Parameter],"{
  network_level: 2,
  knowledge_domain: 加力燃烧室,
  importance: 0.8,
  name: Total pressure ratio pi_AB,
  description: The total pressure ratio pi_AB = P_t7 / P_t6 account for losses due to flameholders, friction, and high-temperature heat addition.,
  subsystem: General,
  id: 258,
  physics_domain: FluidDynamics
}"
437,[Component],"{
  network_level: 1,
  knowledge_domain: 效率理论,
  importance: 1.0,
  name: Compressor isentropic efficiency,
  description: For a constant polytropic efficiency e_c, the overall isentropic compressor efficiency eta_c drops as the total pressure ratio pi_c increases due to the preheating effect.,
  subsystem: Compression,
  id: 96,
  physics_domain: GeneralPhysics
}",AFFECTS,601,[Parameter],"{
  network_level: 2,
  knowledge_domain: 喷管特性,
  importance: 0.8,
  name: Total pressure ratio pi_n,
  description: The exhaust nozzle performance is characterized by its total pressure ratio pi_n = P_t9 / P_t7, which represents friction losses in the nozzle duct.,
  subsystem: General,
  id: 260,
  physics_domain: FluidDynamics
}"
437,[Component],"{
  network_level: 1,
  knowledge_domain: 效率理论,
  importance: 1.0,
  name: Compressor isentropic efficiency,
  description: For a constant polytropic efficiency e_c, the overall isentropic compressor efficiency eta_c drops as the total pressure ratio pi_c increases due to the preheating effect.,
  subsystem: Compression,
  id: 96,
  physics_domain: GeneralPhysics
}",AFFECTS,607,[Parameter],"{
  network_level: 2,
  knowledge_domain: 推力室特性,
  importance: 0.8,
  name: Stagnation pressure at throat,
  description: Due to high-velocity combustion and friction inside the chamber, the total pressure drops from the injector head to the nozzle throat entrance.,
  subsystem: General,
  id: 266,
  physics_domain: FluidDynamics
}"
437,[Component],"{
  network_level: 1,
  knowledge_domain: 效率理论,
  importance: 1.0,
  name: Compressor isentropic efficiency,
  description: For a constant polytropic efficiency e_c, the overall isentropic compressor efficiency eta_c drops as the total pressure ratio pi_c increases due to the preheating effect.,
  subsystem: Compression,
  id: 96,
  physics_domain: GeneralPhysics
}",AFFECTS,624,[Parameter],"{
  network_level: 2,
  knowledge_domain: 动力循环,
  importance: 0.8,
  name: Higher chamber pressure,
  description: Because the turbine exhaust is injected into the main chamber rather than dumped at low pressure, it allows extremely high chamber pressures (P_c) and higher efficiency.,
  subsystem: General,
  id: 283,
  physics_domain: FluidDynamics
}"
437,[Component],"{
  network_level: 1,
  knowledge_domain: 效率理论,
  importance: 1.0,
  name: Compressor isentropic efficiency,
  description: For a constant polytropic efficiency e_c, the overall isentropic compressor efficiency eta_c drops as the total pressure ratio pi_c increases due to the preheating effect.,
  subsystem: Compression,
  id: 96,
  physics_domain: GeneralPhysics
}",AFFECTS,626,[Parameter],"{
  network_level: 2,
  knowledge_domain: 系统匹配,
  importance: 0.8,
  name: Volumetric flow rate and Pressure rise,
  description: The required shaft power for a propellant pump is proportional to the mass flow rate and pressure rise, divided by the pump efficiency (eta_p).,
  subsystem: General,
  id: 285,
  physics_domain: FluidDynamics
}"
437,[Component],"{
  network_level: 1,
  knowledge_domain: 效率理论,
  importance: 1.0,
  name: Compressor isentropic efficiency,
  description: For a constant polytropic efficiency e_c, the overall isentropic compressor efficiency eta_c drops as the total pressure ratio pi_c increases due to the preheating effect.,
  subsystem: Compression,
  id: 96,
  physics_domain: GeneralPhysics
}",AFFECTS,629,[Parameter],"{
  network_level: 2,
  knowledge_domain: 涡喷循环,
  importance: 0.8,
  name: Real exit velocity and pressure,
  description: The net thrust of a real turbojet must account for exit velocity variations caused by nozzle efficiency (eta_n) and incomplete expansion.,
  subsystem: General,
  id: 288,
  physics_domain: FluidDynamics
}"
437,[Component],"{
  network_level: 1,
  knowledge_domain: 效率理论,
  importance: 1.0,
  name: Compressor isentropic efficiency,
  description: For a constant polytropic efficiency e_c, the overall isentropic compressor efficiency eta_c drops as the total pressure ratio pi_c increases due to the preheating effect.,
  subsystem: Compression,
  id: 96,
  physics_domain: GeneralPhysics
}",AFFECTS,649,[Parameter],"{
  network_level: 2,
  knowledge_domain: 相似准则,
  importance: 0.8,
  name: Mass flow scaled by dimensionless temperature and pressure,
  description: Corrected mass flow rate m_dot_c is defined as m_dot * sqrt(theta) / delta, allowing data from different conditions to be collapsed onto a single curve.,
  subsystem: General,
  id: 308,
  physics_domain: FluidDynamics
}"
437,[Component],"{
  network_level: 1,
  knowledge_domain: 效率理论,
  importance: 1.0,
  name: Compressor isentropic efficiency,
  description: For a constant polytropic efficiency e_c, the overall isentropic compressor efficiency eta_c drops as the total pressure ratio pi_c increases due to the preheating effect.,
  subsystem: Compression,
  id: 96,
  physics_domain: GeneralPhysics
}",AFFECTS,660,[Parameter],"{
  network_level: 2,
  knowledge_domain: 发动机控制,
  importance: 0.8,
  name: Maximum pressure or shaft speed,
  description: At low ambient temperatures (below theta_break), the engine is typically limited by mechanical limits like pressure or spool speed.,
  subsystem: General,
  id: 319,
  physics_domain: FluidDynamics
}"
437,[Component],"{
  network_level: 1,
  knowledge_domain: 效率理论,
  importance: 1.0,
  name: Compressor isentropic efficiency,
  description: For a constant polytropic efficiency e_c, the overall isentropic compressor efficiency eta_c drops as the total pressure ratio pi_c increases due to the preheating effect.,
  subsystem: Compression,
  id: 96,
  physics_domain: GeneralPhysics
}",DECREASES_WITH,593,[Parameter],"{
  network_level: 2,
  knowledge_domain: 效率理论,
  importance: 0.8,
  name: Increasing pressure ratio,
  description: For a constant polytropic efficiency e_c, the overall isentropic compressor efficiency eta_c drops as the total pressure ratio pi_c increases due to the preheating effect.,
  subsystem: General,
  id: 252,
  physics_domain: FluidDynamics
}"
438,[Component],"{
  network_level: 1,
  knowledge_domain: 涡轮特性,
  importance: 1.0,
  name: Turbine total temperature ratio tau_t,
  description: tau_t = 1 - eta_t * (1 - pi_t^((gamma-1)/gamma)), which relates the temperature drop to the expansion pressure ratio.,
  subsystem: Expansion,
  id: 97,
  physics_domain: Thermodynamics
}",AFFECTS,359,[Parameter],"{
  network_level: 2,
  knowledge_domain: 性能指标,
  importance: 0.8,
  name: Thermal efficiency,
  description: Thermal efficiency is the ratio of the rate of kinetic energy production to the thermal power input from fuel.,
  subsystem: General,
  id: 18,
  physics_domain: GeneralPhysics
}"
438,[Component],"{
  network_level: 1,
  knowledge_domain: 涡轮特性,
  importance: 1.0,
  name: Turbine total temperature ratio tau_t,
  description: tau_t = 1 - eta_t * (1 - pi_t^((gamma-1)/gamma)), which relates the temperature drop to the expansion pressure ratio.,
  subsystem: Expansion,
  id: 97,
  physics_domain: Thermodynamics
}",AFFECTS,360,[Parameter],"{
  network_level: 2,
  knowledge_domain: 性能指标,
  importance: 0.8,
  name: Propulsive efficiency,
  description: Propulsive efficiency measures how effectively the engine's kinetic energy output is converted into aircraft propulsive power.,
  subsystem: General,
  id: 19,
  physics_domain: GeneralPhysics
}"
438,[Component],"{
  network_level: 1,
  knowledge_domain: 涡轮特性,
  importance: 1.0,
  name: Turbine total temperature ratio tau_t,
  description: tau_t = 1 - eta_t * (1 - pi_t^((gamma-1)/gamma)), which relates the temperature drop to the expansion pressure ratio.,
  subsystem: Expansion,
  id: 97,
  physics_domain: Thermodynamics
}",AFFECTS,361,[Parameter],"{
  network_level: 2,
  knowledge_domain: 性能指标,
  importance: 0.8,
  name: Overall efficiency,
  description: The overall efficiency of a propulsion system is the product of its thermal and propulsive efficiencies.,
  subsystem: General,
  id: 20,
  physics_domain: GeneralPhysics
}"
438,[Component],"{
  network_level: 1,
  knowledge_domain: 涡轮特性,
  importance: 1.0,
  name: Turbine total temperature ratio tau_t,
  description: tau_t = 1 - eta_t * (1 - pi_t^((gamma-1)/gamma)), which relates the temperature drop to the expansion pressure ratio.,
  subsystem: Expansion,
  id: 97,
  physics_domain: Thermodynamics
}",AFFECTS,436,[Parameter],"{
  network_level: 2,
  knowledge_domain: 效率理论,
  importance: 0.8,
  name: Polytropic efficiency,
  description: Polytropic efficiency (e_c for compressor, e_t for turbine) is defined as the isentropic efficiency of an elemental or infinitesimal stage.,
  subsystem: General,
  id: 95,
  physics_domain: GeneralPhysics
}"
438,[Component],"{
  network_level: 1,
  knowledge_domain: 涡轮特性,
  importance: 1.0,
  name: Turbine total temperature ratio tau_t,
  description: tau_t = 1 - eta_t * (1 - pi_t^((gamma-1)/gamma)), which relates the temperature drop to the expansion pressure ratio.,
  subsystem: Expansion,
  id: 97,
  physics_domain: Thermodynamics
}",AFFECTS,456,[Parameter],"{
  network_level: 2,
  knowledge_domain: 燃烧损失,
  importance: 0.8,
  name: Combustion efficiency,
  description: Combustion efficiency is often expressed as the ratio of actual characteristic velocity (c*_actual) to the theoretical characteristic velocity (c*_theoretical).,
  subsystem: Combustion,
  id: 115,
  physics_domain: GeneralPhysics
}"
438,[Component],"{
  network_level: 1,
  knowledge_domain: 涡轮特性,
  importance: 1.0,
  name: Turbine total temperature ratio tau_t,
  description: tau_t = 1 - eta_t * (1 - pi_t^((gamma-1)/gamma)), which relates the temperature drop to the expansion pressure ratio.,
  subsystem: Expansion,
  id: 97,
  physics_domain: Thermodynamics
}",AFFECTS,471,[Parameter],"{
  network_level: 2,
  knowledge_domain: 涡喷循环,
  importance: 0.8,
  name: Real turbojet efficiency,
  description: Irreversibilities in the compressor and turbine increase entropy, directly decreasing the specific thrust and increasing the TSFC.,
  subsystem: General,
  id: 130,
  physics_domain: GeneralPhysics
}"
438,[Component],"{
  network_level: 1,
  knowledge_domain: 涡轮特性,
  importance: 1.0,
  name: Turbine total temperature ratio tau_t,
  description: tau_t = 1 - eta_t * (1 - pi_t^((gamma-1)/gamma)), which relates the temperature drop to the expansion pressure ratio.,
  subsystem: Expansion,
  id: 97,
  physics_domain: Thermodynamics
}",AFFECTS,477,[Parameter],"{
  network_level: 2,
  knowledge_domain: 部件匹配,
  importance: 0.8,
  name: Mixer efficiency,
  description: Aerodynamic mixing of streams with different total temperatures and velocities introduces viscous shearing losses, reducing overall total pressure.,
  subsystem: General,
  id: 136,
  physics_domain: GeneralPhysics
}"
438,[Component],"{
  network_level: 1,
  knowledge_domain: 涡轮特性,
  importance: 1.0,
  name: Turbine total temperature ratio tau_t,
  description: tau_t = 1 - eta_t * (1 - pi_t^((gamma-1)/gamma)), which relates the temperature drop to the expansion pressure ratio.,
  subsystem: Expansion,
  id: 97,
  physics_domain: Thermodynamics
}",AFFECTS,480,[Parameter],"{
  network_level: 2,
  knowledge_domain: 性能指标,
  importance: 0.8,
  name: Propeller efficiency eta_prop,
  description: The efficiency with which the propeller converts the brake shaft horsepower into effective aircraft propulsive power.,
  subsystem: General,
  id: 139,
  physics_domain: GeneralPhysics
}"
438,[Component],"{
  network_level: 1,
  knowledge_domain: 涡轮特性,
  importance: 1.0,
  name: Turbine total temperature ratio tau_t,
  description: tau_t = 1 - eta_t * (1 - pi_t^((gamma-1)/gamma)), which relates the temperature drop to the expansion pressure ratio.,
  subsystem: Expansion,
  id: 97,
  physics_domain: Thermodynamics
}",AFFECTS,514,[Parameter],"{
  network_level: 2,
  knowledge_domain: 性能指标,
  importance: 0.8,
  name: Thermal efficiency and Propulsive efficiency,
  description: The overall efficiency of a propulsion system is the product of its thermal and propulsive efficiencies.,
  subsystem: General,
  id: 173,
  physics_domain: GeneralPhysics
}"
438,[Component],"{
  network_level: 1,
  knowledge_domain: 涡轮特性,
  importance: 1.0,
  name: Turbine total temperature ratio tau_t,
  description: tau_t = 1 - eta_t * (1 - pi_t^((gamma-1)/gamma)), which relates the temperature drop to the expansion pressure ratio.,
  subsystem: Expansion,
  id: 97,
  physics_domain: Thermodynamics
}",AFFECTS,590,[Parameter],"{
  network_level: 2,
  knowledge_domain: 压气机特性,
  importance: 0.8,
  name: Isentropic efficiency eta_c,
  description: The isentropic compressor efficiency eta_c is defined as the ratio of ideal (isentropic) work to the actual work required for a given total pressure ratio.,
  subsystem: General,
  id: 249,
  physics_domain: GeneralPhysics
}"
438,[Component],"{
  network_level: 1,
  knowledge_domain: 涡轮特性,
  importance: 1.0,
  name: Turbine total temperature ratio tau_t,
  description: tau_t = 1 - eta_t * (1 - pi_t^((gamma-1)/gamma)), which relates the temperature drop to the expansion pressure ratio.,
  subsystem: Expansion,
  id: 97,
  physics_domain: Thermodynamics
}",AFFECTS,591,[Parameter],"{
  network_level: 2,
  knowledge_domain: 压气机特性,
  importance: 0.8,
  name: Isentropic efficiency and Total pressure ratio,
  description: tau_c = 1 + (pi_c^((gamma-1)/gamma) - 1) / eta_c, which links actual temperature rise to pressure ratio.,
  subsystem: General,
  id: 250,
  physics_domain: FluidDynamics
}"
438,[Component],"{
  network_level: 1,
  knowledge_domain: 涡轮特性,
  importance: 1.0,
  name: Turbine total temperature ratio tau_t,
  description: tau_t = 1 - eta_t * (1 - pi_t^((gamma-1)/gamma)), which relates the temperature drop to the expansion pressure ratio.,
  subsystem: Expansion,
  id: 97,
  physics_domain: Thermodynamics
}",AFFECTS,592,[Parameter],"{
  network_level: 2,
  knowledge_domain: 效率理论,
  importance: 0.8,
  name: Isentropic efficiency of an infinitesimal stage,
  description: Polytropic efficiency (e_c for compressor, e_t for turbine) is defined as the isentropic efficiency of an elemental or infinitesimal stage.,
  subsystem: General,
  id: 251,
  physics_domain: GeneralPhysics
}"
438,[Component],"{
  network_level: 1,
  knowledge_domain: 涡轮特性,
  importance: 1.0,
  name: Turbine total temperature ratio tau_t,
  description: tau_t = 1 - eta_t * (1 - pi_t^((gamma-1)/gamma)), which relates the temperature drop to the expansion pressure ratio.,
  subsystem: Expansion,
  id: 97,
  physics_domain: Thermodynamics
}",AFFECTS,594,[Parameter],"{
  network_level: 2,
  knowledge_domain: 涡轮特性,
  importance: 0.8,
  name: Isentropic efficiency eta_t,
  description: The isentropic turbine efficiency eta_t is defined as the ratio of actual work output to the ideal (isentropic) work output for a given total pressure ratio.,
  subsystem: General,
  id: 253,
  physics_domain: GeneralPhysics
}"
438,[Component],"{
  network_level: 1,
  knowledge_domain: 涡轮特性,
  importance: 1.0,
  name: Turbine total temperature ratio tau_t,
  description: tau_t = 1 - eta_t * (1 - pi_t^((gamma-1)/gamma)), which relates the temperature drop to the expansion pressure ratio.,
  subsystem: Expansion,
  id: 97,
  physics_domain: Thermodynamics
}",AFFECTS,595,[Parameter],"{
  network_level: 2,
  knowledge_domain: 燃烧室特性,
  importance: 0.8,
  name: Combustion efficiency eta_b,
  description: Combustion efficiency eta_b is the ratio of the actual thermal energy released to the chemical energy available in the fuel.,
  subsystem: Combustion,
  id: 254,
  physics_domain: GeneralPhysics
}"
438,[Component],"{
  network_level: 1,
  knowledge_domain: 涡轮特性,
  importance: 1.0,
  name: Turbine total temperature ratio tau_t,
  description: tau_t = 1 - eta_t * (1 - pi_t^((gamma-1)/gamma)), which relates the temperature drop to the expansion pressure ratio.,
  subsystem: Expansion,
  id: 97,
  physics_domain: Thermodynamics
}",AFFECTS,600,[Parameter],"{
  network_level: 2,
  knowledge_domain: 机械传动,
  importance: 0.8,
  name: Mechanical efficiency eta_m,
  description: Mechanical efficiency eta_m accounts for frictional power losses in bearings and accessory gearboxes connecting the turbine and compressor shafts.,
  subsystem: General,
  id: 259,
  physics_domain: GeneralPhysics
}"
438,[Component],"{
  network_level: 1,
  knowledge_domain: 涡轮特性,
  importance: 1.0,
  name: Turbine total temperature ratio tau_t,
  description: tau_t = 1 - eta_t * (1 - pi_t^((gamma-1)/gamma)), which relates the temperature drop to the expansion pressure ratio.,
  subsystem: Expansion,
  id: 97,
  physics_domain: Thermodynamics
}",CALCULATED_FROM,591,[Parameter],"{
  network_level: 2,
  knowledge_domain: 压气机特性,
  importance: 0.8,
  name: Isentropic efficiency and Total pressure ratio,
  description: tau_c = 1 + (pi_c^((gamma-1)/gamma) - 1) / eta_c, which links actual temperature rise to pressure ratio.,
  subsystem: General,
  id: 250,
  physics_domain: FluidDynamics
}"
439,[Component],"{
  network_level: 1,
  knowledge_domain: 效率理论,
  importance: 1.0,
  name: Turbine isentropic efficiency,
  description: For a constant polytropic efficiency e_t, the overall isentropic turbine efficiency eta_t rises as the pressure ratio increases due to the reheating effect.,
  subsystem: Expansion,
  id: 98,
  physics_domain: GeneralPhysics
}",AFFECTS,359,[Parameter],"{
  network_level: 2,
  knowledge_domain: 性能指标,
  importance: 0.8,
  name: Thermal efficiency,
  description: Thermal efficiency is the ratio of the rate of kinetic energy production to the thermal power input from fuel.,
  subsystem: General,
  id: 18,
  physics_domain: GeneralPhysics
}"
439,[Component],"{
  network_level: 1,
  knowledge_domain: 效率理论,
  importance: 1.0,
  name: Turbine isentropic efficiency,
  description: For a constant polytropic efficiency e_t, the overall isentropic turbine efficiency eta_t rises as the pressure ratio increases due to the reheating effect.,
  subsystem: Expansion,
  id: 98,
  physics_domain: GeneralPhysics
}",AFFECTS,360,[Parameter],"{
  network_level: 2,
  knowledge_domain: 性能指标,
  importance: 0.8,
  name: Propulsive efficiency,
  description: Propulsive efficiency measures how effectively the engine's kinetic energy output is converted into aircraft propulsive power.,
  subsystem: General,
  id: 19,
  physics_domain: GeneralPhysics
}"
439,[Component],"{
  network_level: 1,
  knowledge_domain: 效率理论,
  importance: 1.0,
  name: Turbine isentropic efficiency,
  description: For a constant polytropic efficiency e_t, the overall isentropic turbine efficiency eta_t rises as the pressure ratio increases due to the reheating effect.,
  subsystem: Expansion,
  id: 98,
  physics_domain: GeneralPhysics
}",AFFECTS,361,[Parameter],"{
  network_level: 2,
  knowledge_domain: 性能指标,
  importance: 0.8,
  name: Overall efficiency,
  description: The overall efficiency of a propulsion system is the product of its thermal and propulsive efficiencies.,
  subsystem: General,
  id: 20,
  physics_domain: GeneralPhysics
}"
439,[Component],"{
  network_level: 1,
  knowledge_domain: 效率理论,
  importance: 1.0,
  name: Turbine isentropic efficiency,
  description: For a constant polytropic efficiency e_t, the overall isentropic turbine efficiency eta_t rises as the pressure ratio increases due to the reheating effect.,
  subsystem: Expansion,
  id: 98,
  physics_domain: GeneralPhysics
}",AFFECTS,436,[Parameter],"{
  network_level: 2,
  knowledge_domain: 效率理论,
  importance: 0.8,
  name: Polytropic efficiency,
  description: Polytropic efficiency (e_c for compressor, e_t for turbine) is defined as the isentropic efficiency of an elemental or infinitesimal stage.,
  subsystem: General,
  id: 95,
  physics_domain: GeneralPhysics
}"
439,[Component],"{
  network_level: 1,
  knowledge_domain: 效率理论,
  importance: 1.0,
  name: Turbine isentropic efficiency,
  description: For a constant polytropic efficiency e_t, the overall isentropic turbine efficiency eta_t rises as the pressure ratio increases due to the reheating effect.,
  subsystem: Expansion,
  id: 98,
  physics_domain: GeneralPhysics
}",AFFECTS,456,[Parameter],"{
  network_level: 2,
  knowledge_domain: 燃烧损失,
  importance: 0.8,
  name: Combustion efficiency,
  description: Combustion efficiency is often expressed as the ratio of actual characteristic velocity (c*_actual) to the theoretical characteristic velocity (c*_theoretical).,
  subsystem: Combustion,
  id: 115,
  physics_domain: GeneralPhysics
}"
439,[Component],"{
  network_level: 1,
  knowledge_domain: 效率理论,
  importance: 1.0,
  name: Turbine isentropic efficiency,
  description: For a constant polytropic efficiency e_t, the overall isentropic turbine efficiency eta_t rises as the pressure ratio increases due to the reheating effect.,
  subsystem: Expansion,
  id: 98,
  physics_domain: GeneralPhysics
}",AFFECTS,471,[Parameter],"{
  network_level: 2,
  knowledge_domain: 涡喷循环,
  importance: 0.8,
  name: Real turbojet efficiency,
  description: Irreversibilities in the compressor and turbine increase entropy, directly decreasing the specific thrust and increasing the TSFC.,
  subsystem: General,
  id: 130,
  physics_domain: GeneralPhysics
}"
439,[Component],"{
  network_level: 1,
  knowledge_domain: 效率理论,
  importance: 1.0,
  name: Turbine isentropic efficiency,
  description: For a constant polytropic efficiency e_t, the overall isentropic turbine efficiency eta_t rises as the pressure ratio increases due to the reheating effect.,
  subsystem: Expansion,
  id: 98,
  physics_domain: GeneralPhysics
}",AFFECTS,477,[Parameter],"{
  network_level: 2,
  knowledge_domain: 部件匹配,
  importance: 0.8,
  name: Mixer efficiency,
  description: Aerodynamic mixing of streams with different total temperatures and velocities introduces viscous shearing losses, reducing overall total pressure.,
  subsystem: General,
  id: 136,
  physics_domain: GeneralPhysics
}"
439,[Component],"{
  network_level: 1,
  knowledge_domain: 效率理论,
  importance: 1.0,
  name: Turbine isentropic efficiency,
  description: For a constant polytropic efficiency e_t, the overall isentropic turbine efficiency eta_t rises as the pressure ratio increases due to the reheating effect.,
  subsystem: Expansion,
  id: 98,
  physics_domain: GeneralPhysics
}",AFFECTS,480,[Parameter],"{
  network_level: 2,
  knowledge_domain: 性能指标,
  importance: 0.8,
  name: Propeller efficiency eta_prop,
  description: The efficiency with which the propeller converts the brake shaft horsepower into effective aircraft propulsive power.,
  subsystem: General,
  id: 139,
  physics_domain: GeneralPhysics
}"
439,[Component],"{
  network_level: 1,
  knowledge_domain: 效率理论,
  importance: 1.0,
  name: Turbine isentropic efficiency,
  description: For a constant polytropic efficiency e_t, the overall isentropic turbine efficiency eta_t rises as the pressure ratio increases due to the reheating effect.,
  subsystem: Expansion,
  id: 98,
  physics_domain: GeneralPhysics
}",AFFECTS,514,[Parameter],"{
  network_level: 2,
  knowledge_domain: 性能指标,
  importance: 0.8,
  name: Thermal efficiency and Propulsive efficiency,
  description: The overall efficiency of a propulsion system is the product of its thermal and propulsive efficiencies.,
  subsystem: General,
  id: 173,
  physics_domain: GeneralPhysics
}"
439,[Component],"{
  network_level: 1,
  knowledge_domain: 效率理论,
  importance: 1.0,
  name: Turbine isentropic efficiency,
  description: For a constant polytropic efficiency e_t, the overall isentropic turbine efficiency eta_t rises as the pressure ratio increases due to the reheating effect.,
  subsystem: Expansion,
  id: 98,
  physics_domain: GeneralPhysics
}",AFFECTS,590,[Parameter],"{
  network_level: 2,
  knowledge_domain: 压气机特性,
  importance: 0.8,
  name: Isentropic efficiency eta_c,
  description: The isentropic compressor efficiency eta_c is defined as the ratio of ideal (isentropic) work to the actual work required for a given total pressure ratio.,
  subsystem: General,
  id: 249,
  physics_domain: GeneralPhysics
}"
439,[Component],"{
  network_level: 1,
  knowledge_domain: 效率理论,
  importance: 1.0,
  name: Turbine isentropic efficiency,
  description: For a constant polytropic efficiency e_t, the overall isentropic turbine efficiency eta_t rises as the pressure ratio increases due to the reheating effect.,
  subsystem: Expansion,
  id: 98,
  physics_domain: GeneralPhysics
}",AFFECTS,591,[Parameter],"{
  network_level: 2,
  knowledge_domain: 压气机特性,
  importance: 0.8,
  name: Isentropic efficiency and Total pressure ratio,
  description: tau_c = 1 + (pi_c^((gamma-1)/gamma) - 1) / eta_c, which links actual temperature rise to pressure ratio.,
  subsystem: General,
  id: 250,
  physics_domain: FluidDynamics
}"
439,[Component],"{
  network_level: 1,
  knowledge_domain: 效率理论,
  importance: 1.0,
  name: Turbine isentropic efficiency,
  description: For a constant polytropic efficiency e_t, the overall isentropic turbine efficiency eta_t rises as the pressure ratio increases due to the reheating effect.,
  subsystem: Expansion,
  id: 98,
  physics_domain: GeneralPhysics
}",AFFECTS,592,[Parameter],"{
  network_level: 2,
  knowledge_domain: 效率理论,
  importance: 0.8,
  name: Isentropic efficiency of an infinitesimal stage,
  description: Polytropic efficiency (e_c for compressor, e_t for turbine) is defined as the isentropic efficiency of an elemental or infinitesimal stage.,
  subsystem: General,
  id: 251,
  physics_domain: GeneralPhysics
}"
439,[Component],"{
  network_level: 1,
  knowledge_domain: 效率理论,
  importance: 1.0,
  name: Turbine isentropic efficiency,
  description: For a constant polytropic efficiency e_t, the overall isentropic turbine efficiency eta_t rises as the pressure ratio increases due to the reheating effect.,
  subsystem: Expansion,
  id: 98,
  physics_domain: GeneralPhysics
}",AFFECTS,594,[Parameter],"{
  network_level: 2,
  knowledge_domain: 涡轮特性,
  importance: 0.8,
  name: Isentropic efficiency eta_t,
  description: The isentropic turbine efficiency eta_t is defined as the ratio of actual work output to the ideal (isentropic) work output for a given total pressure ratio.,
  subsystem: General,
  id: 253,
  physics_domain: GeneralPhysics
}"
439,[Component],"{
  network_level: 1,
  knowledge_domain: 效率理论,
  importance: 1.0,
  name: Turbine isentropic efficiency,
  description: For a constant polytropic efficiency e_t, the overall isentropic turbine efficiency eta_t rises as the pressure ratio increases due to the reheating effect.,
  subsystem: Expansion,
  id: 98,
  physics_domain: GeneralPhysics
}",AFFECTS,595,[Parameter],"{
  network_level: 2,
  knowledge_domain: 燃烧室特性,
  importance: 0.8,
  name: Combustion efficiency eta_b,
  description: Combustion efficiency eta_b is the ratio of the actual thermal energy released to the chemical energy available in the fuel.,
  subsystem: Combustion,
  id: 254,
  physics_domain: GeneralPhysics
}"
439,[Component],"{
  network_level: 1,
  knowledge_domain: 效率理论,
  importance: 1.0,
  name: Turbine isentropic efficiency,
  description: For a constant polytropic efficiency e_t, the overall isentropic turbine efficiency eta_t rises as the pressure ratio increases due to the reheating effect.,
  subsystem: Expansion,
  id: 98,
  physics_domain: GeneralPhysics
}",AFFECTS,600,[Parameter],"{
  network_level: 2,
  knowledge_domain: 机械传动,
  importance: 0.8,
  name: Mechanical efficiency eta_m,
  description: Mechanical efficiency eta_m accounts for frictional power losses in bearings and accessory gearboxes connecting the turbine and compressor shafts.,
  subsystem: General,
  id: 259,
  physics_domain: GeneralPhysics
}"
439,[Component],"{
  network_level: 1,
  knowledge_domain: 效率理论,
  importance: 1.0,
  name: Turbine isentropic efficiency,
  description: For a constant polytropic efficiency e_t, the overall isentropic turbine efficiency eta_t rises as the pressure ratio increases due to the reheating effect.,
  subsystem: Expansion,
  id: 98,
  physics_domain: GeneralPhysics
}",INCREASES_WITH,593,[Parameter],"{
  network_level: 2,
  knowledge_domain: 效率理论,
  importance: 0.8,
  name: Increasing pressure ratio,
  description: For a constant polytropic efficiency e_c, the overall isentropic compressor efficiency eta_c drops as the total pressure ratio pi_c increases due to the preheating effect.,
  subsystem: General,
  id: 252,
  physics_domain: FluidDynamics
}"
440,[Component],"{
  network_level: 1,
  knowledge_domain: 燃烧室特性,
  importance: 1.0,
  name: Combustor,
  description: Combustion efficiency eta_b is the ratio of the actual thermal energy released to the chemical energy available in the fuel.,
  subsystem: Combustion,
  id: 99,
  physics_domain: GeneralPhysics
}",AFFECTS,377,[Parameter],"{
  network_level: 2,
  knowledge_domain: 热力学属性,
  importance: 0.8,
  name: Stagnation temperature,
  description: Stagnation temperature (or total temperature) T_t represents the temperature achieved when a fluid is decelerated to zero velocity adiabatically.,
  subsystem: General,
  id: 36,
  physics_domain: Thermodynamics
}"
440,[Component],"{
  network_level: 1,
  knowledge_domain: 燃烧室特性,
  importance: 1.0,
  name: Combustor,
  description: Combustion efficiency eta_b is the ratio of the actual thermal energy released to the chemical energy available in the fuel.,
  subsystem: Combustion,
  id: 99,
  physics_domain: GeneralPhysics
}",AFFECTS,419,[Parameter],"{
  network_level: 2,
  knowledge_domain: 热力学参数,
  importance: 0.8,
  name: Total temperature ratio tau,
  description: The dimensionless parameter tau represents the ratio of stagnation temperatures across a component.,
  subsystem: General,
  id: 78,
  physics_domain: Thermodynamics
}"
440,[Component],"{
  network_level: 1,
  knowledge_domain: 燃烧室特性,
  importance: 1.0,
  name: Combustor,
  description: Combustion efficiency eta_b is the ratio of the actual thermal energy released to the chemical energy available in the fuel.,
  subsystem: Combustion,
  id: 99,
  physics_domain: GeneralPhysics
}",AFFECTS,540,[Parameter],"{
  network_level: 2,
  knowledge_domain: 激波理论,
  importance: 0.8,
  name: Static temperature,
  description: Static temperature increases across a normal shock wave.,
  subsystem: General,
  id: 199,
  physics_domain: Thermodynamics
}"
440,[Component],"{
  network_level: 1,
  knowledge_domain: 燃烧室特性,
  importance: 1.0,
  name: Combustor,
  description: Combustion efficiency eta_b is the ratio of the actual thermal energy released to the chemical energy available in the fuel.,
  subsystem: Combustion,
  id: 99,
  physics_domain: GeneralPhysics
}",AFFECTS,611,[Parameter],"{
  network_level: 2,
  knowledge_domain: 燃烧损失,
  importance: 0.8,
  name: Chamber stagnation temperature,
  description: Failure to achieve perfect chemical equilibrium or full mixing of oxidizer and fuel lowers the combustion temperature T_c below its theoretical adiabatic value.,
  subsystem: General,
  id: 270,
  physics_domain: Thermodynamics
}"
440,[Component],"{
  network_level: 1,
  knowledge_domain: 燃烧室特性,
  importance: 1.0,
  name: Combustor,
  description: Combustion efficiency eta_b is the ratio of the actual thermal energy released to the chemical energy available in the fuel.,
  subsystem: Combustion,
  id: 99,
  physics_domain: GeneralPhysics
}",AFFECTS,649,[Parameter],"{
  network_level: 2,
  knowledge_domain: 相似准则,
  importance: 0.8,
  name: Mass flow scaled by dimensionless temperature and pressure,
  description: Corrected mass flow rate m_dot_c is defined as m_dot * sqrt(theta) / delta, allowing data from different conditions to be collapsed onto a single curve.,
  subsystem: General,
  id: 308,
  physics_domain: FluidDynamics
}"
440,[Component],"{
  network_level: 1,
  knowledge_domain: 燃烧室特性,
  importance: 1.0,
  name: Combustor,
  description: Combustion efficiency eta_b is the ratio of the actual thermal energy released to the chemical energy available in the fuel.,
  subsystem: Combustion,
  id: 99,
  physics_domain: GeneralPhysics
}",AFFECTS,678,[Parameter],"{
  network_level: 2,
  knowledge_domain: CrossDomain,
  importance: 0.8,
  name: Component temperature ratios,
  description: The stage-independent polytropic efficiencies defined in Chapter 5 are used as fundamental inputs for real cycle (Chapter 7) and off-design (Chapter 8) math models.,
  subsystem: General,
  id: 337,
  physics_domain: Thermodynamics
}"
440,[Component],"{
  network_level: 1,
  knowledge_domain: 燃烧室特性,
  importance: 1.0,
  name: Combustor,
  description: Combustion efficiency eta_b is the ratio of the actual thermal energy released to the chemical energy available in the fuel.,
  subsystem: Combustion,
  id: 99,
  physics_domain: GeneralPhysics
}",CHARACTERIZED_BY,595,[Parameter],"{
  network_level: 2,
  knowledge_domain: 燃烧室特性,
  importance: 0.8,
  name: Combustion efficiency eta_b,
  description: Combustion efficiency eta_b is the ratio of the actual thermal energy released to the chemical energy available in the fuel.,
  subsystem: Combustion,
  id: 254,
  physics_domain: GeneralPhysics
}"
441,[BoundaryCondition],"{
  network_level: 4,
  knowledge_domain: 燃烧室特性,
  importance: 0.5,
  name: Combustor pressure loss,
  description: The total pressure ratio of the combustor pi_b = P_t4 / P_t3 is always less than 1.0 due to viscous friction and cold-to-hot flow momentum pressure drop.,
  subsystem: Combustion,
  id: 100,
  physics_domain: FluidDynamics
}",QUANTIFIED_BY,596,[Parameter],"{
  network_level: 2,
  knowledge_domain: 燃烧室特性,
  importance: 0.8,
  name: Total pressure ratio pi_b,
  description: The total pressure ratio of the combustor pi_b = P_t4 / P_t3 is always less than 1.0 due to viscous friction and cold-to-hot flow momentum pressure drop.,
  subsystem: General,
  id: 255,
  physics_domain: FluidDynamics
}"
441,[BoundaryCondition],"{
  network_level: 4,
  knowledge_domain: 燃烧室特性,
  importance: 0.5,
  name: Combustor pressure loss,
  description: The total pressure ratio of the combustor pi_b = P_t4 / P_t3 is always less than 1.0 due to viscous friction and cold-to-hot flow momentum pressure drop.,
  subsystem: Combustion,
  id: 100,
  physics_domain: FluidDynamics
}",CAUSED_BY,597,[Parameter],"{
  network_level: 2,
  knowledge_domain: 燃烧室特性,
  importance: 0.8,
  name: Friction and Fundamental thermal loading,
  description: Total pressure drops because of skin friction in the liner liners/swirlers and the fundamental thermodynamic loss from adding heat at finite Mach numbers.,
  subsystem: General,
  id: 256,
  physics_domain: GeneralPhysics
}"
441,[BoundaryCondition],"{
  network_level: 4,
  knowledge_domain: 燃烧室特性,
  importance: 0.5,
  name: Combustor pressure loss,
  description: The total pressure ratio of the combustor pi_b = P_t4 / P_t3 is always less than 1.0 due to viscous friction and cold-to-hot flow momentum pressure drop.,
  subsystem: Combustion,
  id: 100,
  physics_domain: FluidDynamics
}",CAUSES_SHIFT_IN,677,[Parameter],"{
  network_level: 2,
  knowledge_domain: CrossDomain,
  importance: 0.8,
  name: Optimal engine bypass ratio,
  description: The combustor and duct pressure losses detailed in Chapter 5 directly reduce the theoretical optimum bypass ratio when evaluated in Chapter 7 real cycles.,
  subsystem: General,
  id: 336,
  physics_domain: GeneralPhysics
}"
442,[Component],"{
  network_level: 1,
  knowledge_domain: 加力燃烧室,
  importance: 1.0,
  name: Afterburner,
  description: The efficiency eta_AB measures how completely the fuel burns in the afterburner duct upstream of the exit nozzle.,
  subsystem: Combustion,
  id: 101,
  physics_domain: GeneralPhysics
}",CHARACTERIZED_BY,598,[Component],"{
  network_level: 1,
  knowledge_domain: 加力燃烧室,
  importance: 1.0,
  name: Afterburner efficiency eta_AB,
  description: The efficiency eta_AB measures how completely the fuel burns in the afterburner duct upstream of the exit nozzle.,
  subsystem: Combustion,
  id: 257,
  physics_domain: GeneralPhysics
}"
443,[BoundaryCondition],"{
  network_level: 4,
  knowledge_domain: 加力燃烧室,
  importance: 0.5,
  name: Afterburner pressure loss,
  description: The total pressure ratio pi_AB = P_t7 / P_t6 account for losses due to flameholders, friction, and high-temperature heat addition.,
  subsystem: Combustion,
  id: 102,
  physics_domain: FluidDynamics
}",QUANTIFIED_BY,599,[Parameter],"{
  network_level: 2,
  knowledge_domain: 加力燃烧室,
  importance: 0.8,
  name: Total pressure ratio pi_AB,
  description: The total pressure ratio pi_AB = P_t7 / P_t6 account for losses due to flameholders, friction, and high-temperature heat addition.,
  subsystem: General,
  id: 258,
  physics_domain: FluidDynamics
}"
444,[Parameter],"{
  network_level: 2,
  knowledge_domain: 机械传动,
  importance: 0.8,
  name: Mechanical transmission,
  description: Mechanical efficiency eta_m accounts for frictional power losses in bearings and accessory gearboxes connecting the turbine and compressor shafts.,
  subsystem: General,
  id: 103,
  physics_domain: GeneralPhysics
}",CHARACTERIZED_BY,600,[Parameter],"{
  network_level: 2,
  knowledge_domain: 机械传动,
  importance: 0.8,
  name: Mechanical efficiency eta_m,
  description: Mechanical efficiency eta_m accounts for frictional power losses in bearings and accessory gearboxes connecting the turbine and compressor shafts.,
  subsystem: General,
  id: 259,
  physics_domain: GeneralPhysics
}"
445,[Component],"{
  network_level: 1,
  knowledge_domain: 喷管特性,
  importance: 1.0,
  name: Exhaust nozzle,
  description: The exhaust nozzle performance is characterized by its total pressure ratio pi_n = P_t9 / P_t7, which represents friction losses in the nozzle duct.,
  subsystem: Exhaust,
  id: 104,
  physics_domain: GeneralPhysics
}",CHARACTERIZED_BY,601,[Parameter],"{
  network_level: 2,
  knowledge_domain: 喷管特性,
  importance: 0.8,
  name: Total pressure ratio pi_n,
  description: The exhaust nozzle performance is characterized by its total pressure ratio pi_n = P_t9 / P_t7, which represents friction losses in the nozzle duct.,
  subsystem: General,
  id: 260,
  physics_domain: FluidDynamics
}"
446,[Component],"{
  network_level: 1,
  knowledge_domain: 喷管特性,
  importance: 1.0,
  name: Nozzle angularity coefficient,
  description: An angularity factor (or divergence factor C_ang) accounts for the non-axial exit velocity vector at the nozzle plane, reducing net thrust.,
  subsystem: Exhaust,
  id: 105,
  physics_domain: GeneralPhysics
}",REDUCES,602,[Parameter],"{
  network_level: 2,
  knowledge_domain: 喷管特性,
  importance: 0.8,
  name: Exit momentum thrust,
  description: An angularity factor (or divergence factor C_ang) accounts for the non-axial exit velocity vector at the nozzle plane, reducing net thrust.,
  subsystem: General,
  id: 261,
  physics_domain: GeneralPhysics
}"
447,[Parameter],"{
  network_level: 2,
  knowledge_domain: 系统能量,
  importance: 0.8,
  name: Power take-off,
  description: Extraction of mechanical shaft power (P_TO) to run aircraft accessories directly reduces the turbine power available to drive the compressor.,
  subsystem: General,
  id: 106,
  physics_domain: GeneralPhysics
}",INCREASES,646,[BoundaryCondition],"{
  network_level: 4,
  knowledge_domain: 损失效应,
  importance: 0.5,
  name: Required turbine temperature drop,
  description: Extracting mechanical power from the shaft forces the turbine to work harder, which reduces the total enthalpy available for the exhaust jet.,
  subsystem: Expansion,
  id: 305,
  physics_domain: Thermodynamics
}"
447,[Parameter],"{
  network_level: 2,
  knowledge_domain: 系统能量,
  importance: 0.8,
  name: Power take-off,
  description: Extraction of mechanical shaft power (P_TO) to run aircraft accessories directly reduces the turbine power available to drive the compressor.,
  subsystem: General,
  id: 106,
  physics_domain: GeneralPhysics
}",REDUCES,603,[Component],"{
  network_level: 1,
  knowledge_domain: 系统能量,
  importance: 1.0,
  name: Available turbine power for compression,
  description: Extraction of mechanical shaft power (P_TO) to run aircraft accessories directly reduces the turbine power available to drive the compressor.,
  subsystem: Compression,
  id: 262,
  physics_domain: GeneralPhysics
}"
448,[Parameter],"{
  network_level: 2,
  knowledge_domain: 系统能量,
  importance: 0.8,
  name: Bleed air extraction,
  description: Extracting high-pressure compressed air from the compressor exit for cabin environmental control systems (ECS) or turbine blade cooling reduces the downstream mass flow.,
  subsystem: General,
  id: 107,
  physics_domain: GeneralPhysics
}",INCREASES,357,[Parameter],"{
  network_level: 2,
  knowledge_domain: 性能指标,
  importance: 0.8,
  name: Thrust specific fuel consumption,
  description: Thrust specific fuel consumption (TSFC or S) is defined as the mass flow rate of fuel divided by the thrust.,
  subsystem: General,
  id: 16,
  physics_domain: GeneralPhysics
}"
448,[Parameter],"{
  network_level: 2,
  knowledge_domain: 系统能量,
  importance: 0.8,
  name: Bleed air extraction,
  description: Extracting high-pressure compressed air from the compressor exit for cabin environmental control systems (ECS) or turbine blade cooling reduces the downstream mass flow.,
  subsystem: General,
  id: 107,
  physics_domain: GeneralPhysics
}",REDUCES,604,[Parameter],"{
  network_level: 2,
  knowledge_domain: 系统能量,
  importance: 0.8,
  name: Core mass flow rate,
  description: Extracting high-pressure compressed air from the compressor exit for cabin environmental control systems (ECS) or turbine blade cooling reduces the downstream mass flow.,
  subsystem: General,
  id: 263,
  physics_domain: FluidDynamics
}"
449,[Parameter],"{
  network_level: 2,
  knowledge_domain: 涡轮冷却,
  importance: 0.8,
  name: Cooling air mixing,
  description: Reintroducing relatively cool bleed air into the turbine stages for blade cooling causes aerodynamic mixing losses and lowers the effective total temperature of the gas.,
  subsystem: General,
  id: 108,
  physics_domain: GeneralPhysics
}",REDUCES,605,[Component],"{
  network_level: 1,
  knowledge_domain: 涡轮冷却,
  importance: 1.0,
  name: Turbine inlet stagnation temperature,
  description: Reintroducing relatively cool bleed air into the turbine stages for blade cooling causes aerodynamic mixing losses and lowers the effective total temperature of the gas.,
  subsystem: Expansion,
  id: 264,
  physics_domain: Thermodynamics
}"
450,[Parameter],"{
  network_level: 2,
  knowledge_domain: 真实火箭特性,
  importance: 0.8,
  name: Real rocket performance,
  description: Analysis of real rocket engines requires accounting for non-ideal effects including nozzle efficiency, incomplete combustion, heat transfer, and complex chemical behaviors.,
  subsystem: General,
  id: 109,
  physics_domain: GeneralPhysics
}",ACCOUNTS_FOR,606,[Parameter],"{
  network_level: 2,
  knowledge_domain: 真实火箭特性,
  importance: 0.8,
  name: Component efficiencies and Chemical reactions,
  description: Analysis of real rocket engines requires accounting for non-ideal effects including nozzle efficiency, incomplete combustion, heat transfer, and complex chemical behaviors.,
  subsystem: General,
  id: 265,
  physics_domain: GeneralPhysics
}"
451,[Parameter],"{
  network_level: 2,
  knowledge_domain: 推力室特性,
  importance: 0.8,
  name: Combustion chamber pressure,
  description: Due to high-velocity combustion and friction inside the chamber, the total pressure drops from the injector head to the nozzle throat entrance.,
  subsystem: Combustion,
  id: 110,
  physics_domain: FluidDynamics
}",USED_IN,663,[Equation],"{
  network_level: 3,
  knowledge_domain: CrossDomain,
  importance: 0.6,
  name: Ideal Brayton cycle,
  description: The realistic engine cycle analysis (Chapter 7) modifies the ideal Brayton cycle (Chapter 4) by incorporating polytropic efficiencies and pressure drops (Chapter 5).,
  subsystem: Cycle,
  id: 322,
  physics_domain: GeneralPhysics
}"
451,[Parameter],"{
  network_level: 2,
  knowledge_domain: 推力室特性,
  importance: 0.8,
  name: Combustion chamber pressure,
  description: Due to high-velocity combustion and friction inside the chamber, the total pressure drops from the injector head to the nozzle throat entrance.,
  subsystem: Combustion,
  id: 110,
  physics_domain: FluidDynamics
}",DIFFERS_FROM,607,[Parameter],"{
  network_level: 2,
  knowledge_domain: 推力室特性,
  importance: 0.8,
  name: Stagnation pressure at throat,
  description: Due to high-velocity combustion and friction inside the chamber, the total pressure drops from the injector head to the nozzle throat entrance.,
  subsystem: General,
  id: 266,
  physics_domain: FluidDynamics
}"
452,[Component],"{
  network_level: 1,
  knowledge_domain: 喷管特性,
  importance: 1.0,
  name: Real nozzle expansion,
  description: Nozzle efficiency eta_n is defined as the ratio of actual kinetic energy change to the ideal isentropic kinetic energy change across the nozzle.,
  subsystem: Expansion,
  id: 111,
  physics_domain: GeneralPhysics
}",CHARACTERIZED_BY,608,[Component],"{
  network_level: 1,
  knowledge_domain: 喷管特性,
  importance: 1.0,
  name: Nozzle efficiency eta_n,
  description: Nozzle efficiency eta_n is defined as the ratio of actual kinetic energy change to the ideal isentropic kinetic energy change across the nozzle.,
  subsystem: Exhaust,
  id: 267,
  physics_domain: GeneralPhysics
}"
453,[Component],"{
  network_level: 1,
  knowledge_domain: 喷管特性,
  importance: 1.0,
  name: Nozzle velocity coefficient,
  description: The velocity coefficient C_v relates the actual exhaust velocity to the ideal velocity; typically C_v equals the square root of nozzle efficiency.,
  subsystem: Exhaust,
  id: 112,
  physics_domain: FluidDynamics
}",DEFINED_AS,609,[Parameter],"{
  network_level: 2,
  knowledge_domain: 喷管特性,
  importance: 0.8,
  name: Actual exit velocity divided by Isentropic velocity,
  description: The velocity coefficient C_v relates the actual exhaust velocity to the ideal velocity; typically C_v equals the square root of nozzle efficiency.,
  subsystem: General,
  id: 268,
  physics_domain: FluidDynamics
}"
454,[Parameter],"{
  network_level: 2,
  knowledge_domain: 喷管特性,
  importance: 0.8,
  name: Discharge coefficient,
  description: The discharge coefficient C_d is the ratio of actual mass flow rate to the ideal isentropic mass flow rate, accounting for boundary layer displacement.,
  subsystem: General,
  id: 113,
  physics_domain: GeneralPhysics
}",MEASURES,610,[Parameter],"{
  network_level: 2,
  knowledge_domain: 喷管特性,
  importance: 0.8,
  name: Mass flow rate deviation,
  description: The discharge coefficient C_d is the ratio of actual mass flow rate to the ideal isentropic mass flow rate, accounting for boundary layer displacement.,
  subsystem: General,
  id: 269,
  physics_domain: FluidDynamics
}"
455,[Parameter],"{
  network_level: 2,
  knowledge_domain: 燃烧损失,
  importance: 0.8,
  name: Incomplete combustion,
  description: Failure to achieve perfect chemical equilibrium or full mixing of oxidizer and fuel lowers the combustion temperature T_c below its theoretical adiabatic value.,
  subsystem: Combustion,
  id: 114,
  physics_domain: GeneralPhysics
}",REDUCES,611,[Parameter],"{
  network_level: 2,
  knowledge_domain: 燃烧损失,
  importance: 0.8,
  name: Chamber stagnation temperature,
  description: Failure to achieve perfect chemical equilibrium or full mixing of oxidizer and fuel lowers the combustion temperature T_c below its theoretical adiabatic value.,
  subsystem: General,
  id: 270,
  physics_domain: Thermodynamics
}"
456,[Parameter],"{
  network_level: 2,
  knowledge_domain: 燃烧损失,
  importance: 0.8,
  name: Combustion efficiency,
  description: Combustion efficiency is often expressed as the ratio of actual characteristic velocity (c*_actual) to the theoretical characteristic velocity (c*_theoretical).,
  subsystem: Combustion,
  id: 115,
  physics_domain: GeneralPhysics
}",QUANTIFIED_BY,612,[Parameter],"{
  network_level: 2,
  knowledge_domain: 燃烧损失,
  importance: 0.8,
  name: Characteristic velocity ratio,
  description: Combustion efficiency is often expressed as the ratio of actual characteristic velocity (c*_actual) to the theoretical characteristic velocity (c*_theoretical).,
  subsystem: General,
  id: 271,
  physics_domain: FluidDynamics
}"
457,[Parameter],"{
  network_level: 2,
  knowledge_domain: 化学动力学,
  importance: 0.8,
  name: Frozen flow,
  description: Frozen flow assumes that the chemical composition of the exhaust gas remains constant (fixed at chamber exit state) during expansion through the nozzle.,
  subsystem: General,
  id: 116,
  physics_domain: FluidDynamics
}",ASSUMES,613,[Parameter],"{
  network_level: 2,
  knowledge_domain: 化学动力学,
  importance: 0.8,
  name: Fixed chemical composition,
  description: Frozen flow assumes that the chemical composition of the exhaust gas remains constant (fixed at chamber exit state) during expansion through the nozzle.,
  subsystem: General,
  id: 272,
  physics_domain: GeneralPhysics
}"
458,[Parameter],"{
  network_level: 2,
  knowledge_domain: 化学动力学,
  importance: 0.8,
  name: Equilibrium flow,
  description: Equilibrium flow assumes that chemical reactions occur instantaneously as pressure and temperature drop, continually adjusting composition to maintain local equilibrium.,
  subsystem: General,
  id: 117,
  physics_domain: FluidDynamics
}",ASSUMES,614,[Parameter],"{
  network_level: 2,
  knowledge_domain: 化学动力学,
  importance: 0.8,
  name: Instantaneous chemical reaction,
  description: Equilibrium flow assumes that chemical reactions occur instantaneously as pressure and temperature drop, continually adjusting composition to maintain local equilibrium.,
  subsystem: General,
  id: 273,
  physics_domain: GeneralPhysics
}"
458,[Parameter],"{
  network_level: 2,
  knowledge_domain: 化学动力学,
  importance: 0.8,
  name: Equilibrium flow,
  description: Equilibrium flow assumes that chemical reactions occur instantaneously as pressure and temperature drop, continually adjusting composition to maintain local equilibrium.,
  subsystem: General,
  id: 117,
  physics_domain: FluidDynamics
}",YIELDS,615,[Parameter],"{
  network_level: 2,
  knowledge_domain: 化学动力学,
  importance: 0.8,
  name: Higher specific impulse,
  description: Equilibrium flow gives higher calculated exhaust velocity and specific impulse than frozen flow because chemical recombination energy is recovered as kinetic energy.,
  subsystem: General,
  id: 274,
  physics_domain: GeneralPhysics
}"
459,[Parameter],"{
  network_level: 2,
  knowledge_domain: 性能预测,
  importance: 0.8,
  name: Real specific impulse,
  description: The actual expansion process in a real rocket nozzle falls between the ideal frozen and shifting equilibrium bounds.,
  subsystem: General,
  id: 118,
  physics_domain: GeneralPhysics
}",LIES_BETWEEN,616,[BoundaryCondition],"{
  network_level: 4,
  knowledge_domain: 性能预测,
  importance: 0.5,
  name: Frozen flow and Equilibrium flow limits,
  description: The actual expansion process in a real rocket nozzle falls between the ideal frozen and shifting equilibrium bounds.,
  subsystem: General,
  id: 275,
  physics_domain: FluidDynamics
}"
460,[Parameter],"{
  network_level: 2,
  knowledge_domain: 传热损失,
  importance: 0.8,
  name: Thrust chamber heat transfer,
  description: Heat loss through the chamber walls and nozzle liners directly reduces the thermal energy available for conversion into kinetic energy.,
  subsystem: General,
  id: 119,
  physics_domain: Thermodynamics
}",REDUCES,617,[Parameter],"{
  network_level: 2,
  knowledge_domain: 传热损失,
  importance: 0.8,
  name: Exhaust gas enthalpy,
  description: Heat loss through the chamber walls and nozzle liners directly reduces the thermal energy available for conversion into kinetic energy.,
  subsystem: Exhaust,
  id: 276,
  physics_domain: Thermodynamics
}"
461,[Parameter],"{
  network_level: 2,
  knowledge_domain: 结构与传热,
  importance: 0.8,
  name: Regenerative cooling,
  description: Regenerative cooling pumps the fuel or oxidizer through passages surrounding the thrust chamber wall to absorb heat before injection.,
  subsystem: General,
  id: 120,
  physics_domain: GeneralPhysics
}",ROUTES,618,[Parameter],"{
  network_level: 2,
  knowledge_domain: 结构与传热,
  importance: 0.8,
  name: Fuel through cooling jackets,
  description: Regenerative cooling pumps the fuel or oxidizer through passages surrounding the thrust chamber wall to absorb heat before injection.,
  subsystem: General,
  id: 277,
  physics_domain: GeneralPhysics
}"
461,[Parameter],"{
  network_level: 2,
  knowledge_domain: 结构与传热,
  importance: 0.8,
  name: Regenerative cooling,
  description: Regenerative cooling pumps the fuel or oxidizer through passages surrounding the thrust chamber wall to absorb heat before injection.,
  subsystem: General,
  id: 120,
  physics_domain: GeneralPhysics
}",RECOVERS,619,[BoundaryCondition],"{
  network_level: 4,
  knowledge_domain: 结构与传热,
  importance: 0.5,
  name: Wall heat loss,
  description: The heat absorbed by the coolant is reintroduced into the combustion chamber, preventing a net thermodynamic energy loss.,
  subsystem: General,
  id: 278,
  physics_domain: Thermodynamics
}"
462,[Parameter],"{
  network_level: 2,
  knowledge_domain: 结构与传热,
  importance: 0.8,
  name: Film cooling,
  description: Injecting a small portion of fuel or inert gas along the internal wall creates a protective film that shields the structure from high-temperature core gases.,
  subsystem: General,
  id: 121,
  physics_domain: GeneralPhysics
}",CREATES,620,[BoundaryCondition],"{
  network_level: 4,
  knowledge_domain: 结构与传热,
  importance: 0.5,
  name: Cooling fluid boundary layer,
  description: Injecting a small portion of fuel or inert gas along the internal wall creates a protective film that shields the structure from high-temperature core gases.,
  subsystem: General,
  id: 279,
  physics_domain: GeneralPhysics
}"
463,[Equation],"{
  network_level: 3,
  knowledge_domain: 动力循环,
  importance: 0.6,
  name: Liquid rocket cycle,
  description: Liquid rocket engine cycles are classified into pressure-fed systems or pump-fed systems based on how propellants are pressurized.,
  subsystem: Cycle,
  id: 122,
  physics_domain: GeneralPhysics
}",CLASSIFIED_TO,621,[Equation],"{
  network_level: 3,
  knowledge_domain: 动力循环,
  importance: 0.6,
  name: Pressure-fed cycle,
  description: Liquid rocket engine cycles are classified into pressure-fed systems or pump-fed systems based on how propellants are pressurized.,
  subsystem: Cycle,
  id: 280,
  physics_domain: FluidDynamics
}"
464,[Equation],"{
  network_level: 3,
  knowledge_domain: 动力循环,
  importance: 0.6,
  name: Pump-fed cycle,
  description: A pump-fed open cycle where a fraction of the propellant is burned in a separate combustor to drive the turbine and is then exhausted overboard.,
  subsystem: Cycle,
  id: 123,
  physics_domain: GeneralPhysics
}",CLASSIFIED_TO,465,[Equation],"{
  network_level: 3,
  knowledge_domain: 动力循环,
  importance: 0.6,
  name: Gas-generator cycle,
  description: The gas generator must operate off-stoichiometric (extremely fuel-rich or oxidizer-rich) to prevent melting the turbine blades.,
  subsystem: Cycle,
  id: 124,
  physics_domain: GeneralPhysics
}"
464,[Equation],"{
  network_level: 3,
  knowledge_domain: 动力循环,
  importance: 0.6,
  name: Pump-fed cycle,
  description: A pump-fed open cycle where a fraction of the propellant is burned in a separate combustor to drive the turbine and is then exhausted overboard.,
  subsystem: Cycle,
  id: 123,
  physics_domain: GeneralPhysics
}",CLASSIFIED_TO,466,[Equation],"{
  network_level: 3,
  knowledge_domain: 动力循环,
  importance: 0.6,
  name: Staged combustion cycle,
  description: Because the turbine exhaust is injected into the main chamber rather than dumped at low pressure, it allows extremely high chamber pressures (P_c) and higher efficiency.,
  subsystem: Combustion,
  id: 125,
  physics_domain: GeneralPhysics
}"
464,[Equation],"{
  network_level: 3,
  knowledge_domain: 动力循环,
  importance: 0.6,
  name: Pump-fed cycle,
  description: A pump-fed open cycle where a fraction of the propellant is burned in a separate combustor to drive the turbine and is then exhausted overboard.,
  subsystem: Cycle,
  id: 123,
  physics_domain: GeneralPhysics
}",CLASSIFIED_TO,622,[Equation],"{
  network_level: 3,
  knowledge_domain: 动力循环,
  importance: 0.6,
  name: Expander cycle,
  description: A closed cycle where fuel is vaporized in the cooling jacket and then routes directly through the turbine to drive the pumps before entering the injector.,
  subsystem: Cycle,
  id: 281,
  physics_domain: GeneralPhysics
}"
465,[Equation],"{
  network_level: 3,
  knowledge_domain: 动力循环,
  importance: 0.6,
  name: Gas-generator cycle,
  description: The gas generator must operate off-stoichiometric (extremely fuel-rich or oxidizer-rich) to prevent melting the turbine blades.,
  subsystem: Cycle,
  id: 124,
  physics_domain: GeneralPhysics
}",LIMITS,623,[Component],"{
  network_level: 1,
  knowledge_domain: 动力循环,
  importance: 1.0,
  name: Turbine inlet temperature,
  description: The gas generator must operate off-stoichiometric (extremely fuel-rich or oxidizer-rich) to prevent melting the turbine blades.,
  subsystem: Expansion,
  id: 282,
  physics_domain: Thermodynamics
}"
466,[Equation],"{
  network_level: 3,
  knowledge_domain: 动力循环,
  importance: 0.6,
  name: Staged combustion cycle,
  description: Because the turbine exhaust is injected into the main chamber rather than dumped at low pressure, it allows extremely high chamber pressures (P_c) and higher efficiency.,
  subsystem: Combustion,
  id: 125,
  physics_domain: GeneralPhysics
}",ENABLES,624,[Parameter],"{
  network_level: 2,
  knowledge_domain: 动力循环,
  importance: 0.8,
  name: Higher chamber pressure,
  description: Because the turbine exhaust is injected into the main chamber rather than dumped at low pressure, it allows extremely high chamber pressures (P_c) and higher efficiency.,
  subsystem: General,
  id: 283,
  physics_domain: FluidDynamics
}"
467,[Equation],"{
  network_level: 3,
  knowledge_domain: 系统匹配,
  importance: 0.6,
  name: Turbopump power balance,
  description: In steady-state pump-fed cycles, the power produced by the turbine must equal the total mechanical power required to drive the oxidizer and fuel pumps.,
  subsystem: General,
  id: 126,
  physics_domain: GeneralPhysics
}",REQUIRES,625,[Component],"{
  network_level: 1,
  knowledge_domain: 系统匹配,
  importance: 1.0,
  name: Turbine power equals Pump power,
  description: In steady-state pump-fed cycles, the power produced by the turbine must equal the total mechanical power required to drive the oxidizer and fuel pumps.,
  subsystem: Expansion,
  id: 284,
  physics_domain: GeneralPhysics
}"
468,[Component],"{
  network_level: 1,
  knowledge_domain: 系统匹配,
  importance: 1.0,
  name: Pump power requirement,
  description: The required shaft power for a propellant pump is proportional to the mass flow rate and pressure rise, divided by the pump efficiency (eta_p).,
  subsystem: General,
  id: 127,
  physics_domain: GeneralPhysics
}",DEPENDS_ON,626,[Parameter],"{
  network_level: 2,
  knowledge_domain: 系统匹配,
  importance: 0.8,
  name: Volumetric flow rate and Pressure rise,
  description: The required shaft power for a propellant pump is proportional to the mass flow rate and pressure rise, divided by the pump efficiency (eta_p).,
  subsystem: General,
  id: 285,
  physics_domain: FluidDynamics
}"
469,[Equation],"{
  network_level: 3,
  knowledge_domain: 真实循环分析,
  importance: 0.6,
  name: Real cycle analysis,
  description: Real engine cycle analysis incorporates component efficiencies, pressure losses, mechanical losses, and bleeding to predict realistic performance.,
  subsystem: Cycle,
  id: 128,
  physics_domain: GeneralPhysics
}",ACCOUNTS_FOR,627,[BoundaryCondition],"{
  network_level: 4,
  knowledge_domain: 真实循环分析,
  importance: 0.5,
  name: Component efficiencies and fluid losses,
  description: Real engine cycle analysis incorporates component efficiencies, pressure losses, mechanical losses, and bleeding to predict realistic performance.,
  subsystem: General,
  id: 286,
  physics_domain: GeneralPhysics
}"
470,[Parameter],"{
  network_level: 2,
  knowledge_domain: 涡喷循环,
  importance: 0.8,
  name: Real turbojet,
  description: The net thrust of a real turbojet must account for exit velocity variations caused by nozzle efficiency (eta_n) and incomplete expansion.,
  subsystem: General,
  id: 129,
  physics_domain: GeneralPhysics
}",CALCULATES_THRUST_FROM,629,[Parameter],"{
  network_level: 2,
  knowledge_domain: 涡喷循环,
  importance: 0.8,
  name: Real exit velocity and pressure,
  description: The net thrust of a real turbojet must account for exit velocity variations caused by nozzle efficiency (eta_n) and incomplete expansion.,
  subsystem: General,
  id: 288,
  physics_domain: FluidDynamics
}"
471,[Parameter],"{
  network_level: 2,
  knowledge_domain: 涡喷循环,
  importance: 0.8,
  name: Real turbojet efficiency,
  description: Irreversibilities in the compressor and turbine increase entropy, directly decreasing the specific thrust and increasing the TSFC.,
  subsystem: General,
  id: 130,
  physics_domain: GeneralPhysics
}",REDUCED_BY,630,[BoundaryCondition],"{
  network_level: 4,
  knowledge_domain: 涡喷循环,
  importance: 0.5,
  name: Component irreversibilities,
  description: Irreversibilities in the compressor and turbine increase entropy, directly decreasing the specific thrust and increasing the TSFC.,
  subsystem: General,
  id: 289,
  physics_domain: GeneralPhysics
}"
472,[Component],"{
  network_level: 1,
  knowledge_domain: 性能匹配,
  importance: 1.0,
  name: Turbine temperature ratio tau_t,
  description: In a real turbojet, the turbine temperature drop is determined by the actual power required to drive the compressor: tau_t = 1 - (tau_lambda / tau_r) * (tau_c - 1) / (eta_m * (1 + f)).,
  subsystem: Expansion,
  id: 131,
  physics_domain: Thermodynamics
}",AFFECTS,359,[Parameter],"{
  network_level: 2,
  knowledge_domain: 性能指标,
  importance: 0.8,
  name: Thermal efficiency,
  description: Thermal efficiency is the ratio of the rate of kinetic energy production to the thermal power input from fuel.,
  subsystem: General,
  id: 18,
  physics_domain: GeneralPhysics
}"
472,[Component],"{
  network_level: 1,
  knowledge_domain: 性能匹配,
  importance: 1.0,
  name: Turbine temperature ratio tau_t,
  description: In a real turbojet, the turbine temperature drop is determined by the actual power required to drive the compressor: tau_t = 1 - (tau_lambda / tau_r) * (tau_c - 1) / (eta_m * (1 + f)).,
  subsystem: Expansion,
  id: 131,
  physics_domain: Thermodynamics
}",AFFECTS,360,[Parameter],"{
  network_level: 2,
  knowledge_domain: 性能指标,
  importance: 0.8,
  name: Propulsive efficiency,
  description: Propulsive efficiency measures how effectively the engine's kinetic energy output is converted into aircraft propulsive power.,
  subsystem: General,
  id: 19,
  physics_domain: GeneralPhysics
}"
472,[Component],"{
  network_level: 1,
  knowledge_domain: 性能匹配,
  importance: 1.0,
  name: Turbine temperature ratio tau_t,
  description: In a real turbojet, the turbine temperature drop is determined by the actual power required to drive the compressor: tau_t = 1 - (tau_lambda / tau_r) * (tau_c - 1) / (eta_m * (1 + f)).,
  subsystem: Expansion,
  id: 131,
  physics_domain: Thermodynamics
}",AFFECTS,361,[Parameter],"{
  network_level: 2,
  knowledge_domain: 性能指标,
  importance: 0.8,
  name: Overall efficiency,
  description: The overall efficiency of a propulsion system is the product of its thermal and propulsive efficiencies.,
  subsystem: General,
  id: 20,
  physics_domain: GeneralPhysics
}"
472,[Component],"{
  network_level: 1,
  knowledge_domain: 性能匹配,
  importance: 1.0,
  name: Turbine temperature ratio tau_t,
  description: In a real turbojet, the turbine temperature drop is determined by the actual power required to drive the compressor: tau_t = 1 - (tau_lambda / tau_r) * (tau_c - 1) / (eta_m * (1 + f)).,
  subsystem: Expansion,
  id: 131,
  physics_domain: Thermodynamics
}",AFFECTS,436,[Parameter],"{
  network_level: 2,
  knowledge_domain: 效率理论,
  importance: 0.8,
  name: Polytropic efficiency,
  description: Polytropic efficiency (e_c for compressor, e_t for turbine) is defined as the isentropic efficiency of an elemental or infinitesimal stage.,
  subsystem: General,
  id: 95,
  physics_domain: GeneralPhysics
}"
472,[Component],"{
  network_level: 1,
  knowledge_domain: 性能匹配,
  importance: 1.0,
  name: Turbine temperature ratio tau_t,
  description: In a real turbojet, the turbine temperature drop is determined by the actual power required to drive the compressor: tau_t = 1 - (tau_lambda / tau_r) * (tau_c - 1) / (eta_m * (1 + f)).,
  subsystem: Expansion,
  id: 131,
  physics_domain: Thermodynamics
}",AFFECTS,456,[Parameter],"{
  network_level: 2,
  knowledge_domain: 燃烧损失,
  importance: 0.8,
  name: Combustion efficiency,
  description: Combustion efficiency is often expressed as the ratio of actual characteristic velocity (c*_actual) to the theoretical characteristic velocity (c*_theoretical).,
  subsystem: Combustion,
  id: 115,
  physics_domain: GeneralPhysics
}"
472,[Component],"{
  network_level: 1,
  knowledge_domain: 性能匹配,
  importance: 1.0,
  name: Turbine temperature ratio tau_t,
  description: In a real turbojet, the turbine temperature drop is determined by the actual power required to drive the compressor: tau_t = 1 - (tau_lambda / tau_r) * (tau_c - 1) / (eta_m * (1 + f)).,
  subsystem: Expansion,
  id: 131,
  physics_domain: Thermodynamics
}",AFFECTS,471,[Parameter],"{
  network_level: 2,
  knowledge_domain: 涡喷循环,
  importance: 0.8,
  name: Real turbojet efficiency,
  description: Irreversibilities in the compressor and turbine increase entropy, directly decreasing the specific thrust and increasing the TSFC.,
  subsystem: General,
  id: 130,
  physics_domain: GeneralPhysics
}"
472,[Component],"{
  network_level: 1,
  knowledge_domain: 性能匹配,
  importance: 1.0,
  name: Turbine temperature ratio tau_t,
  description: In a real turbojet, the turbine temperature drop is determined by the actual power required to drive the compressor: tau_t = 1 - (tau_lambda / tau_r) * (tau_c - 1) / (eta_m * (1 + f)).,
  subsystem: Expansion,
  id: 131,
  physics_domain: Thermodynamics
}",AFFECTS,477,[Parameter],"{
  network_level: 2,
  knowledge_domain: 部件匹配,
  importance: 0.8,
  name: Mixer efficiency,
  description: Aerodynamic mixing of streams with different total temperatures and velocities introduces viscous shearing losses, reducing overall total pressure.,
  subsystem: General,
  id: 136,
  physics_domain: GeneralPhysics
}"
472,[Component],"{
  network_level: 1,
  knowledge_domain: 性能匹配,
  importance: 1.0,
  name: Turbine temperature ratio tau_t,
  description: In a real turbojet, the turbine temperature drop is determined by the actual power required to drive the compressor: tau_t = 1 - (tau_lambda / tau_r) * (tau_c - 1) / (eta_m * (1 + f)).,
  subsystem: Expansion,
  id: 131,
  physics_domain: Thermodynamics
}",AFFECTS,480,[Parameter],"{
  network_level: 2,
  knowledge_domain: 性能指标,
  importance: 0.8,
  name: Propeller efficiency eta_prop,
  description: The efficiency with which the propeller converts the brake shaft horsepower into effective aircraft propulsive power.,
  subsystem: General,
  id: 139,
  physics_domain: GeneralPhysics
}"
472,[Component],"{
  network_level: 1,
  knowledge_domain: 性能匹配,
  importance: 1.0,
  name: Turbine temperature ratio tau_t,
  description: In a real turbojet, the turbine temperature drop is determined by the actual power required to drive the compressor: tau_t = 1 - (tau_lambda / tau_r) * (tau_c - 1) / (eta_m * (1 + f)).,
  subsystem: Expansion,
  id: 131,
  physics_domain: Thermodynamics
}",AFFECTS,514,[Parameter],"{
  network_level: 2,
  knowledge_domain: 性能指标,
  importance: 0.8,
  name: Thermal efficiency and Propulsive efficiency,
  description: The overall efficiency of a propulsion system is the product of its thermal and propulsive efficiencies.,
  subsystem: General,
  id: 173,
  physics_domain: GeneralPhysics
}"
472,[Component],"{
  network_level: 1,
  knowledge_domain: 性能匹配,
  importance: 1.0,
  name: Turbine temperature ratio tau_t,
  description: In a real turbojet, the turbine temperature drop is determined by the actual power required to drive the compressor: tau_t = 1 - (tau_lambda / tau_r) * (tau_c - 1) / (eta_m * (1 + f)).,
  subsystem: Expansion,
  id: 131,
  physics_domain: Thermodynamics
}",AFFECTS,590,[Parameter],"{
  network_level: 2,
  knowledge_domain: 压气机特性,
  importance: 0.8,
  name: Isentropic efficiency eta_c,
  description: The isentropic compressor efficiency eta_c is defined as the ratio of ideal (isentropic) work to the actual work required for a given total pressure ratio.,
  subsystem: General,
  id: 249,
  physics_domain: GeneralPhysics
}"
472,[Component],"{
  network_level: 1,
  knowledge_domain: 性能匹配,
  importance: 1.0,
  name: Turbine temperature ratio tau_t,
  description: In a real turbojet, the turbine temperature drop is determined by the actual power required to drive the compressor: tau_t = 1 - (tau_lambda / tau_r) * (tau_c - 1) / (eta_m * (1 + f)).,
  subsystem: Expansion,
  id: 131,
  physics_domain: Thermodynamics
}",AFFECTS,591,[Parameter],"{
  network_level: 2,
  knowledge_domain: 压气机特性,
  importance: 0.8,
  name: Isentropic efficiency and Total pressure ratio,
  description: tau_c = 1 + (pi_c^((gamma-1)/gamma) - 1) / eta_c, which links actual temperature rise to pressure ratio.,
  subsystem: General,
  id: 250,
  physics_domain: FluidDynamics
}"
472,[Component],"{
  network_level: 1,
  knowledge_domain: 性能匹配,
  importance: 1.0,
  name: Turbine temperature ratio tau_t,
  description: In a real turbojet, the turbine temperature drop is determined by the actual power required to drive the compressor: tau_t = 1 - (tau_lambda / tau_r) * (tau_c - 1) / (eta_m * (1 + f)).,
  subsystem: Expansion,
  id: 131,
  physics_domain: Thermodynamics
}",AFFECTS,592,[Parameter],"{
  network_level: 2,
  knowledge_domain: 效率理论,
  importance: 0.8,
  name: Isentropic efficiency of an infinitesimal stage,
  description: Polytropic efficiency (e_c for compressor, e_t for turbine) is defined as the isentropic efficiency of an elemental or infinitesimal stage.,
  subsystem: General,
  id: 251,
  physics_domain: GeneralPhysics
}"
472,[Component],"{
  network_level: 1,
  knowledge_domain: 性能匹配,
  importance: 1.0,
  name: Turbine temperature ratio tau_t,
  description: In a real turbojet, the turbine temperature drop is determined by the actual power required to drive the compressor: tau_t = 1 - (tau_lambda / tau_r) * (tau_c - 1) / (eta_m * (1 + f)).,
  subsystem: Expansion,
  id: 131,
  physics_domain: Thermodynamics
}",AFFECTS,594,[Parameter],"{
  network_level: 2,
  knowledge_domain: 涡轮特性,
  importance: 0.8,
  name: Isentropic efficiency eta_t,
  description: The isentropic turbine efficiency eta_t is defined as the ratio of actual work output to the ideal (isentropic) work output for a given total pressure ratio.,
  subsystem: General,
  id: 253,
  physics_domain: GeneralPhysics
}"
472,[Component],"{
  network_level: 1,
  knowledge_domain: 性能匹配,
  importance: 1.0,
  name: Turbine temperature ratio tau_t,
  description: In a real turbojet, the turbine temperature drop is determined by the actual power required to drive the compressor: tau_t = 1 - (tau_lambda / tau_r) * (tau_c - 1) / (eta_m * (1 + f)).,
  subsystem: Expansion,
  id: 131,
  physics_domain: Thermodynamics
}",AFFECTS,595,[Parameter],"{
  network_level: 2,
  knowledge_domain: 燃烧室特性,
  importance: 0.8,
  name: Combustion efficiency eta_b,
  description: Combustion efficiency eta_b is the ratio of the actual thermal energy released to the chemical energy available in the fuel.,
  subsystem: Combustion,
  id: 254,
  physics_domain: GeneralPhysics
}"
472,[Component],"{
  network_level: 1,
  knowledge_domain: 性能匹配,
  importance: 1.0,
  name: Turbine temperature ratio tau_t,
  description: In a real turbojet, the turbine temperature drop is determined by the actual power required to drive the compressor: tau_t = 1 - (tau_lambda / tau_r) * (tau_c - 1) / (eta_m * (1 + f)).,
  subsystem: Expansion,
  id: 131,
  physics_domain: Thermodynamics
}",AFFECTS,600,[Parameter],"{
  network_level: 2,
  knowledge_domain: 机械传动,
  importance: 0.8,
  name: Mechanical efficiency eta_m,
  description: Mechanical efficiency eta_m accounts for frictional power losses in bearings and accessory gearboxes connecting the turbine and compressor shafts.,
  subsystem: General,
  id: 259,
  physics_domain: GeneralPhysics
}"
472,[Component],"{
  network_level: 1,
  knowledge_domain: 性能匹配,
  importance: 1.0,
  name: Turbine temperature ratio tau_t,
  description: In a real turbojet, the turbine temperature drop is determined by the actual power required to drive the compressor: tau_t = 1 - (tau_lambda / tau_r) * (tau_c - 1) / (eta_m * (1 + f)).,
  subsystem: Expansion,
  id: 131,
  physics_domain: Thermodynamics
}",CONSTRAINED_BY,631,[Equation],"{
  network_level: 3,
  knowledge_domain: 性能匹配,
  importance: 0.6,
  name: Compressor power balance,
  description: In a real turbojet, the turbine temperature drop is determined by the actual power required to drive the compressor: tau_t = 1 - (tau_lambda / tau_r) * (tau_c - 1) / (eta_m * (1 + f)).,
  subsystem: Compression,
  id: 290,
  physics_domain: GeneralPhysics
}"
473,[Parameter],"{
  network_level: 2,
  knowledge_domain: 性能匹配,
  importance: 0.8,
  name: Fuel-air ratio f,
  description: The actual fuel-air ratio f accounts for combustor efficiency eta_b and variable specific heats across the burner.,
  subsystem: General,
  id: 132,
  physics_domain: GeneralPhysics
}",CALCULATED_FROM,632,[Equation],"{
  network_level: 3,
  knowledge_domain: 性能匹配,
  importance: 0.6,
  name: Combustor energy balance,
  description: The actual fuel-air ratio f accounts for combustor efficiency eta_b and variable specific heats across the burner.,
  subsystem: Combustion,
  id: 291,
  physics_domain: GeneralPhysics
}"
474,[Component],"{
  network_level: 1,
  knowledge_domain: 加力循环,
  importance: 1.0,
  name: Real afterburner,
  description: The afterburner burns remaining oxygen in the turbine exhaust gas, but its efficiency (eta_AB) is lower than the main combustor.,
  subsystem: Combustion,
  id: 133,
  physics_domain: GeneralPhysics
}",REQUIRES,633,[Parameter],"{
  network_level: 2,
  knowledge_domain: 加力循环,
  importance: 0.8,
  name: Additional fuel injection,
  description: The afterburner burns remaining oxygen in the turbine exhaust gas, but its efficiency (eta_AB) is lower than the main combustor.,
  subsystem: General,
  id: 292,
  physics_domain: GeneralPhysics
}"
474,[Component],"{
  network_level: 1,
  knowledge_domain: 加力循环,
  importance: 1.0,
  name: Real afterburner,
  description: The afterburner burns remaining oxygen in the turbine exhaust gas, but its efficiency (eta_AB) is lower than the main combustor.,
  subsystem: Combustion,
  id: 133,
  physics_domain: GeneralPhysics
}",CAUSES,634,[BoundaryCondition],"{
  network_level: 4,
  knowledge_domain: 加力循环,
  importance: 0.5,
  name: High total pressure drop,
  description: Adding heat at a finite Mach number inside the afterburner duct causes a fundamental thermal total pressure drop (Rayleigh effect).,
  subsystem: General,
  id: 293,
  physics_domain: FluidDynamics
}"
475,[Parameter],"{
  network_level: 2,
  knowledge_domain: 涡扇循环,
  importance: 0.8,
  name: Real turbofan,
  description: Real turbofan cycle analysis must track the independent losses and state changes in both the core and the fan bypass duct.,
  subsystem: General,
  id: 134,
  physics_domain: GeneralPhysics
}",CLASSIFIED_TO,636,[Parameter],"{
  network_level: 2,
  knowledge_domain: 涡扇循环,
  importance: 0.8,
  name: Unmixed turbofan,
  description: An engine configuration where the core and bypass streams exhaust through separate independent nozzles.,
  subsystem: General,
  id: 295,
  physics_domain: GeneralPhysics
}"
475,[Parameter],"{
  network_level: 2,
  knowledge_domain: 涡扇循环,
  importance: 0.8,
  name: Real turbofan,
  description: Real turbofan cycle analysis must track the independent losses and state changes in both the core and the fan bypass duct.,
  subsystem: General,
  id: 134,
  physics_domain: GeneralPhysics
}",CLASSIFIED_TO,637,[Parameter],"{
  network_level: 2,
  knowledge_domain: 涡扇循环,
  importance: 0.8,
  name: Mixed-flow turbofan,
  description: An engine configuration where the core and bypass streams mix in a common mixer component before expanding through a single nozzle.,
  subsystem: General,
  id: 296,
  physics_domain: FluidDynamics
}"
475,[Parameter],"{
  network_level: 2,
  knowledge_domain: 涡扇循环,
  importance: 0.8,
  name: Real turbofan,
  description: Real turbofan cycle analysis must track the independent losses and state changes in both the core and the fan bypass duct.,
  subsystem: General,
  id: 134,
  physics_domain: GeneralPhysics
}",HAS_TWO_STREAMS,635,[Parameter],"{
  network_level: 2,
  knowledge_domain: 涡扇循环,
  importance: 0.8,
  name: Core stream and Bypass stream,
  description: Real turbofan cycle analysis must track the independent losses and state changes in both the core and the fan bypass duct.,
  subsystem: General,
  id: 294,
  physics_domain: GeneralPhysics
}"
476,[Parameter],"{
  network_level: 2,
  knowledge_domain: 部件匹配,
  importance: 0.8,
  name: Constant-pressure mixer,
  description: For proper aerodynamic mixing, the core and bypass streams must enter the mixer at substantially equal static pressures (P_5 = P_15).,
  subsystem: General,
  id: 135,
  physics_domain: FluidDynamics
}",USED_IN,663,[Equation],"{
  network_level: 3,
  knowledge_domain: CrossDomain,
  importance: 0.6,
  name: Ideal Brayton cycle,
  description: The realistic engine cycle analysis (Chapter 7) modifies the ideal Brayton cycle (Chapter 4) by incorporating polytropic efficiencies and pressure drops (Chapter 5).,
  subsystem: Cycle,
  id: 322,
  physics_domain: GeneralPhysics
}"
476,[Parameter],"{
  network_level: 2,
  knowledge_domain: 部件匹配,
  importance: 0.8,
  name: Constant-pressure mixer,
  description: For proper aerodynamic mixing, the core and bypass streams must enter the mixer at substantially equal static pressures (P_5 = P_15).,
  subsystem: General,
  id: 135,
  physics_domain: FluidDynamics
}",REQUIRES,638,[Component],"{
  network_level: 1,
  knowledge_domain: 部件匹配,
  importance: 1.0,
  name: Equal static pressures at inlet,
  description: For proper aerodynamic mixing, the core and bypass streams must enter the mixer at substantially equal static pressures (P_5 = P_15).,
  subsystem: General,
  id: 297,
  physics_domain: FluidDynamics
}"
477,[Parameter],"{
  network_level: 2,
  knowledge_domain: 部件匹配,
  importance: 0.8,
  name: Mixer efficiency,
  description: Aerodynamic mixing of streams with different total temperatures and velocities introduces viscous shearing losses, reducing overall total pressure.,
  subsystem: General,
  id: 136,
  physics_domain: GeneralPhysics
}",QUANTIFIED_BY,639,[BoundaryCondition],"{
  network_level: 4,
  knowledge_domain: 部件匹配,
  importance: 0.5,
  name: Total pressure gain or loss,
  description: Aerodynamic mixing of streams with different total temperatures and velocities introduces viscous shearing losses, reducing overall total pressure.,
  subsystem: General,
  id: 298,
  physics_domain: FluidDynamics
}"
478,[Parameter],"{
  network_level: 2,
  knowledge_domain: 性能优化,
  importance: 0.8,
  name: Optimum fan pressure ratio,
  description: There is a distinct optimum fan pressure ratio (pi_f) that maximizes specific thrust or minimizes TSFC for a given bypass ratio and core technology.,
  subsystem: General,
  id: 137,
  physics_domain: FluidDynamics
}",USED_IN,663,[Equation],"{
  network_level: 3,
  knowledge_domain: CrossDomain,
  importance: 0.6,
  name: Ideal Brayton cycle,
  description: The realistic engine cycle analysis (Chapter 7) modifies the ideal Brayton cycle (Chapter 4) by incorporating polytropic efficiencies and pressure drops (Chapter 5).,
  subsystem: Cycle,
  id: 322,
  physics_domain: GeneralPhysics
}"
478,[Parameter],"{
  network_level: 2,
  knowledge_domain: 性能优化,
  importance: 0.8,
  name: Optimum fan pressure ratio,
  description: There is a distinct optimum fan pressure ratio (pi_f) that maximizes specific thrust or minimizes TSFC for a given bypass ratio and core technology.,
  subsystem: General,
  id: 137,
  physics_domain: FluidDynamics
}",MAXIMIZES,641,[Parameter],"{
  network_level: 2,
  knowledge_domain: 性能优化,
  importance: 0.8,
  name: Specific thrust of turbofan,
  description: There is a distinct optimum fan pressure ratio (pi_f) that maximizes specific thrust or minimizes TSFC for a given bypass ratio and core technology.,
  subsystem: General,
  id: 300,
  physics_domain: GeneralPhysics
}"
479,[Parameter],"{
  network_level: 2,
  knowledge_domain: 涡桨循环,
  importance: 0.8,
  name: Real turboprop,
  description: A real turboprop splits the available turbine energy into shaft power to drive the propeller and a small amount of jet thrust from the exhaust.,
  subsystem: General,
  id: 138,
  physics_domain: GeneralPhysics
}",DELIVERS,642,[Parameter],"{
  network_level: 2,
  knowledge_domain: 涡桨循环,
  importance: 0.8,
  name: Shaft power and Residual thrust,
  description: A real turboprop splits the available turbine energy into shaft power to drive the propeller and a small amount of jet thrust from the exhaust.,
  subsystem: General,
  id: 301,
  physics_domain: GeneralPhysics
}"
480,[Parameter],"{
  network_level: 2,
  knowledge_domain: 性能指标,
  importance: 0.8,
  name: Propeller efficiency eta_prop,
  description: The efficiency with which the propeller converts the brake shaft horsepower into effective aircraft propulsive power.,
  subsystem: General,
  id: 139,
  physics_domain: GeneralPhysics
}",MEASURES,643,[Parameter],"{
  network_level: 2,
  knowledge_domain: 性能指标,
  importance: 0.8,
  name: Shaft power conversion to thrust,
  description: The efficiency with which the propeller converts the brake shaft horsepower into effective aircraft propulsive power.,
  subsystem: General,
  id: 302,
  physics_domain: GeneralPhysics
}"
481,[Parameter],"{
  network_level: 2,
  knowledge_domain: 性能指标,
  importance: 0.8,
  name: Equivalent specific fuel consumption,
  description: For turboprops, ESFC (or S_e) combines the propeller shaft power and residual jet thrust into a single performance parameter.,
  subsystem: General,
  id: 140,
  physics_domain: GeneralPhysics
}",DEFINED_AS,644,[Parameter],"{
  network_level: 2,
  knowledge_domain: 性能指标,
  importance: 0.8,
  name: Fuel flow divided by Equivalent thrust,
  description: For turboprops, ESFC (or S_e) combines the propeller shaft power and residual jet thrust into a single performance parameter.,
  subsystem: General,
  id: 303,
  physics_domain: FluidDynamics
}"
482,[Component],"{
  network_level: 1,
  knowledge_domain: 性能优化,
  importance: 1.0,
  name: Turbine expansion split,
  description: There is an optimum balance between how much expansion occurs in the turbine (for shaft power) versus the exhaust nozzle (for jet thrust) to maximize total equivalent thrust.,
  subsystem: Expansion,
  id: 141,
  physics_domain: GeneralPhysics
}",AFFECTS,359,[Parameter],"{
  network_level: 2,
  knowledge_domain: 性能指标,
  importance: 0.8,
  name: Thermal efficiency,
  description: Thermal efficiency is the ratio of the rate of kinetic energy production to the thermal power input from fuel.,
  subsystem: General,
  id: 18,
  physics_domain: GeneralPhysics
}"
482,[Component],"{
  network_level: 1,
  knowledge_domain: 性能优化,
  importance: 1.0,
  name: Turbine expansion split,
  description: There is an optimum balance between how much expansion occurs in the turbine (for shaft power) versus the exhaust nozzle (for jet thrust) to maximize total equivalent thrust.,
  subsystem: Expansion,
  id: 141,
  physics_domain: GeneralPhysics
}",AFFECTS,360,[Parameter],"{
  network_level: 2,
  knowledge_domain: 性能指标,
  importance: 0.8,
  name: Propulsive efficiency,
  description: Propulsive efficiency measures how effectively the engine's kinetic energy output is converted into aircraft propulsive power.,
  subsystem: General,
  id: 19,
  physics_domain: GeneralPhysics
}"
482,[Component],"{
  network_level: 1,
  knowledge_domain: 性能优化,
  importance: 1.0,
  name: Turbine expansion split,
  description: There is an optimum balance between how much expansion occurs in the turbine (for shaft power) versus the exhaust nozzle (for jet thrust) to maximize total equivalent thrust.,
  subsystem: Expansion,
  id: 141,
  physics_domain: GeneralPhysics
}",AFFECTS,361,[Parameter],"{
  network_level: 2,
  knowledge_domain: 性能指标,
  importance: 0.8,
  name: Overall efficiency,
  description: The overall efficiency of a propulsion system is the product of its thermal and propulsive efficiencies.,
  subsystem: General,
  id: 20,
  physics_domain: GeneralPhysics
}"
482,[Component],"{
  network_level: 1,
  knowledge_domain: 性能优化,
  importance: 1.0,
  name: Turbine expansion split,
  description: There is an optimum balance between how much expansion occurs in the turbine (for shaft power) versus the exhaust nozzle (for jet thrust) to maximize total equivalent thrust.,
  subsystem: Expansion,
  id: 141,
  physics_domain: GeneralPhysics
}",AFFECTS,436,[Parameter],"{
  network_level: 2,
  knowledge_domain: 效率理论,
  importance: 0.8,
  name: Polytropic efficiency,
  description: Polytropic efficiency (e_c for compressor, e_t for turbine) is defined as the isentropic efficiency of an elemental or infinitesimal stage.,
  subsystem: General,
  id: 95,
  physics_domain: GeneralPhysics
}"
482,[Component],"{
  network_level: 1,
  knowledge_domain: 性能优化,
  importance: 1.0,
  name: Turbine expansion split,
  description: There is an optimum balance between how much expansion occurs in the turbine (for shaft power) versus the exhaust nozzle (for jet thrust) to maximize total equivalent thrust.,
  subsystem: Expansion,
  id: 141,
  physics_domain: GeneralPhysics
}",AFFECTS,456,[Parameter],"{
  network_level: 2,
  knowledge_domain: 燃烧损失,
  importance: 0.8,
  name: Combustion efficiency,
  description: Combustion efficiency is often expressed as the ratio of actual characteristic velocity (c*_actual) to the theoretical characteristic velocity (c*_theoretical).,
  subsystem: Combustion,
  id: 115,
  physics_domain: GeneralPhysics
}"
482,[Component],"{
  network_level: 1,
  knowledge_domain: 性能优化,
  importance: 1.0,
  name: Turbine expansion split,
  description: There is an optimum balance between how much expansion occurs in the turbine (for shaft power) versus the exhaust nozzle (for jet thrust) to maximize total equivalent thrust.,
  subsystem: Expansion,
  id: 141,
  physics_domain: GeneralPhysics
}",AFFECTS,471,[Parameter],"{
  network_level: 2,
  knowledge_domain: 涡喷循环,
  importance: 0.8,
  name: Real turbojet efficiency,
  description: Irreversibilities in the compressor and turbine increase entropy, directly decreasing the specific thrust and increasing the TSFC.,
  subsystem: General,
  id: 130,
  physics_domain: GeneralPhysics
}"
482,[Component],"{
  network_level: 1,
  knowledge_domain: 性能优化,
  importance: 1.0,
  name: Turbine expansion split,
  description: There is an optimum balance between how much expansion occurs in the turbine (for shaft power) versus the exhaust nozzle (for jet thrust) to maximize total equivalent thrust.,
  subsystem: Expansion,
  id: 141,
  physics_domain: GeneralPhysics
}",AFFECTS,477,[Parameter],"{
  network_level: 2,
  knowledge_domain: 部件匹配,
  importance: 0.8,
  name: Mixer efficiency,
  description: Aerodynamic mixing of streams with different total temperatures and velocities introduces viscous shearing losses, reducing overall total pressure.,
  subsystem: General,
  id: 136,
  physics_domain: GeneralPhysics
}"
482,[Component],"{
  network_level: 1,
  knowledge_domain: 性能优化,
  importance: 1.0,
  name: Turbine expansion split,
  description: There is an optimum balance between how much expansion occurs in the turbine (for shaft power) versus the exhaust nozzle (for jet thrust) to maximize total equivalent thrust.,
  subsystem: Expansion,
  id: 141,
  physics_domain: GeneralPhysics
}",AFFECTS,480,[Parameter],"{
  network_level: 2,
  knowledge_domain: 性能指标,
  importance: 0.8,
  name: Propeller efficiency eta_prop,
  description: The efficiency with which the propeller converts the brake shaft horsepower into effective aircraft propulsive power.,
  subsystem: General,
  id: 139,
  physics_domain: GeneralPhysics
}"
482,[Component],"{
  network_level: 1,
  knowledge_domain: 性能优化,
  importance: 1.0,
  name: Turbine expansion split,
  description: There is an optimum balance between how much expansion occurs in the turbine (for shaft power) versus the exhaust nozzle (for jet thrust) to maximize total equivalent thrust.,
  subsystem: Expansion,
  id: 141,
  physics_domain: GeneralPhysics
}",AFFECTS,514,[Parameter],"{
  network_level: 2,
  knowledge_domain: 性能指标,
  importance: 0.8,
  name: Thermal efficiency and Propulsive efficiency,
  description: The overall efficiency of a propulsion system is the product of its thermal and propulsive efficiencies.,
  subsystem: General,
  id: 173,
  physics_domain: GeneralPhysics
}"
482,[Component],"{
  network_level: 1,
  knowledge_domain: 性能优化,
  importance: 1.0,
  name: Turbine expansion split,
  description: There is an optimum balance between how much expansion occurs in the turbine (for shaft power) versus the exhaust nozzle (for jet thrust) to maximize total equivalent thrust.,
  subsystem: Expansion,
  id: 141,
  physics_domain: GeneralPhysics
}",AFFECTS,590,[Parameter],"{
  network_level: 2,
  knowledge_domain: 压气机特性,
  importance: 0.8,
  name: Isentropic efficiency eta_c,
  description: The isentropic compressor efficiency eta_c is defined as the ratio of ideal (isentropic) work to the actual work required for a given total pressure ratio.,
  subsystem: General,
  id: 249,
  physics_domain: GeneralPhysics
}"
482,[Component],"{
  network_level: 1,
  knowledge_domain: 性能优化,
  importance: 1.0,
  name: Turbine expansion split,
  description: There is an optimum balance between how much expansion occurs in the turbine (for shaft power) versus the exhaust nozzle (for jet thrust) to maximize total equivalent thrust.,
  subsystem: Expansion,
  id: 141,
  physics_domain: GeneralPhysics
}",AFFECTS,591,[Parameter],"{
  network_level: 2,
  knowledge_domain: 压气机特性,
  importance: 0.8,
  name: Isentropic efficiency and Total pressure ratio,
  description: tau_c = 1 + (pi_c^((gamma-1)/gamma) - 1) / eta_c, which links actual temperature rise to pressure ratio.,
  subsystem: General,
  id: 250,
  physics_domain: FluidDynamics
}"
482,[Component],"{
  network_level: 1,
  knowledge_domain: 性能优化,
  importance: 1.0,
  name: Turbine expansion split,
  description: There is an optimum balance between how much expansion occurs in the turbine (for shaft power) versus the exhaust nozzle (for jet thrust) to maximize total equivalent thrust.,
  subsystem: Expansion,
  id: 141,
  physics_domain: GeneralPhysics
}",AFFECTS,592,[Parameter],"{
  network_level: 2,
  knowledge_domain: 效率理论,
  importance: 0.8,
  name: Isentropic efficiency of an infinitesimal stage,
  description: Polytropic efficiency (e_c for compressor, e_t for turbine) is defined as the isentropic efficiency of an elemental or infinitesimal stage.,
  subsystem: General,
  id: 251,
  physics_domain: GeneralPhysics
}"
482,[Component],"{
  network_level: 1,
  knowledge_domain: 性能优化,
  importance: 1.0,
  name: Turbine expansion split,
  description: There is an optimum balance between how much expansion occurs in the turbine (for shaft power) versus the exhaust nozzle (for jet thrust) to maximize total equivalent thrust.,
  subsystem: Expansion,
  id: 141,
  physics_domain: GeneralPhysics
}",AFFECTS,594,[Parameter],"{
  network_level: 2,
  knowledge_domain: 涡轮特性,
  importance: 0.8,
  name: Isentropic efficiency eta_t,
  description: The isentropic turbine efficiency eta_t is defined as the ratio of actual work output to the ideal (isentropic) work output for a given total pressure ratio.,
  subsystem: General,
  id: 253,
  physics_domain: GeneralPhysics
}"
482,[Component],"{
  network_level: 1,
  knowledge_domain: 性能优化,
  importance: 1.0,
  name: Turbine expansion split,
  description: There is an optimum balance between how much expansion occurs in the turbine (for shaft power) versus the exhaust nozzle (for jet thrust) to maximize total equivalent thrust.,
  subsystem: Expansion,
  id: 141,
  physics_domain: GeneralPhysics
}",AFFECTS,595,[Parameter],"{
  network_level: 2,
  knowledge_domain: 燃烧室特性,
  importance: 0.8,
  name: Combustion efficiency eta_b,
  description: Combustion efficiency eta_b is the ratio of the actual thermal energy released to the chemical energy available in the fuel.,
  subsystem: Combustion,
  id: 254,
  physics_domain: GeneralPhysics
}"
482,[Component],"{
  network_level: 1,
  knowledge_domain: 性能优化,
  importance: 1.0,
  name: Turbine expansion split,
  description: There is an optimum balance between how much expansion occurs in the turbine (for shaft power) versus the exhaust nozzle (for jet thrust) to maximize total equivalent thrust.,
  subsystem: Expansion,
  id: 141,
  physics_domain: GeneralPhysics
}",AFFECTS,600,[Parameter],"{
  network_level: 2,
  knowledge_domain: 机械传动,
  importance: 0.8,
  name: Mechanical efficiency eta_m,
  description: Mechanical efficiency eta_m accounts for frictional power losses in bearings and accessory gearboxes connecting the turbine and compressor shafts.,
  subsystem: General,
  id: 259,
  physics_domain: GeneralPhysics
}"
482,[Component],"{
  network_level: 1,
  knowledge_domain: 性能优化,
  importance: 1.0,
  name: Turbine expansion split,
  description: There is an optimum balance between how much expansion occurs in the turbine (for shaft power) versus the exhaust nozzle (for jet thrust) to maximize total equivalent thrust.,
  subsystem: Expansion,
  id: 141,
  physics_domain: GeneralPhysics
}",OPTIMIZED_BY,645,[Component],"{
  network_level: 1,
  knowledge_domain: 性能优化,
  importance: 1.0,
  name: Optimum nozzle pressure ratio,
  description: There is an optimum balance between how much expansion occurs in the turbine (for shaft power) versus the exhaust nozzle (for jet thrust) to maximize total equivalent thrust.,
  subsystem: Exhaust,
  id: 304,
  physics_domain: FluidDynamics
}"
483,[Equation],"{
  network_level: 3,
  knowledge_domain: 性能预测,
  importance: 0.6,
  name: Off-design analysis,
  description: Engine performance analysis (or off-design analysis) predicts the performance of a specific engine across various flight conditions and throttle settings.,
  subsystem: General,
  id: 142,
  physics_domain: GeneralPhysics
}",OBJECTIVE,647,[Component],"{
  network_level: 1,
  knowledge_domain: 性能预测,
  importance: 1.0,
  name: Predict performance of a fixed engine,
  description: Engine performance analysis (or off-design analysis) predicts the performance of a specific engine across various flight conditions and throttle settings.,
  subsystem: General,
  id: 306,
  physics_domain: GeneralPhysics
}"
484,[Parameter],"{
  network_level: 2,
  knowledge_domain: 运行约束,
  importance: 0.8,
  name: Fixed geometry,
  description: For a built engine, the physical throat areas of turbines and nozzles are geometrically fixed, which locks the aerodynamic coupling.,
  subsystem: General,
  id: 143,
  physics_domain: GeneralPhysics
}",CONSTRAINS,648,[Parameter],"{
  network_level: 2,
  knowledge_domain: 运行约束,
  importance: 0.8,
  name: Component flow areas,
  description: For a built engine, the physical throat areas of turbines and nozzles are geometrically fixed, which locks the aerodynamic coupling.,
  subsystem: General,
  id: 307,
  physics_domain: FluidDynamics
}"
485,[Parameter],"{
  network_level: 2,
  knowledge_domain: 相似准则,
  importance: 0.8,
  name: Corrected mass flow,
  description: Corrected mass flow rate m_dot_c is defined as m_dot * sqrt(theta) / delta, allowing data from different conditions to be collapsed onto a single curve.,
  subsystem: General,
  id: 144,
  physics_domain: FluidDynamics
}",DEFINED_AS,649,[Parameter],"{
  network_level: 2,
  knowledge_domain: 相似准则,
  importance: 0.8,
  name: Mass flow scaled by dimensionless temperature and pressure,
  description: Corrected mass flow rate m_dot_c is defined as m_dot * sqrt(theta) / delta, allowing data from different conditions to be collapsed onto a single curve.,
  subsystem: General,
  id: 308,
  physics_domain: FluidDynamics
}"
486,[Parameter],"{
  network_level: 2,
  knowledge_domain: 相似准则,
  importance: 0.8,
  name: Corrected speed,
  description: N_c = N / sqrt(theta). It relates the blade tip Mach number to the aerodynamic performance of turbomachinery.,
  subsystem: General,
  id: 145,
  physics_domain: GeneralPhysics
}",DEFINED_AS,650,[Parameter],"{
  network_level: 2,
  knowledge_domain: 相似准则,
  importance: 0.8,
  name: Physical rotational speed divided by square root of theta,
  description: N_c = N / sqrt(theta). It relates the blade tip Mach number to the aerodynamic performance of turbomachinery.,
  subsystem: General,
  id: 309,
  physics_domain: GeneralPhysics
}"
487,[Parameter],"{
  network_level: 2,
  knowledge_domain: 整机匹配,
  importance: 0.8,
  name: Component matching,
  description: Steady-state off-design operation requires that the mass flow entering a component matches downstream constraints, and the turbine power balances the compressor power.,
  subsystem: General,
  id: 146,
  physics_domain: GeneralPhysics
}",REQUIRES,651,[Equation],"{
  network_level: 3,
  knowledge_domain: 整机匹配,
  importance: 0.6,
  name: Continuity of mass and power balance,
  description: Steady-state off-design operation requires that the mass flow entering a component matches downstream constraints, and the turbine power balances the compressor power.,
  subsystem: General,
  id: 310,
  physics_domain: GeneralPhysics
}"
488,[BoundaryCondition],"{
  network_level: 4,
  knowledge_domain: 整机匹配,
  importance: 0.5,
  name: Choked turbine stator,
  description: If the high-pressure turbine nozzle guides are choked, the corrected mass flow exiting the compressor remains essentially constant, creating a fixed pumping constraint.,
  subsystem: Expansion,
  id: 147,
  physics_domain: GeneralPhysics
}",FIXES,652,[Component],"{
  network_level: 1,
  knowledge_domain: 整机匹配,
  importance: 1.0,
  name: Upstream compressor operating point,
  description: If the high-pressure turbine nozzle guides are choked, the corrected mass flow exiting the compressor remains essentially constant, creating a fixed pumping constraint.,
  subsystem: Compression,
  id: 311,
  physics_domain: GeneralPhysics
}"
489,[Component],"{
  network_level: 1,
  knowledge_domain: 整机匹配,
  importance: 1.0,
  name: Compressor operating line,
  description: The steady-state compressor operating line on a compressor map is determined by the fixed throat area of the downstream turbine and exhaust nozzle.,
  subsystem: Compression,
  id: 148,
  physics_domain: GeneralPhysics
}",AFFECTS,378,[Parameter],"{
  network_level: 2,
  knowledge_domain: 热力学属性,
  importance: 0.8,
  name: Stagnation pressure,
  description: Stagnation pressure (or total pressure) P_t is the pressure attained when a fluid is brought to rest isentropically.,
  subsystem: General,
  id: 37,
  physics_domain: FluidDynamics
}"
489,[Component],"{
  network_level: 1,
  knowledge_domain: 整机匹配,
  importance: 1.0,
  name: Compressor operating line,
  description: The steady-state compressor operating line on a compressor map is determined by the fixed throat area of the downstream turbine and exhaust nozzle.,
  subsystem: Compression,
  id: 148,
  physics_domain: GeneralPhysics
}",AFFECTS,393,[Parameter],"{
  network_level: 2,
  knowledge_domain: 性能指标,
  importance: 0.8,
  name: Pressure thrust,
  description: The component of thrust due to the difference between exit pressure and ambient pressure ((P_e - P_a) * A_e).,
  subsystem: General,
  id: 52,
  physics_domain: FluidDynamics
}"
489,[Component],"{
  network_level: 1,
  knowledge_domain: 整机匹配,
  importance: 1.0,
  name: Compressor operating line,
  description: The steady-state compressor operating line on a compressor map is determined by the fixed throat area of the downstream turbine and exhaust nozzle.,
  subsystem: Compression,
  id: 148,
  physics_domain: GeneralPhysics
}",AFFECTS,420,[Parameter],"{
  network_level: 2,
  knowledge_domain: 热力学参数,
  importance: 0.8,
  name: Total pressure ratio pi,
  description: The dimensionless parameter pi represents the ratio of stagnation pressures across a component.,
  subsystem: General,
  id: 79,
  physics_domain: FluidDynamics
}"
489,[Component],"{
  network_level: 1,
  knowledge_domain: 整机匹配,
  importance: 1.0,
  name: Compressor operating line,
  description: The steady-state compressor operating line on a compressor map is determined by the fixed throat area of the downstream turbine and exhaust nozzle.,
  subsystem: Compression,
  id: 148,
  physics_domain: GeneralPhysics
}",AFFECTS,451,[Parameter],"{
  network_level: 2,
  knowledge_domain: 推力室特性,
  importance: 0.8,
  name: Combustion chamber pressure,
  description: Due to high-velocity combustion and friction inside the chamber, the total pressure drops from the injector head to the nozzle throat entrance.,
  subsystem: Combustion,
  id: 110,
  physics_domain: FluidDynamics
}"
489,[Component],"{
  network_level: 1,
  knowledge_domain: 整机匹配,
  importance: 1.0,
  name: Compressor operating line,
  description: The steady-state compressor operating line on a compressor map is determined by the fixed throat area of the downstream turbine and exhaust nozzle.,
  subsystem: Compression,
  id: 148,
  physics_domain: GeneralPhysics
}",AFFECTS,476,[Parameter],"{
  network_level: 2,
  knowledge_domain: 部件匹配,
  importance: 0.8,
  name: Constant-pressure mixer,
  description: For proper aerodynamic mixing, the core and bypass streams must enter the mixer at substantially equal static pressures (P_5 = P_15).,
  subsystem: General,
  id: 135,
  physics_domain: FluidDynamics
}"
489,[Component],"{
  network_level: 1,
  knowledge_domain: 整机匹配,
  importance: 1.0,
  name: Compressor operating line,
  description: The steady-state compressor operating line on a compressor map is determined by the fixed throat area of the downstream turbine and exhaust nozzle.,
  subsystem: Compression,
  id: 148,
  physics_domain: GeneralPhysics
}",AFFECTS,478,[Parameter],"{
  network_level: 2,
  knowledge_domain: 性能优化,
  importance: 0.8,
  name: Optimum fan pressure ratio,
  description: There is a distinct optimum fan pressure ratio (pi_f) that maximizes specific thrust or minimizes TSFC for a given bypass ratio and core technology.,
  subsystem: General,
  id: 137,
  physics_domain: FluidDynamics
}"
489,[Component],"{
  network_level: 1,
  knowledge_domain: 整机匹配,
  importance: 1.0,
  name: Compressor operating line,
  description: The steady-state compressor operating line on a compressor map is determined by the fixed throat area of the downstream turbine and exhaust nozzle.,
  subsystem: Compression,
  id: 148,
  physics_domain: GeneralPhysics
}",AFFECTS,532,[Parameter],"{
  network_level: 2,
  knowledge_domain: 热力学属性,
  importance: 0.8,
  name: Pressure at zero velocity isentropically,
  description: Stagnation pressure (or total pressure) P_t is the pressure attained when a fluid is brought to rest isentropically.,
  subsystem: General,
  id: 191,
  physics_domain: FluidDynamics
}"
489,[Component],"{
  network_level: 1,
  knowledge_domain: 整机匹配,
  importance: 1.0,
  name: Compressor operating line,
  description: The steady-state compressor operating line on a compressor map is determined by the fixed throat area of the downstream turbine and exhaust nozzle.,
  subsystem: Compression,
  id: 148,
  physics_domain: GeneralPhysics
}",AFFECTS,539,[Parameter],"{
  network_level: 2,
  knowledge_domain: 激波理论,
  importance: 0.8,
  name: Static pressure,
  description: Static pressure increases significantly across a normal shock wave.,
  subsystem: General,
  id: 198,
  physics_domain: FluidDynamics
}"
489,[Component],"{
  network_level: 1,
  knowledge_domain: 整机匹配,
  importance: 1.0,
  name: Compressor operating line,
  description: The steady-state compressor operating line on a compressor map is determined by the fixed throat area of the downstream turbine and exhaust nozzle.,
  subsystem: Compression,
  id: 148,
  physics_domain: GeneralPhysics
}",AFFECTS,541,[Parameter],"{
  network_level: 2,
  knowledge_domain: 激波理论,
  importance: 0.8,
  name: Total pressure,
  description: The total pressure decreases across a normal shock, which represents an irreversibility (entropy rise) in the flow.,
  subsystem: General,
  id: 200,
  physics_domain: FluidDynamics
}"
489,[Component],"{
  network_level: 1,
  knowledge_domain: 整机匹配,
  importance: 1.0,
  name: Compressor operating line,
  description: The steady-state compressor operating line on a compressor map is determined by the fixed throat area of the downstream turbine and exhaust nozzle.,
  subsystem: Compression,
  id: 148,
  physics_domain: GeneralPhysics
}",AFFECTS,546,[Parameter],"{
  network_level: 2,
  knowledge_domain: 性能指标,
  importance: 0.8,
  name: Momentum thrust and Pressure thrust,
  description: The total thrust of a rocket is the sum of the momentum thrust and the pressure thrust: F = m_dot * V_e + (P_e - P_a) * A_e.,
  subsystem: General,
  id: 205,
  physics_domain: FluidDynamics
}"
489,[Component],"{
  network_level: 1,
  knowledge_domain: 整机匹配,
  importance: 1.0,
  name: Compressor operating line,
  description: The steady-state compressor operating line on a compressor map is determined by the fixed throat area of the downstream turbine and exhaust nozzle.,
  subsystem: Compression,
  id: 148,
  physics_domain: GeneralPhysics
}",AFFECTS,552,[Parameter],"{
  network_level: 2,
  knowledge_domain: 性能指标,
  importance: 0.8,
  name: Chamber pressure and Throat area,
  description: c* = (P_c * A_t) / m_dot. It depends primarily on combustion temperature and molecular weight.,
  subsystem: General,
  id: 211,
  physics_domain: FluidDynamics
}"
489,[Component],"{
  network_level: 1,
  knowledge_domain: 整机匹配,
  importance: 1.0,
  name: Compressor operating line,
  description: The steady-state compressor operating line on a compressor map is determined by the fixed throat area of the downstream turbine and exhaust nozzle.,
  subsystem: Compression,
  id: 148,
  physics_domain: GeneralPhysics
}",AFFECTS,554,[Parameter],"{
  network_level: 2,
  knowledge_domain: 性能指标,
  importance: 0.8,
  name: Thrust and Chamber pressure,
  description: C_f = F / (P_c * A_t). It is a function of the pressure ratio and area ratio of the nozzle.,
  subsystem: General,
  id: 213,
  physics_domain: FluidDynamics
}"
489,[Component],"{
  network_level: 1,
  knowledge_domain: 整机匹配,
  importance: 1.0,
  name: Compressor operating line,
  description: The steady-state compressor operating line on a compressor map is determined by the fixed throat area of the downstream turbine and exhaust nozzle.,
  subsystem: Compression,
  id: 148,
  physics_domain: GeneralPhysics
}",AFFECTS,555,[Parameter],"{
  network_level: 2,
  knowledge_domain: 喷管空气动力学,
  importance: 0.8,
  name: Exit pressure equals Ambient pressure,
  description: Maximum thrust for a given propellant mass flow and chamber condition occurs when the nozzle exit pressure equals the ambient pressure (P_e = P_a).,
  subsystem: General,
  id: 214,
  physics_domain: FluidDynamics
}"
489,[Component],"{
  network_level: 1,
  knowledge_domain: 整机匹配,
  importance: 1.0,
  name: Compressor operating line,
  description: The steady-state compressor operating line on a compressor map is determined by the fixed throat area of the downstream turbine and exhaust nozzle.,
  subsystem: Compression,
  id: 148,
  physics_domain: GeneralPhysics
}",AFFECTS,556,[Parameter],"{
  network_level: 2,
  knowledge_domain: 喷管空气动力学,
  importance: 0.8,
  name: Exit pressure less than Ambient pressure,
  description: A nozzle is overexpanded if the exit pressure is lower than the surrounding ambient atmospheric pressure.,
  subsystem: General,
  id: 215,
  physics_domain: FluidDynamics
}"
489,[Component],"{
  network_level: 1,
  knowledge_domain: 整机匹配,
  importance: 1.0,
  name: Compressor operating line,
  description: The steady-state compressor operating line on a compressor map is determined by the fixed throat area of the downstream turbine and exhaust nozzle.,
  subsystem: Compression,
  id: 148,
  physics_domain: GeneralPhysics
}",AFFECTS,557,[Parameter],"{
  network_level: 2,
  knowledge_domain: 喷管空气动力学,
  importance: 0.8,
  name: Exit pressure greater than Ambient pressure,
  description: A nozzle is underexpanded if the gas exits at a pressure higher than the ambient atmospheric pressure.,
  subsystem: General,
  id: 216,
  physics_domain: FluidDynamics
}"
489,[Component],"{
  network_level: 1,
  knowledge_domain: 整机匹配,
  importance: 1.0,
  name: Compressor operating line,
  description: The steady-state compressor operating line on a compressor map is determined by the fixed throat area of the downstream turbine and exhaust nozzle.,
  subsystem: Compression,
  id: 148,
  physics_domain: GeneralPhysics
}",AFFECTS,560,[Parameter],"{
  network_level: 2,
  knowledge_domain: 系统架构,
  importance: 0.8,
  name: High pressure gas tank,
  description: A simpler feed system that uses regulated high-pressure gas to push propellants into the combustion chamber.,
  subsystem: General,
  id: 219,
  physics_domain: FluidDynamics
}"
489,[Component],"{
  network_level: 1,
  knowledge_domain: 整机匹配,
  importance: 1.0,
  name: Compressor operating line,
  description: The steady-state compressor operating line on a compressor map is determined by the fixed throat area of the downstream turbine and exhaust nozzle.,
  subsystem: Compression,
  id: 148,
  physics_domain: GeneralPhysics
}",AFFECTS,573,[Parameter],"{
  network_level: 2,
  knowledge_domain: 循环假设,
  importance: 0.8,
  name: Constant pressure combustion,
  description: It is assumed that combustion occurs at constant total pressure (no pressure drop in the combustor).,
  subsystem: Combustion,
  id: 232,
  physics_domain: FluidDynamics
}"
489,[Component],"{
  network_level: 1,
  knowledge_domain: 整机匹配,
  importance: 1.0,
  name: Compressor operating line,
  description: The steady-state compressor operating line on a compressor map is determined by the fixed throat area of the downstream turbine and exhaust nozzle.,
  subsystem: Compression,
  id: 148,
  physics_domain: GeneralPhysics
}",AFFECTS,586,[Parameter],"{
  network_level: 2,
  knowledge_domain: 真实部件特性,
  importance: 0.8,
  name: Component efficiencies and Total pressure ratios,
  description: The performance of real components is characterized by total temperature ratios, total pressure ratios, efficiencies, and pressure losses.,
  subsystem: General,
  id: 245,
  physics_domain: FluidDynamics
}"
489,[Component],"{
  network_level: 1,
  knowledge_domain: 整机匹配,
  importance: 1.0,
  name: Compressor operating line,
  description: The steady-state compressor operating line on a compressor map is determined by the fixed throat area of the downstream turbine and exhaust nozzle.,
  subsystem: Compression,
  id: 148,
  physics_domain: GeneralPhysics
}",AFFECTS,587,[Parameter],"{
  network_level: 2,
  knowledge_domain: 进气道特性,
  importance: 0.8,
  name: Total pressure ratio pi_d,
  description: The performance of the inlet (or diffuser) is primarily characterized by its total pressure ratio, pi_d = P_t2 / P_t0, also called the inlet recovery factor.,
  subsystem: General,
  id: 246,
  physics_domain: FluidDynamics
}"
489,[Component],"{
  network_level: 1,
  knowledge_domain: 整机匹配,
  importance: 1.0,
  name: Compressor operating line,
  description: The steady-state compressor operating line on a compressor map is determined by the fixed throat area of the downstream turbine and exhaust nozzle.,
  subsystem: Compression,
  id: 148,
  physics_domain: GeneralPhysics
}",AFFECTS,591,[Parameter],"{
  network_level: 2,
  knowledge_domain: 压气机特性,
  importance: 0.8,
  name: Isentropic efficiency and Total pressure ratio,
  description: tau_c = 1 + (pi_c^((gamma-1)/gamma) - 1) / eta_c, which links actual temperature rise to pressure ratio.,
  subsystem: General,
  id: 250,
  physics_domain: FluidDynamics
}"
489,[Component],"{
  network_level: 1,
  knowledge_domain: 整机匹配,
  importance: 1.0,
  name: Compressor operating line,
  description: The steady-state compressor operating line on a compressor map is determined by the fixed throat area of the downstream turbine and exhaust nozzle.,
  subsystem: Compression,
  id: 148,
  physics_domain: GeneralPhysics
}",AFFECTS,593,[Parameter],"{
  network_level: 2,
  knowledge_domain: 效率理论,
  importance: 0.8,
  name: Increasing pressure ratio,
  description: For a constant polytropic efficiency e_c, the overall isentropic compressor efficiency eta_c drops as the total pressure ratio pi_c increases due to the preheating effect.,
  subsystem: General,
  id: 252,
  physics_domain: FluidDynamics
}"
489,[Component],"{
  network_level: 1,
  knowledge_domain: 整机匹配,
  importance: 1.0,
  name: Compressor operating line,
  description: The steady-state compressor operating line on a compressor map is determined by the fixed throat area of the downstream turbine and exhaust nozzle.,
  subsystem: Compression,
  id: 148,
  physics_domain: GeneralPhysics
}",AFFECTS,596,[Parameter],"{
  network_level: 2,
  knowledge_domain: 燃烧室特性,
  importance: 0.8,
  name: Total pressure ratio pi_b,
  description: The total pressure ratio of the combustor pi_b = P_t4 / P_t3 is always less than 1.0 due to viscous friction and cold-to-hot flow momentum pressure drop.,
  subsystem: General,
  id: 255,
  physics_domain: FluidDynamics
}"
489,[Component],"{
  network_level: 1,
  knowledge_domain: 整机匹配,
  importance: 1.0,
  name: Compressor operating line,
  description: The steady-state compressor operating line on a compressor map is determined by the fixed throat area of the downstream turbine and exhaust nozzle.,
  subsystem: Compression,
  id: 148,
  physics_domain: GeneralPhysics
}",AFFECTS,599,[Parameter],"{
  network_level: 2,
  knowledge_domain: 加力燃烧室,
  importance: 0.8,
  name: Total pressure ratio pi_AB,
  description: The total pressure ratio pi_AB = P_t7 / P_t6 account for losses due to flameholders, friction, and high-temperature heat addition.,
  subsystem: General,
  id: 258,
  physics_domain: FluidDynamics
}"
489,[Component],"{
  network_level: 1,
  knowledge_domain: 整机匹配,
  importance: 1.0,
  name: Compressor operating line,
  description: The steady-state compressor operating line on a compressor map is determined by the fixed throat area of the downstream turbine and exhaust nozzle.,
  subsystem: Compression,
  id: 148,
  physics_domain: GeneralPhysics
}",AFFECTS,601,[Parameter],"{
  network_level: 2,
  knowledge_domain: 喷管特性,
  importance: 0.8,
  name: Total pressure ratio pi_n,
  description: The exhaust nozzle performance is characterized by its total pressure ratio pi_n = P_t9 / P_t7, which represents friction losses in the nozzle duct.,
  subsystem: General,
  id: 260,
  physics_domain: FluidDynamics
}"
489,[Component],"{
  network_level: 1,
  knowledge_domain: 整机匹配,
  importance: 1.0,
  name: Compressor operating line,
  description: The steady-state compressor operating line on a compressor map is determined by the fixed throat area of the downstream turbine and exhaust nozzle.,
  subsystem: Compression,
  id: 148,
  physics_domain: GeneralPhysics
}",AFFECTS,607,[Parameter],"{
  network_level: 2,
  knowledge_domain: 推力室特性,
  importance: 0.8,
  name: Stagnation pressure at throat,
  description: Due to high-velocity combustion and friction inside the chamber, the total pressure drops from the injector head to the nozzle throat entrance.,
  subsystem: General,
  id: 266,
  physics_domain: FluidDynamics
}"
489,[Component],"{
  network_level: 1,
  knowledge_domain: 整机匹配,
  importance: 1.0,
  name: Compressor operating line,
  description: The steady-state compressor operating line on a compressor map is determined by the fixed throat area of the downstream turbine and exhaust nozzle.,
  subsystem: Compression,
  id: 148,
  physics_domain: GeneralPhysics
}",AFFECTS,624,[Parameter],"{
  network_level: 2,
  knowledge_domain: 动力循环,
  importance: 0.8,
  name: Higher chamber pressure,
  description: Because the turbine exhaust is injected into the main chamber rather than dumped at low pressure, it allows extremely high chamber pressures (P_c) and higher efficiency.,
  subsystem: General,
  id: 283,
  physics_domain: FluidDynamics
}"
489,[Component],"{
  network_level: 1,
  knowledge_domain: 整机匹配,
  importance: 1.0,
  name: Compressor operating line,
  description: The steady-state compressor operating line on a compressor map is determined by the fixed throat area of the downstream turbine and exhaust nozzle.,
  subsystem: Compression,
  id: 148,
  physics_domain: GeneralPhysics
}",AFFECTS,626,[Parameter],"{
  network_level: 2,
  knowledge_domain: 系统匹配,
  importance: 0.8,
  name: Volumetric flow rate and Pressure rise,
  description: The required shaft power for a propellant pump is proportional to the mass flow rate and pressure rise, divided by the pump efficiency (eta_p).,
  subsystem: General,
  id: 285,
  physics_domain: FluidDynamics
}"
489,[Component],"{
  network_level: 1,
  knowledge_domain: 整机匹配,
  importance: 1.0,
  name: Compressor operating line,
  description: The steady-state compressor operating line on a compressor map is determined by the fixed throat area of the downstream turbine and exhaust nozzle.,
  subsystem: Compression,
  id: 148,
  physics_domain: GeneralPhysics
}",AFFECTS,629,[Parameter],"{
  network_level: 2,
  knowledge_domain: 涡喷循环,
  importance: 0.8,
  name: Real exit velocity and pressure,
  description: The net thrust of a real turbojet must account for exit velocity variations caused by nozzle efficiency (eta_n) and incomplete expansion.,
  subsystem: General,
  id: 288,
  physics_domain: FluidDynamics
}"
489,[Component],"{
  network_level: 1,
  knowledge_domain: 整机匹配,
  importance: 1.0,
  name: Compressor operating line,
  description: The steady-state compressor operating line on a compressor map is determined by the fixed throat area of the downstream turbine and exhaust nozzle.,
  subsystem: Compression,
  id: 148,
  physics_domain: GeneralPhysics
}",AFFECTS,649,[Parameter],"{
  network_level: 2,
  knowledge_domain: 相似准则,
  importance: 0.8,
  name: Mass flow scaled by dimensionless temperature and pressure,
  description: Corrected mass flow rate m_dot_c is defined as m_dot * sqrt(theta) / delta, allowing data from different conditions to be collapsed onto a single curve.,
  subsystem: General,
  id: 308,
  physics_domain: FluidDynamics
}"
489,[Component],"{
  network_level: 1,
  knowledge_domain: 整机匹配,
  importance: 1.0,
  name: Compressor operating line,
  description: The steady-state compressor operating line on a compressor map is determined by the fixed throat area of the downstream turbine and exhaust nozzle.,
  subsystem: Compression,
  id: 148,
  physics_domain: GeneralPhysics
}",AFFECTS,660,[Parameter],"{
  network_level: 2,
  knowledge_domain: 发动机控制,
  importance: 0.8,
  name: Maximum pressure or shaft speed,
  description: At low ambient temperatures (below theta_break), the engine is typically limited by mechanical limits like pressure or spool speed.,
  subsystem: General,
  id: 319,
  physics_domain: FluidDynamics
}"
489,[Component],"{
  network_level: 1,
  knowledge_domain: 整机匹配,
  importance: 1.0,
  name: Compressor operating line,
  description: The steady-state compressor operating line on a compressor map is determined by the fixed throat area of the downstream turbine and exhaust nozzle.,
  subsystem: Compression,
  id: 148,
  physics_domain: GeneralPhysics
}",DETERMINED_BY,653,[Component],"{
  network_level: 1,
  knowledge_domain: 整机匹配,
  importance: 1.0,
  name: Turbine flow capacity,
  description: The steady-state compressor operating line on a compressor map is determined by the fixed throat area of the downstream turbine and exhaust nozzle.,
  subsystem: Expansion,
  id: 312,
  physics_domain: FluidDynamics
}"
490,[BoundaryCondition],"{
  network_level: 4,
  knowledge_domain: 整机匹配,
  importance: 0.5,
  name: Choked exhaust nozzle,
  description: When the convergent exhaust nozzle is choked, the operating pressure ratio across the turbine becomes independent of ambient pressure.,
  subsystem: Exhaust,
  id: 149,
  physics_domain: GeneralPhysics
}",DETERMINES,654,[Component],"{
  network_level: 1,
  knowledge_domain: 整机匹配,
  importance: 1.0,
  name: Turbine pressure ratio,
  description: When the convergent exhaust nozzle is choked, the operating pressure ratio across the turbine becomes independent of ambient pressure.,
  subsystem: Expansion,
  id: 313,
  physics_domain: FluidDynamics
}"
491,[Component],"{
  network_level: 1,
  knowledge_domain: 发动机控制,
  importance: 1.0,
  name: Control system,
  description: The fuel control unit (FCU) adjusts the fuel flow to match pilot thrust demands while keeping the engine within safety limits.,
  subsystem: General,
  id: 150,
  physics_domain: Control
}",REGULATES,655,[Parameter],"{
  network_level: 2,
  knowledge_domain: 发动机控制,
  importance: 0.8,
  name: Fuel flow rate and variable geometry,
  description: The fuel control unit (FCU) adjusts the fuel flow to match pilot thrust demands while keeping the engine within safety limits.,
  subsystem: General,
  id: 314,
  physics_domain: FluidDynamics
}"
492,[BoundaryCondition],"{
  network_level: 4,
  knowledge_domain: 发动机控制,
  importance: 0.5,
  name: Engine limit,
  description: Mechanical stress restricts the maximum physical or corrected rotational speed of the fan spool.,
  subsystem: General,
  id: 151,
  physics_domain: GeneralPhysics
}",INCLUDES,656,[Parameter],"{
  network_level: 2,
  knowledge_domain: 发动机控制,
  importance: 0.8,
  name: Maximum fan speed,
  description: Mechanical stress restricts the maximum physical or corrected rotational speed of the fan spool.,
  subsystem: General,
  id: 315,
  physics_domain: GeneralPhysics
}"
492,[BoundaryCondition],"{
  network_level: 4,
  knowledge_domain: 发动机控制,
  importance: 0.5,
  name: Engine limit,
  description: Mechanical stress restricts the maximum physical or corrected rotational speed of the fan spool.,
  subsystem: General,
  id: 151,
  physics_domain: GeneralPhysics
}",INCLUDES,657,[Component],"{
  network_level: 1,
  knowledge_domain: 发动机控制,
  importance: 1.0,
  name: Maximum compressor discharge pressure,
  description: Structural casing design restricts the maximum compressor exit pressure (P_t3) to prevent burst failure.,
  subsystem: Compression,
  id: 316,
  physics_domain: FluidDynamics
}"
492,[BoundaryCondition],"{
  network_level: 4,
  knowledge_domain: 发动机控制,
  importance: 0.5,
  name: Engine limit,
  description: Mechanical stress restricts the maximum physical or corrected rotational speed of the fan spool.,
  subsystem: General,
  id: 151,
  physics_domain: GeneralPhysics
}",INCLUDES,658,[BoundaryCondition],"{
  network_level: 4,
  knowledge_domain: 发动机控制,
  importance: 0.5,
  name: Maximum turbine inlet temperature,
  description: Material thermal properties restrict the maximum allowable gas temperature entering the turbine blades (T_t4).,
  subsystem: Expansion,
  id: 317,
  physics_domain: Thermodynamics
}"
493,[Parameter],"{
  network_level: 2,
  knowledge_domain: 发动机控制,
  importance: 0.8,
  name: Theta_break,
  description: Theta_break represents the ambient temperature point where the engine control transitions from limiting maximum compressor pressure ratio to limiting maximum turbine inlet temperature.,
  subsystem: General,
  id: 152,
  physics_domain: GeneralPhysics
}",DEFINES,659,[Parameter],"{
  network_level: 2,
  knowledge_domain: 发动机控制,
  importance: 0.8,
  name: Control logic transition point,
  description: Theta_break represents the ambient temperature point where the engine control transitions from limiting maximum compressor pressure ratio to limiting maximum turbine inlet temperature.,
  subsystem: General,
  id: 318,
  physics_domain: Control
}"
494,[BoundaryCondition],"{
  network_level: 4,
  knowledge_domain: 发动机控制,
  importance: 0.5,
  name: Cold day operation,
  description: At low ambient temperatures (below theta_break), the engine is typically limited by mechanical limits like pressure or spool speed.,
  subsystem: General,
  id: 153,
  physics_domain: GeneralPhysics
}",LIMITED_BY,660,[Parameter],"{
  network_level: 2,
  knowledge_domain: 发动机控制,
  importance: 0.8,
  name: Maximum pressure or shaft speed,
  description: At low ambient temperatures (below theta_break), the engine is typically limited by mechanical limits like pressure or spool speed.,
  subsystem: General,
  id: 319,
  physics_domain: FluidDynamics
}"
495,[BoundaryCondition],"{
  network_level: 4,
  knowledge_domain: 发动机控制,
  importance: 0.5,
  name: Hot day operation,
  description: At high ambient temperatures (above theta_break), the engine control reduces fuel flow to protect the turbine from overheating, dropping the thrust.,
  subsystem: General,
  id: 154,
  physics_domain: GeneralPhysics
}",LIMITED_BY,658,[BoundaryCondition],"{
  network_level: 4,
  knowledge_domain: 发动机控制,
  importance: 0.5,
  name: Maximum turbine inlet temperature,
  description: Material thermal properties restrict the maximum allowable gas temperature entering the turbine blades (T_t4).,
  subsystem: Expansion,
  id: 317,
  physics_domain: Thermodynamics
}"
496,[Parameter],"{
  network_level: 2,
  knowledge_domain: 运行特性,
  importance: 0.8,
  name: Throttle hook,
  description: A throttle hook is a curve showing the relationship between thrust and thrust specific fuel consumption at a constant flight condition as the throttle is varied.,
  subsystem: General,
  id: 155,
  physics_domain: GeneralPhysics
}",PLOTS,661,[Parameter],"{
  network_level: 2,
  knowledge_domain: 运行特性,
  importance: 0.8,
  name: Thrust versus TSFC,
  description: A throttle hook is a curve showing the relationship between thrust and thrust specific fuel consumption at a constant flight condition as the throttle is varied.,
  subsystem: General,
  id: 320,
  physics_domain: GeneralPhysics
}"
497,[BoundaryCondition],"{
  network_level: 4,
  knowledge_domain: 过渡态,
  importance: 0.5,
  name: Transient operation,
  description: During acceleration, the turbine power must exceed the compressor power to accelerate the spool rotor inertia, causing the operating line to transiently swing toward the stall line.,
  subsystem: General,
  id: 156,
  physics_domain: GeneralPhysics
}",REQUIRES,662,[Equation],"{
  network_level: 3,
  knowledge_domain: 过渡态,
  importance: 0.6,
  name: Temporary power imbalance,
  description: During acceleration, the turbine power must exceed the compressor power to accelerate the spool rotor inertia, causing the operating line to transiently swing toward the stall line.,
  subsystem: General,
  id: 321,
  physics_domain: GeneralPhysics
}"
498,[Parameter],"{
  network_level: 2,
  knowledge_domain: 系统原理,
  importance: 0.8,
  name: Thrust,
  description: A propulsion system is a machine that produces thrust to move an object forward.,
  subsystem: General,
  id: 157,
  physics_domain: GeneralPhysics
}",null,null,null,null
499,[Parameter],"{
  network_level: 2,
  knowledge_domain: 工作原理,
  importance: 0.8,
  name: Atmospheric oxygen,
  description: An airbreathing engine utilizes the oxygen in the atmospheric air to burn the fuel carried within the vehicle.,
  subsystem: General,
  id: 158,
  physics_domain: GeneralPhysics
}",null,null,null,null
500,[Parameter],"{
  network_level: 2,
  knowledge_domain: 工作原理,
  importance: 0.8,
  name: Fuel and Oxidizer,
  description: A non-airbreathing engine carries both the fuel and the oxidizer required for combustion.,
  subsystem: General,
  id: 159,
  physics_domain: GeneralPhysics
}",null,null,null,null
501,[Component],"{
  network_level: 1,
  knowledge_domain: 部件关系,
  importance: 1.0,
  name: Gas turbine engine,
  description: The core of any gas turbine engine is the gas generator.,
  subsystem: Expansion,
  id: 160,
  physics_domain: GeneralPhysics
}",AFFECTS,359,[Parameter],"{
  network_level: 2,
  knowledge_domain: 性能指标,
  importance: 0.8,
  name: Thermal efficiency,
  description: Thermal efficiency is the ratio of the rate of kinetic energy production to the thermal power input from fuel.,
  subsystem: General,
  id: 18,
  physics_domain: GeneralPhysics
}"
501,[Component],"{
  network_level: 1,
  knowledge_domain: 部件关系,
  importance: 1.0,
  name: Gas turbine engine,
  description: The core of any gas turbine engine is the gas generator.,
  subsystem: Expansion,
  id: 160,
  physics_domain: GeneralPhysics
}",AFFECTS,360,[Parameter],"{
  network_level: 2,
  knowledge_domain: 性能指标,
  importance: 0.8,
  name: Propulsive efficiency,
  description: Propulsive efficiency measures how effectively the engine's kinetic energy output is converted into aircraft propulsive power.,
  subsystem: General,
  id: 19,
  physics_domain: GeneralPhysics
}"
501,[Component],"{
  network_level: 1,
  knowledge_domain: 部件关系,
  importance: 1.0,
  name: Gas turbine engine,
  description: The core of any gas turbine engine is the gas generator.,
  subsystem: Expansion,
  id: 160,
  physics_domain: GeneralPhysics
}",AFFECTS,361,[Parameter],"{
  network_level: 2,
  knowledge_domain: 性能指标,
  importance: 0.8,
  name: Overall efficiency,
  description: The overall efficiency of a propulsion system is the product of its thermal and propulsive efficiencies.,
  subsystem: General,
  id: 20,
  physics_domain: GeneralPhysics
}"
501,[Component],"{
  network_level: 1,
  knowledge_domain: 部件关系,
  importance: 1.0,
  name: Gas turbine engine,
  description: The core of any gas turbine engine is the gas generator.,
  subsystem: Expansion,
  id: 160,
  physics_domain: GeneralPhysics
}",AFFECTS,436,[Parameter],"{
  network_level: 2,
  knowledge_domain: 效率理论,
  importance: 0.8,
  name: Polytropic efficiency,
  description: Polytropic efficiency (e_c for compressor, e_t for turbine) is defined as the isentropic efficiency of an elemental or infinitesimal stage.,
  subsystem: General,
  id: 95,
  physics_domain: GeneralPhysics
}"
501,[Component],"{
  network_level: 1,
  knowledge_domain: 部件关系,
  importance: 1.0,
  name: Gas turbine engine,
  description: The core of any gas turbine engine is the gas generator.,
  subsystem: Expansion,
  id: 160,
  physics_domain: GeneralPhysics
}",AFFECTS,456,[Parameter],"{
  network_level: 2,
  knowledge_domain: 燃烧损失,
  importance: 0.8,
  name: Combustion efficiency,
  description: Combustion efficiency is often expressed as the ratio of actual characteristic velocity (c*_actual) to the theoretical characteristic velocity (c*_theoretical).,
  subsystem: Combustion,
  id: 115,
  physics_domain: GeneralPhysics
}"
501,[Component],"{
  network_level: 1,
  knowledge_domain: 部件关系,
  importance: 1.0,
  name: Gas turbine engine,
  description: The core of any gas turbine engine is the gas generator.,
  subsystem: Expansion,
  id: 160,
  physics_domain: GeneralPhysics
}",AFFECTS,471,[Parameter],"{
  network_level: 2,
  knowledge_domain: 涡喷循环,
  importance: 0.8,
  name: Real turbojet efficiency,
  description: Irreversibilities in the compressor and turbine increase entropy, directly decreasing the specific thrust and increasing the TSFC.,
  subsystem: General,
  id: 130,
  physics_domain: GeneralPhysics
}"
501,[Component],"{
  network_level: 1,
  knowledge_domain: 部件关系,
  importance: 1.0,
  name: Gas turbine engine,
  description: The core of any gas turbine engine is the gas generator.,
  subsystem: Expansion,
  id: 160,
  physics_domain: GeneralPhysics
}",AFFECTS,477,[Parameter],"{
  network_level: 2,
  knowledge_domain: 部件匹配,
  importance: 0.8,
  name: Mixer efficiency,
  description: Aerodynamic mixing of streams with different total temperatures and velocities introduces viscous shearing losses, reducing overall total pressure.,
  subsystem: General,
  id: 136,
  physics_domain: GeneralPhysics
}"
501,[Component],"{
  network_level: 1,
  knowledge_domain: 部件关系,
  importance: 1.0,
  name: Gas turbine engine,
  description: The core of any gas turbine engine is the gas generator.,
  subsystem: Expansion,
  id: 160,
  physics_domain: GeneralPhysics
}",AFFECTS,480,[Parameter],"{
  network_level: 2,
  knowledge_domain: 性能指标,
  importance: 0.8,
  name: Propeller efficiency eta_prop,
  description: The efficiency with which the propeller converts the brake shaft horsepower into effective aircraft propulsive power.,
  subsystem: General,
  id: 139,
  physics_domain: GeneralPhysics
}"
501,[Component],"{
  network_level: 1,
  knowledge_domain: 部件关系,
  importance: 1.0,
  name: Gas turbine engine,
  description: The core of any gas turbine engine is the gas generator.,
  subsystem: Expansion,
  id: 160,
  physics_domain: GeneralPhysics
}",AFFECTS,514,[Parameter],"{
  network_level: 2,
  knowledge_domain: 性能指标,
  importance: 0.8,
  name: Thermal efficiency and Propulsive efficiency,
  description: The overall efficiency of a propulsion system is the product of its thermal and propulsive efficiencies.,
  subsystem: General,
  id: 173,
  physics_domain: GeneralPhysics
}"
501,[Component],"{
  network_level: 1,
  knowledge_domain: 部件关系,
  importance: 1.0,
  name: Gas turbine engine,
  description: The core of any gas turbine engine is the gas generator.,
  subsystem: Expansion,
  id: 160,
  physics_domain: GeneralPhysics
}",AFFECTS,590,[Parameter],"{
  network_level: 2,
  knowledge_domain: 压气机特性,
  importance: 0.8,
  name: Isentropic efficiency eta_c,
  description: The isentropic compressor efficiency eta_c is defined as the ratio of ideal (isentropic) work to the actual work required for a given total pressure ratio.,
  subsystem: General,
  id: 249,
  physics_domain: GeneralPhysics
}"
501,[Component],"{
  network_level: 1,
  knowledge_domain: 部件关系,
  importance: 1.0,
  name: Gas turbine engine,
  description: The core of any gas turbine engine is the gas generator.,
  subsystem: Expansion,
  id: 160,
  physics_domain: GeneralPhysics
}",AFFECTS,591,[Parameter],"{
  network_level: 2,
  knowledge_domain: 压气机特性,
  importance: 0.8,
  name: Isentropic efficiency and Total pressure ratio,
  description: tau_c = 1 + (pi_c^((gamma-1)/gamma) - 1) / eta_c, which links actual temperature rise to pressure ratio.,
  subsystem: General,
  id: 250,
  physics_domain: FluidDynamics
}"
501,[Component],"{
  network_level: 1,
  knowledge_domain: 部件关系,
  importance: 1.0,
  name: Gas turbine engine,
  description: The core of any gas turbine engine is the gas generator.,
  subsystem: Expansion,
  id: 160,
  physics_domain: GeneralPhysics
}",AFFECTS,592,[Parameter],"{
  network_level: 2,
  knowledge_domain: 效率理论,
  importance: 0.8,
  name: Isentropic efficiency of an infinitesimal stage,
  description: Polytropic efficiency (e_c for compressor, e_t for turbine) is defined as the isentropic efficiency of an elemental or infinitesimal stage.,
  subsystem: General,
  id: 251,
  physics_domain: GeneralPhysics
}"
501,[Component],"{
  network_level: 1,
  knowledge_domain: 部件关系,
  importance: 1.0,
  name: Gas turbine engine,
  description: The core of any gas turbine engine is the gas generator.,
  subsystem: Expansion,
  id: 160,
  physics_domain: GeneralPhysics
}",AFFECTS,594,[Parameter],"{
  network_level: 2,
  knowledge_domain: 涡轮特性,
  importance: 0.8,
  name: Isentropic efficiency eta_t,
  description: The isentropic turbine efficiency eta_t is defined as the ratio of actual work output to the ideal (isentropic) work output for a given total pressure ratio.,
  subsystem: General,
  id: 253,
  physics_domain: GeneralPhysics
}"
501,[Component],"{
  network_level: 1,
  knowledge_domain: 部件关系,
  importance: 1.0,
  name: Gas turbine engine,
  description: The core of any gas turbine engine is the gas generator.,
  subsystem: Expansion,
  id: 160,
  physics_domain: GeneralPhysics
}",AFFECTS,595,[Parameter],"{
  network_level: 2,
  knowledge_domain: 燃烧室特性,
  importance: 0.8,
  name: Combustion efficiency eta_b,
  description: Combustion efficiency eta_b is the ratio of the actual thermal energy released to the chemical energy available in the fuel.,
  subsystem: Combustion,
  id: 254,
  physics_domain: GeneralPhysics
}"
501,[Component],"{
  network_level: 1,
  knowledge_domain: 部件关系,
  importance: 1.0,
  name: Gas turbine engine,
  description: The core of any gas turbine engine is the gas generator.,
  subsystem: Expansion,
  id: 160,
  physics_domain: GeneralPhysics
}",AFFECTS,600,[Parameter],"{
  network_level: 2,
  knowledge_domain: 机械传动,
  importance: 0.8,
  name: Mechanical efficiency eta_m,
  description: Mechanical efficiency eta_m accounts for frictional power losses in bearings and accessory gearboxes connecting the turbine and compressor shafts.,
  subsystem: General,
  id: 259,
  physics_domain: GeneralPhysics
}"
502,[Parameter],"{
  network_level: 2,
  knowledge_domain: 结构组成,
  importance: 0.8,
  name: Fan,
  description: A turbofan engine adds a fan driven by an additional turbine stage or a separate spool.,
  subsystem: General,
  id: 161,
  physics_domain: GeneralPhysics
}",null,null,null,null
503,[Parameter],"{
  network_level: 2,
  knowledge_domain: 结构组成,
  importance: 0.8,
  name: Propeller,
  description: A turboprop engine uses a gas turbine core to drive a propeller through a reduction gearbox.,
  subsystem: General,
  id: 162,
  physics_domain: GeneralPhysics
}",null,null,null,null
504,[Parameter],"{
  network_level: 2,
  knowledge_domain: 输出特性,
  importance: 0.8,
  name: Shaft power,
  description: A turboshaft engine delivers power to a shaft to drive something other than a propeller, such as a helicopter rotor.,
  subsystem: General,
  id: 163,
  physics_domain: GeneralPhysics
}",null,null,null,null
505,[Parameter],"{
  network_level: 2,
  knowledge_domain: 结构特性,
  importance: 0.8,
  name: Moving parts,
  description: The ramjet engine has no moving parts (no compressor or turbine) and relies on forward speed to compress air.,
  subsystem: General,
  id: 164,
  physics_domain: GeneralPhysics
}",null,null,null,null
506,[Parameter],"{
  network_level: 2,
  knowledge_domain: 工作原理,
  importance: 0.8,
  name: Intermittent combustion,
  description: A pulsejet engine operates with periodic or intermittent combustion using valves or acoustic geometry.,
  subsystem: Combustion,
  id: 165,
  physics_domain: GeneralPhysics
}",null,null,null,null
507,[Parameter],"{
  network_level: 2,
  knowledge_domain: 性能指标,
  importance: 0.8,
  name: Internal performance,
  description: The uninstalled thrust (F_n) is the force produced by the engine alone, neglecting installation effects.,
  subsystem: General,
  id: 166,
  physics_domain: GeneralPhysics
}",null,null,null,null
508,[BoundaryCondition],"{
  network_level: 4,
  knowledge_domain: 安装损失,
  importance: 0.5,
  name: Inlet installation,
  description: Drag associated with the engine intake aerodynamic forces.,
  subsystem: General,
  id: 167,
  physics_domain: GeneralPhysics
}",null,null,null,null
509,[BoundaryCondition],"{
  network_level: 4,
  knowledge_domain: 安装损失,
  importance: 0.5,
  name: Nozzle installation,
  description: Drag associated with the exhaust aft-end geometry and flow field.,
  subsystem: Exhaust,
  id: 168,
  physics_domain: GeneralPhysics
}",null,null,null,null
510,[Parameter],"{
  network_level: 2,
  knowledge_domain: 性能指标,
  importance: 0.8,
  name: Fuel mass flow per unit thrust,
  description: Thrust specific fuel consumption (TSFC or S) is defined as the mass flow rate of fuel divided by the thrust.,
  subsystem: General,
  id: 169,
  physics_domain: FluidDynamics
}",null,null,null,null
511,[Component],"{
  network_level: 1,
  knowledge_domain: 性能指标,
  importance: 1.0,
  name: Engine fuel efficiency,
  description: Lower TSFC indicates a more fuel-efficient engine for a given thrust requirement.,
  subsystem: General,
  id: 170,
  physics_domain: GeneralPhysics
}",null,null,null,null
512,[Parameter],"{
  network_level: 2,
  knowledge_domain: 性能指标,
  importance: 0.8,
  name: Heat conversion to kinetic energy,
  description: Thermal efficiency is the ratio of the rate of kinetic energy production to the thermal power input from fuel.,
  subsystem: General,
  id: 171,
  physics_domain: Thermodynamics
}",null,null,null,null
513,[Parameter],"{
  network_level: 2,
  knowledge_domain: 性能指标,
  importance: 0.8,
  name: Kinetic energy conversion to thrust power,
  description: Propulsive efficiency measures how effectively the engine's kinetic energy output is converted into aircraft propulsive power.,
  subsystem: General,
  id: 172,
  physics_domain: GeneralPhysics
}",null,null,null,null
514,[Parameter],"{
  network_level: 2,
  knowledge_domain: 性能指标,
  importance: 0.8,
  name: Thermal efficiency and Propulsive efficiency,
  description: The overall efficiency of a propulsion system is the product of its thermal and propulsive efficiencies.,
  subsystem: General,
  id: 173,
  physics_domain: GeneralPhysics
}",null,null,null,null
515,[Parameter],"{
  network_level: 2,
  knowledge_domain: 性能指标,
  importance: 0.8,
  name: Thrust per unit air mass flow,
  description: Specific thrust is the thrust produced per unit mass flow rate of air entering the engine.,
  subsystem: General,
  id: 174,
  physics_domain: FluidDynamics
}",null,null,null,null
516,[Parameter],"{
  network_level: 2,
  knowledge_domain: 性能指标,
  importance: 0.8,
  name: Fan mass flow to core mass flow,
  description: The bypass ratio (alpha) is the ratio of the mass flow rate bypassing the core to the mass flow rate passing through the core.,
  subsystem: General,
  id: 175,
  physics_domain: FluidDynamics
}",null,null,null,null
517,[Parameter],"{
  network_level: 2,
  knowledge_domain: 性能特性,
  importance: 0.8,
  name: Lower TSFC,
  description: High bypass ratio engines generally provide lower TSFC at subsonic cruise speeds.,
  subsystem: General,
  id: 176,
  physics_domain: GeneralPhysics
}",null,null,null,null
518,[Parameter],"{
  network_level: 2,
  knowledge_domain: 控制方程,
  importance: 0.8,
  name: Conservation of mass,
  description: The continuity equation expresses the principle of conservation of mass for a control volume.,
  subsystem: General,
  id: 177,
  physics_domain: GeneralPhysics
}",null,null,null,null
519,[Equation],"{
  network_level: 3,
  knowledge_domain: 控制方程,
  importance: 0.6,
  name: Newton's second law,
  description: The momentum equation expresses Newton's second law of motion for a fluid passing through a control volume.,
  subsystem: General,
  id: 178,
  physics_domain: GeneralPhysics
}",null,null,null,null
520,[Equation],"{
  network_level: 3,
  knowledge_domain: 控制方程,
  importance: 0.6,
  name: First law of thermodynamics,
  description: The energy equation is a statement of the first law of thermodynamics applied to a fluid flowing through a control volume.,
  subsystem: General,
  id: 179,
  physics_domain: GeneralPhysics
}",null,null,null,null
521,[Parameter],"{
  network_level: 2,
  knowledge_domain: 流体特性,
  importance: 0.8,
  name: Time-independent properties,
  description: A flow is defined as steady if its properties at any point within the control volume do not vary with time.,
  subsystem: General,
  id: 180,
  physics_domain: GeneralPhysics
}",null,null,null,null
522,[Parameter],"{
  network_level: 2,
  knowledge_domain: 流体特性,
  importance: 0.8,
  name: Uniform properties across cross section,
  description: A flow is one-dimensional if the fluid properties are uniform across any cross section perpendicular to the flow direction.,
  subsystem: General,
  id: 181,
  physics_domain: GeneralPhysics
}",null,null,null,null
523,[Equation],"{
  network_level: 3,
  knowledge_domain: 热力学基础,
  importance: 0.6,
  name: Thermal equation of state,
  description: A perfect gas is a gas whose intermolecular forces are negligible and obeys the thermal equation of state P = rho*R*T.,
  subsystem: General,
  id: 182,
  physics_domain: GeneralPhysics
}",null,null,null,null
524,[Parameter],"{
  network_level: 2,
  knowledge_domain: 热力学基础,
  importance: 0.8,
  name: Constant specific heats,
  description: A calorically perfect gas is a perfect gas with constant specific heats (c_p and c_v are constants).,
  subsystem: General,
  id: 183,
  physics_domain: Thermodynamics
}",null,null,null,null
525,[Parameter],"{
  network_level: 2,
  knowledge_domain: 气体动力学,
  importance: 0.8,
  name: Square root of gamma*R*T,
  description: The speed of sound 'a' in a calorically perfect gas is given by a = sqrt(gamma * R * T).,
  subsystem: General,
  id: 184,
  physics_domain: GeneralPhysics
}",null,null,null,null
526,[Parameter],"{
  network_level: 2,
  knowledge_domain: 气体动力学,
  importance: 0.8,
  name: Ratio of velocity to speed of sound,
  description: The Mach number M is defined as the ratio of the local fluid velocity V to the local speed of sound 'a'.,
  subsystem: General,
  id: 185,
  physics_domain: FluidDynamics
}",null,null,null,null
527,[Parameter],"{
  network_level: 2,
  knowledge_domain: 流动状态,
  importance: 0.8,
  name: Mach number less than one,
  description: Flow where the local Mach number is strictly less than 1.0.,
  subsystem: General,
  id: 186,
  physics_domain: FluidDynamics
}",null,null,null,null
528,[Parameter],"{
  network_level: 2,
  knowledge_domain: 流动状态,
  importance: 0.8,
  name: Mach number greater than one,
  description: Flow where the local Mach number is strictly greater than 1.0.,
  subsystem: General,
  id: 187,
  physics_domain: FluidDynamics
}",null,null,null,null
529,[Parameter],"{
  network_level: 2,
  knowledge_domain: 流动状态,
  importance: 0.8,
  name: Mach number equal to one,
  description: Flow where the local Mach number is exactly equal to 1.0.,
  subsystem: General,
  id: 188,
  physics_domain: FluidDynamics
}",null,null,null,null
530,[Parameter],"{
  network_level: 2,
  knowledge_domain: 热力学属性,
  importance: 0.8,
  name: Total enthalpy of gas,
  description: Stagnation temperature (or total temperature) T_t represents the temperature achieved when a fluid is decelerated to zero velocity adiabatically.,
  subsystem: General,
  id: 189,
  physics_domain: Thermodynamics
}",null,null,null,null
531,[Parameter],"{
  network_level: 2,
  knowledge_domain: 热力学属性,
  importance: 0.8,
  name: Aerodynamic heating,
  description: The increase in temperature associated with deceleration of a high-speed flow is called aerodynamic heating.,
  subsystem: General,
  id: 190,
  physics_domain: Thermodynamics
}",null,null,null,null
532,[Parameter],"{
  network_level: 2,
  knowledge_domain: 热力学属性,
  importance: 0.8,
  name: Pressure at zero velocity isentropically,
  description: Stagnation pressure (or total pressure) P_t is the pressure attained when a fluid is brought to rest isentropically.,
  subsystem: General,
  id: 191,
  physics_domain: FluidDynamics
}",USED_IN,663,[Equation],"{
  network_level: 3,
  knowledge_domain: CrossDomain,
  importance: 0.6,
  name: Ideal Brayton cycle,
  description: The realistic engine cycle analysis (Chapter 7) modifies the ideal Brayton cycle (Chapter 4) by incorporating polytropic efficiencies and pressure drops (Chapter 5).,
  subsystem: Cycle,
  id: 322,
  physics_domain: GeneralPhysics
}"
533,[Parameter],"{
  network_level: 2,
  knowledge_domain: 热力学过程,
  importance: 0.8,
  name: Constant entropy,
  description: An isentropic flow is both adiabatic and reversible; entropy remains constant along a streamline.,
  subsystem: General,
  id: 192,
  physics_domain: Thermodynamics
}",null,null,null,null
534,[Parameter],"{
  network_level: 2,
  knowledge_domain: 等熵流动,
  importance: 0.8,
  name: Flow area variation with Mach number,
  description: The area-Mach number relation links the cross-sectional area of a duct to the local Mach number for an isentropic flow.,
  subsystem: General,
  id: 193,
  physics_domain: FluidDynamics
}",null,null,null,null
535,[Component],"{
  network_level: 1,
  knowledge_domain: 喷管几何,
  importance: 1.0,
  name: Convergent-divergent nozzle,
  description: The location of minimum cross-sectional area is called the throat, where the Mach number can reach unity.,
  subsystem: Exhaust,
  id: 194,
  physics_domain: GeneralPhysics
}",null,null,null,null
536,[BoundaryCondition],"{
  network_level: 4,
  knowledge_domain: 流动状态,
  importance: 0.5,
  name: Mass flow maximum limit,
  description: When the Mach number at the throat reaches unity, the mass flow rate through the nozzle reaches its maximum possible value and is said to be choked.,
  subsystem: General,
  id: 195,
  physics_domain: FluidDynamics
}",null,null,null,null
537,[Parameter],"{
  network_level: 2,
  knowledge_domain: 激波理论,
  importance: 0.8,
  name: Discontinuity in supersonic flow,
  description: A normal shock wave is a thin discontinuity perpendicular to the flow direction that can occur only in supersonic flow.,
  subsystem: General,
  id: 196,
  physics_domain: FluidDynamics
}",null,null,null,null
538,[Parameter],"{
  network_level: 2,
  knowledge_domain: 激波理论,
  importance: 0.8,
  name: Supersonic to Subsonic,
  description: The Mach number always drops from a supersonic value upstream to a subsonic value downstream of a normal shock.,
  subsystem: General,
  id: 197,
  physics_domain: GeneralPhysics
}",null,null,null,null
539,[Parameter],"{
  network_level: 2,
  knowledge_domain: 激波理论,
  importance: 0.8,
  name: Static pressure,
  description: Static pressure increases significantly across a normal shock wave.,
  subsystem: General,
  id: 198,
  physics_domain: FluidDynamics
}",USED_IN,663,[Equation],"{
  network_level: 3,
  knowledge_domain: CrossDomain,
  importance: 0.6,
  name: Ideal Brayton cycle,
  description: The realistic engine cycle analysis (Chapter 7) modifies the ideal Brayton cycle (Chapter 4) by incorporating polytropic efficiencies and pressure drops (Chapter 5).,
  subsystem: Cycle,
  id: 322,
  physics_domain: GeneralPhysics
}"
540,[Parameter],"{
  network_level: 2,
  knowledge_domain: 激波理论,
  importance: 0.8,
  name: Static temperature,
  description: Static temperature increases across a normal shock wave.,
  subsystem: General,
  id: 199,
  physics_domain: Thermodynamics
}",USED_IN,416,[Equation],"{
  network_level: 3,
  knowledge_domain: 参数循环分析,
  importance: 0.6,
  name: Parametric cycle analysis,
  description: The objective of parametric cycle analysis is to relate the engine performance parameters to the design choices and the flight environment.,
  subsystem: Cycle,
  id: 75,
  physics_domain: GeneralPhysics
}"
540,[Parameter],"{
  network_level: 2,
  knowledge_domain: 激波理论,
  importance: 0.8,
  name: Static temperature,
  description: Static temperature increases across a normal shock wave.,
  subsystem: General,
  id: 199,
  physics_domain: Thermodynamics
}",USED_IN,418,[Equation],"{
  network_level: 3,
  knowledge_domain: 循环假设,
  importance: 0.6,
  name: Ideal cycle analysis,
  description: Ideal cycle analysis assumes that the compression and expansion processes are reversible and adiabatic (isentropic).,
  subsystem: Cycle,
  id: 77,
  physics_domain: GeneralPhysics
}"
540,[Parameter],"{
  network_level: 2,
  knowledge_domain: 激波理论,
  importance: 0.8,
  name: Static temperature,
  description: Static temperature increases across a normal shock wave.,
  subsystem: General,
  id: 199,
  physics_domain: Thermodynamics
}",USED_IN,463,[Equation],"{
  network_level: 3,
  knowledge_domain: 动力循环,
  importance: 0.6,
  name: Liquid rocket cycle,
  description: Liquid rocket engine cycles are classified into pressure-fed systems or pump-fed systems based on how propellants are pressurized.,
  subsystem: Cycle,
  id: 122,
  physics_domain: GeneralPhysics
}"
540,[Parameter],"{
  network_level: 2,
  knowledge_domain: 激波理论,
  importance: 0.8,
  name: Static temperature,
  description: Static temperature increases across a normal shock wave.,
  subsystem: General,
  id: 199,
  physics_domain: Thermodynamics
}",USED_IN,464,[Equation],"{
  network_level: 3,
  knowledge_domain: 动力循环,
  importance: 0.6,
  name: Pump-fed cycle,
  description: A pump-fed open cycle where a fraction of the propellant is burned in a separate combustor to drive the turbine and is then exhausted overboard.,
  subsystem: Cycle,
  id: 123,
  physics_domain: GeneralPhysics
}"
540,[Parameter],"{
  network_level: 2,
  knowledge_domain: 激波理论,
  importance: 0.8,
  name: Static temperature,
  description: Static temperature increases across a normal shock wave.,
  subsystem: General,
  id: 199,
  physics_domain: Thermodynamics
}",USED_IN,465,[Equation],"{
  network_level: 3,
  knowledge_domain: 动力循环,
  importance: 0.6,
  name: Gas-generator cycle,
  description: The gas generator must operate off-stoichiometric (extremely fuel-rich or oxidizer-rich) to prevent melting the turbine blades.,
  subsystem: Cycle,
  id: 124,
  physics_domain: GeneralPhysics
}"
540,[Parameter],"{
  network_level: 2,
  knowledge_domain: 激波理论,
  importance: 0.8,
  name: Static temperature,
  description: Static temperature increases across a normal shock wave.,
  subsystem: General,
  id: 199,
  physics_domain: Thermodynamics
}",USED_IN,466,[Equation],"{
  network_level: 3,
  knowledge_domain: 动力循环,
  importance: 0.6,
  name: Staged combustion cycle,
  description: Because the turbine exhaust is injected into the main chamber rather than dumped at low pressure, it allows extremely high chamber pressures (P_c) and higher efficiency.,
  subsystem: Combustion,
  id: 125,
  physics_domain: GeneralPhysics
}"
540,[Parameter],"{
  network_level: 2,
  knowledge_domain: 激波理论,
  importance: 0.8,
  name: Static temperature,
  description: Static temperature increases across a normal shock wave.,
  subsystem: General,
  id: 199,
  physics_domain: Thermodynamics
}",USED_IN,469,[Equation],"{
  network_level: 3,
  knowledge_domain: 真实循环分析,
  importance: 0.6,
  name: Real cycle analysis,
  description: Real engine cycle analysis incorporates component efficiencies, pressure losses, mechanical losses, and bleeding to predict realistic performance.,
  subsystem: Cycle,
  id: 128,
  physics_domain: GeneralPhysics
}"
540,[Parameter],"{
  network_level: 2,
  knowledge_domain: 激波理论,
  importance: 0.8,
  name: Static temperature,
  description: Static temperature increases across a normal shock wave.,
  subsystem: General,
  id: 199,
  physics_domain: Thermodynamics
}",USED_IN,621,[Equation],"{
  network_level: 3,
  knowledge_domain: 动力循环,
  importance: 0.6,
  name: Pressure-fed cycle,
  description: Liquid rocket engine cycles are classified into pressure-fed systems or pump-fed systems based on how propellants are pressurized.,
  subsystem: Cycle,
  id: 280,
  physics_domain: FluidDynamics
}"
540,[Parameter],"{
  network_level: 2,
  knowledge_domain: 激波理论,
  importance: 0.8,
  name: Static temperature,
  description: Static temperature increases across a normal shock wave.,
  subsystem: General,
  id: 199,
  physics_domain: Thermodynamics
}",USED_IN,622,[Equation],"{
  network_level: 3,
  knowledge_domain: 动力循环,
  importance: 0.6,
  name: Expander cycle,
  description: A closed cycle where fuel is vaporized in the cooling jacket and then routes directly through the turbine to drive the pumps before entering the injector.,
  subsystem: Cycle,
  id: 281,
  physics_domain: GeneralPhysics
}"
540,[Parameter],"{
  network_level: 2,
  knowledge_domain: 激波理论,
  importance: 0.8,
  name: Static temperature,
  description: Static temperature increases across a normal shock wave.,
  subsystem: General,
  id: 199,
  physics_domain: Thermodynamics
}",USED_IN,663,[Equation],"{
  network_level: 3,
  knowledge_domain: CrossDomain,
  importance: 0.6,
  name: Ideal Brayton cycle,
  description: The realistic engine cycle analysis (Chapter 7) modifies the ideal Brayton cycle (Chapter 4) by incorporating polytropic efficiencies and pressure drops (Chapter 5).,
  subsystem: Cycle,
  id: 322,
  physics_domain: GeneralPhysics
}"
541,[Parameter],"{
  network_level: 2,
  knowledge_domain: 激波理论,
  importance: 0.8,
  name: Total pressure,
  description: The total pressure decreases across a normal shock, which represents an irreversibility (entropy rise) in the flow.,
  subsystem: General,
  id: 200,
  physics_domain: FluidDynamics
}",USED_IN,663,[Equation],"{
  network_level: 3,
  knowledge_domain: CrossDomain,
  importance: 0.6,
  name: Ideal Brayton cycle,
  description: The realistic engine cycle analysis (Chapter 7) modifies the ideal Brayton cycle (Chapter 4) by incorporating polytropic efficiencies and pressure drops (Chapter 5).,
  subsystem: Cycle,
  id: 322,
  physics_domain: GeneralPhysics
}"
542,[Parameter],"{
  network_level: 2,
  knowledge_domain: 管流理论,
  importance: 0.8,
  name: Constant area flow with friction,
  description: Fanno flow refers to adiabatic flow in a constant-area duct with friction.,
  subsystem: General,
  id: 201,
  physics_domain: FluidDynamics
}",null,null,null,null
543,[Parameter],"{
  network_level: 2,
  knowledge_domain: 管流理论,
  importance: 0.8,
  name: Unity,
  description: Friction always drives the Mach number toward unity in Fanno flow, whether the inlet flow is subsonic or supersonic.,
  subsystem: General,
  id: 202,
  physics_domain: GeneralPhysics
}",null,null,null,null
544,[Parameter],"{
  network_level: 2,
  knowledge_domain: 管流理论,
  importance: 0.8,
  name: Constant area flow with heat transfer,
  description: Rayleigh flow refers to frictionless flow in a constant-area duct with heat transfer (heating or cooling).,
  subsystem: General,
  id: 203,
  physics_domain: FluidDynamics
}",null,null,null,null
545,[Parameter],"{
  network_level: 2,
  knowledge_domain: 管流理论,
  importance: 0.8,
  name: Maximum heat addition,
  description: Maximum heat addition in a Rayleigh flow occurs when the Mach number reaches unity; further heating causes thermal choking.,
  subsystem: General,
  id: 204,
  physics_domain: Thermodynamics
}",null,null,null,null
546,[Parameter],"{
  network_level: 2,
  knowledge_domain: 性能指标,
  importance: 0.8,
  name: Momentum thrust and Pressure thrust,
  description: The total thrust of a rocket is the sum of the momentum thrust and the pressure thrust: F = m_dot * V_e + (P_e - P_a) * A_e.,
  subsystem: General,
  id: 205,
  physics_domain: FluidDynamics
}",USED_IN,663,[Equation],"{
  network_level: 3,
  knowledge_domain: CrossDomain,
  importance: 0.6,
  name: Ideal Brayton cycle,
  description: The realistic engine cycle analysis (Chapter 7) modifies the ideal Brayton cycle (Chapter 4) by incorporating polytropic efficiencies and pressure drops (Chapter 5).,
  subsystem: Cycle,
  id: 322,
  physics_domain: GeneralPhysics
}"
547,[Parameter],"{
  network_level: 2,
  knowledge_domain: 性能指标,
  importance: 0.8,
  name: Mass flow rate times Exhaust velocity,
  description: The component of thrust generated by the change in momentum of the exhaust gas (m_dot * V_e).,
  subsystem: Exhaust,
  id: 206,
  physics_domain: FluidDynamics
}",null,null,null,null
548,[Component],"{
  network_level: 1,
  knowledge_domain: 性能指标,
  importance: 1.0,
  name: Pressure difference times Nozzle exit area,
  description: The component of thrust due to the difference between exit pressure and ambient pressure ((P_e - P_a) * A_e).,
  subsystem: Exhaust,
  id: 207,
  physics_domain: FluidDynamics
}",null,null,null,null
549,[Parameter],"{
  network_level: 2,
  knowledge_domain: 性能指标,
  importance: 0.8,
  name: Thrust divided by Mass flow rate,
  description: The effective exhaust velocity C is defined such that F = m_dot * C, which combines momentum and pressure effects.,
  subsystem: General,
  id: 208,
  physics_domain: FluidDynamics
}",null,null,null,null
550,[Parameter],"{
  network_level: 2,
  knowledge_domain: 性能指标,
  importance: 0.8,
  name: Thrust per unit weight flow rate,
  description: Specific impulse I_sp is the thrust divided by the propellant weight flow rate at sea level: I_sp = F / (m_dot * g_0).,
  subsystem: General,
  id: 209,
  physics_domain: FluidDynamics
}",null,null,null,null
551,[Parameter],"{
  network_level: 2,
  knowledge_domain: 性能指标,
  importance: 0.8,
  name: Combustion chamber performance,
  description: The characteristic velocity c* is a measure of the combustion chemical energy and efficiency, independent of nozzle characteristics.,
  subsystem: Combustion,
  id: 210,
  physics_domain: GeneralPhysics
}",null,null,null,null
552,[Parameter],"{
  network_level: 2,
  knowledge_domain: 性能指标,
  importance: 0.8,
  name: Chamber pressure and Throat area,
  description: c* = (P_c * A_t) / m_dot. It depends primarily on combustion temperature and molecular weight.,
  subsystem: General,
  id: 211,
  physics_domain: FluidDynamics
}",USED_IN,663,[Equation],"{
  network_level: 3,
  knowledge_domain: CrossDomain,
  importance: 0.6,
  name: Ideal Brayton cycle,
  description: The realistic engine cycle analysis (Chapter 7) modifies the ideal Brayton cycle (Chapter 4) by incorporating polytropic efficiencies and pressure drops (Chapter 5).,
  subsystem: Cycle,
  id: 322,
  physics_domain: GeneralPhysics
}"
553,[Component],"{
  network_level: 1,
  knowledge_domain: 性能指标,
  importance: 1.0,
  name: Nozzle expansion efficiency,
  description: The thrust coefficient C_f measures the amplification of thrust achieved by expanding the gas through the nozzle.,
  subsystem: Expansion,
  id: 212,
  physics_domain: GeneralPhysics
}",null,null,null,null
554,[Parameter],"{
  network_level: 2,
  knowledge_domain: 性能指标,
  importance: 0.8,
  name: Thrust and Chamber pressure,
  description: C_f = F / (P_c * A_t). It is a function of the pressure ratio and area ratio of the nozzle.,
  subsystem: General,
  id: 213,
  physics_domain: FluidDynamics
}",USED_IN,663,[Equation],"{
  network_level: 3,
  knowledge_domain: CrossDomain,
  importance: 0.6,
  name: Ideal Brayton cycle,
  description: The realistic engine cycle analysis (Chapter 7) modifies the ideal Brayton cycle (Chapter 4) by incorporating polytropic efficiencies and pressure drops (Chapter 5).,
  subsystem: Cycle,
  id: 322,
  physics_domain: GeneralPhysics
}"
555,[Parameter],"{
  network_level: 2,
  knowledge_domain: 喷管空气动力学,
  importance: 0.8,
  name: Exit pressure equals Ambient pressure,
  description: Maximum thrust for a given propellant mass flow and chamber condition occurs when the nozzle exit pressure equals the ambient pressure (P_e = P_a).,
  subsystem: General,
  id: 214,
  physics_domain: FluidDynamics
}",USED_IN,663,[Equation],"{
  network_level: 3,
  knowledge_domain: CrossDomain,
  importance: 0.6,
  name: Ideal Brayton cycle,
  description: The realistic engine cycle analysis (Chapter 7) modifies the ideal Brayton cycle (Chapter 4) by incorporating polytropic efficiencies and pressure drops (Chapter 5).,
  subsystem: Cycle,
  id: 322,
  physics_domain: GeneralPhysics
}"
556,[Parameter],"{
  network_level: 2,
  knowledge_domain: 喷管空气动力学,
  importance: 0.8,
  name: Exit pressure less than Ambient pressure,
  description: A nozzle is overexpanded if the exit pressure is lower than the surrounding ambient atmospheric pressure.,
  subsystem: General,
  id: 215,
  physics_domain: FluidDynamics
}",USED_IN,663,[Equation],"{
  network_level: 3,
  knowledge_domain: CrossDomain,
  importance: 0.6,
  name: Ideal Brayton cycle,
  description: The realistic engine cycle analysis (Chapter 7) modifies the ideal Brayton cycle (Chapter 4) by incorporating polytropic efficiencies and pressure drops (Chapter 5).,
  subsystem: Cycle,
  id: 322,
  physics_domain: GeneralPhysics
}"
557,[Parameter],"{
  network_level: 2,
  knowledge_domain: 喷管空气动力学,
  importance: 0.8,
  name: Exit pressure greater than Ambient pressure,
  description: A nozzle is underexpanded if the gas exits at a pressure higher than the ambient atmospheric pressure.,
  subsystem: General,
  id: 216,
  physics_domain: FluidDynamics
}",USED_IN,663,[Equation],"{
  network_level: 3,
  knowledge_domain: CrossDomain,
  importance: 0.6,
  name: Ideal Brayton cycle,
  description: The realistic engine cycle analysis (Chapter 7) modifies the ideal Brayton cycle (Chapter 4) by incorporating polytropic efficiencies and pressure drops (Chapter 5).,
  subsystem: Cycle,
  id: 322,
  physics_domain: GeneralPhysics
}"
558,[Parameter],"{
  network_level: 2,
  knowledge_domain: 系统架构,
  importance: 0.8,
  name: Liquid fuel and Liquid oxidizer,
  description: Liquid rocket systems utilize liquid chemical propellants stored in separate tanks.,
  subsystem: General,
  id: 217,
  physics_domain: GeneralPhysics
}",null,null,null,null
559,[Parameter],"{
  network_level: 2,
  knowledge_domain: 系统架构,
  importance: 0.8,
  name: Propellants to combustion chamber,
  description: High-thrust liquid rockets use turbopumps driven by a gas generator to force propellants into the high-pressure chamber.,
  subsystem: Combustion,
  id: 218,
  physics_domain: GeneralPhysics
}",null,null,null,null
560,[Parameter],"{
  network_level: 2,
  knowledge_domain: 系统架构,
  importance: 0.8,
  name: High pressure gas tank,
  description: A simpler feed system that uses regulated high-pressure gas to push propellants into the combustion chamber.,
  subsystem: General,
  id: 219,
  physics_domain: FluidDynamics
}",USED_IN,663,[Equation],"{
  network_level: 3,
  knowledge_domain: CrossDomain,
  importance: 0.6,
  name: Ideal Brayton cycle,
  description: The realistic engine cycle analysis (Chapter 7) modifies the ideal Brayton cycle (Chapter 4) by incorporating polytropic efficiencies and pressure drops (Chapter 5).,
  subsystem: Cycle,
  id: 322,
  physics_domain: GeneralPhysics
}"
561,[Parameter],"{
  network_level: 2,
  knowledge_domain: 系统架构,
  importance: 0.8,
  name: Exposed cavity surface,
  description: Combustion takes place on the internal surfaces of the hollow cavity inside the solid grain.,
  subsystem: General,
  id: 220,
  physics_domain: GeneralPhysics
}",null,null,null,null
562,[Parameter],"{
  network_level: 2,
  knowledge_domain: 燃烧特性,
  importance: 0.8,
  name: Thrust increasing with time,
  description: A grain geometry that causes the burning surface area (and therefore thrust) to increase over time.,
  subsystem: General,
  id: 221,
  physics_domain: GeneralPhysics
}",null,null,null,null
563,[Parameter],"{
  network_level: 2,
  knowledge_domain: 燃烧特性,
  importance: 0.8,
  name: Thrust decreasing with time,
  description: A grain geometry that causes the burning surface area (and therefore thrust) to decrease over time.,
  subsystem: General,
  id: 222,
  physics_domain: GeneralPhysics
}",null,null,null,null
564,[Parameter],"{
  network_level: 2,
  knowledge_domain: 燃烧特性,
  importance: 0.8,
  name: Constant thrust with time,
  description: A grain geometry where the burning surface area remains relatively constant during the burn.,
  subsystem: General,
  id: 223,
  physics_domain: GeneralPhysics
}",null,null,null,null
565,[Parameter],"{
  network_level: 2,
  knowledge_domain: 飞行学基础,
  importance: 0.8,
  name: Velocity gain to Mass ratio,
  description: The ideal rocket equation (Tsiolkovsky equation) is Delta_V = C * ln(m_i / m_f), neglecting gravity and drag.,
  subsystem: General,
  id: 224,
  physics_domain: FluidDynamics
}",null,null,null,null
566,[Parameter],"{
  network_level: 2,
  knowledge_domain: 结构质量,
  importance: 0.8,
  name: Payload and Structural mass and Propellant mass,
  description: m_i = m_PL + m_s + m_p.,
  subsystem: General,
  id: 225,
  physics_domain: GeneralPhysics
}",null,null,null,null
567,[Parameter],"{
  network_level: 2,
  knowledge_domain: 结构质量,
  importance: 0.8,
  name: Structural mass to Total stage mass,
  description: The structural coefficient (epsilon) is the ratio of the structural mass to the sum of the structural and propellant masses.,
  subsystem: General,
  id: 226,
  physics_domain: GeneralPhysics
}",null,null,null,null
568,[Parameter],"{
  network_level: 2,
  knowledge_domain: 系统优化,
  importance: 0.8,
  name: Empty structural mass,
  description: Multistage rockets discard the dead weight of empty tanks and structures of depleted stages to achieve higher final velocities.,
  subsystem: General,
  id: 227,
  physics_domain: GeneralPhysics
}",null,null,null,null
569,[Parameter],"{
  network_level: 2,
  knowledge_domain: 系统优化,
  importance: 0.8,
  name: Payload mass to Initial mass,
  description: The ratio of the carried payload mass to the initial total mass of that specific rocket stage.,
  subsystem: General,
  id: 228,
  physics_domain: GeneralPhysics
}",null,null,null,null
570,[Parameter],"{
  network_level: 2,
  knowledge_domain: 参数循环分析,
  importance: 0.8,
  name: Determine performance trends,
  description: The objective of parametric cycle analysis is to relate the engine performance parameters to the design choices and the flight environment.,
  subsystem: General,
  id: 229,
  physics_domain: GeneralPhysics
}",null,null,null,null
571,[Parameter],"{
  network_level: 2,
  knowledge_domain: 工程标准,
  importance: 0.8,
  name: SAE Aerospace Standard,
  description: The gas turbine industry utilizes standard station numbering (e.g., 0 for ambient, 2 for compressor inlet, 3 for compressor exit, 4 for turbine inlet, 5 for turbine exit, 9 for nozzle exit).,
  subsystem: General,
  id: 230,
  physics_domain: GeneralPhysics
}",null,null,null,null
572,[Parameter],"{
  network_level: 2,
  knowledge_domain: 循环假设,
  importance: 0.8,
  name: Isentropic compression and expansion,
  description: Ideal cycle analysis assumes that the compression and expansion processes are reversible and adiabatic (isentropic).,
  subsystem: Compression,
  id: 231,
  physics_domain: GeneralPhysics
}",null,null,null,null
573,[Parameter],"{
  network_level: 2,
  knowledge_domain: 循环假设,
  importance: 0.8,
  name: Constant pressure combustion,
  description: It is assumed that combustion occurs at constant total pressure (no pressure drop in the combustor).,
  subsystem: Combustion,
  id: 232,
  physics_domain: FluidDynamics
}",USED_IN,663,[Equation],"{
  network_level: 3,
  knowledge_domain: CrossDomain,
  importance: 0.6,
  name: Ideal Brayton cycle,
  description: The realistic engine cycle analysis (Chapter 7) modifies the ideal Brayton cycle (Chapter 4) by incorporating polytropic efficiencies and pressure drops (Chapter 5).,
  subsystem: Cycle,
  id: 322,
  physics_domain: GeneralPhysics
}"
574,[Parameter],"{
  network_level: 2,
  knowledge_domain: 循环假设,
  importance: 0.8,
  name: Fuel mass flow rate,
  description: The mass flow rate of fuel is neglected relative to the air mass flow rate in ideal performance matching (m_dot_f << m_dot_a).,
  subsystem: General,
  id: 233,
  physics_domain: FluidDynamics
}",null,null,null,null
575,[Component],"{
  network_level: 1,
  knowledge_domain: 热力学参数,
  importance: 1.0,
  name: Exit total temperature over Inlet total temperature,
  description: The dimensionless parameter tau represents the ratio of stagnation temperatures across a component.,
  subsystem: General,
  id: 234,
  physics_domain: Thermodynamics
}",null,null,null,null
576,[Component],"{
  network_level: 1,
  knowledge_domain: 热力学参数,
  importance: 1.0,
  name: Exit total pressure over Inlet total pressure,
  description: The dimensionless parameter pi represents the ratio of stagnation pressures across a component.,
  subsystem: General,
  id: 235,
  physics_domain: FluidDynamics
}",null,null,null,null
577,[Parameter],"{
  network_level: 2,
  knowledge_domain: 热力学关系,
  importance: 0.8,
  name: Pi equals tau to power of gamma over gamma-1,
  description: For ideal isentropic components (compressor or turbine), the total pressure ratio and total temperature ratio are directly coupled.,
  subsystem: General,
  id: 236,
  physics_domain: GeneralPhysics
}",null,null,null,null
578,[BoundaryCondition],"{
  network_level: 4,
  knowledge_domain: 发动机特性,
  importance: 0.5,
  name: High Mach limit,
  description: For a given maximum turbine inlet temperature, the specific thrust of an ideal turbojet drops to zero at a specific upper flight Mach number limit.,
  subsystem: General,
  id: 237,
  physics_domain: FluidDynamics
}",null,null,null,null
579,[Component],"{
  network_level: 1,
  knowledge_domain: 性能优化,
  importance: 1.0,
  name: Optimum compressor pressure ratio,
  description: For a fixed flight condition and turbine inlet temperature, there is an optimum compressor pressure ratio that maximizes the specific thrust of a turbojet.,
  subsystem: Compression,
  id: 238,
  physics_domain: FluidDynamics
}",AFFECTS,378,[Parameter],"{
  network_level: 2,
  knowledge_domain: 热力学属性,
  importance: 0.8,
  name: Stagnation pressure,
  description: Stagnation pressure (or total pressure) P_t is the pressure attained when a fluid is brought to rest isentropically.,
  subsystem: General,
  id: 37,
  physics_domain: FluidDynamics
}"
579,[Component],"{
  network_level: 1,
  knowledge_domain: 性能优化,
  importance: 1.0,
  name: Optimum compressor pressure ratio,
  description: For a fixed flight condition and turbine inlet temperature, there is an optimum compressor pressure ratio that maximizes the specific thrust of a turbojet.,
  subsystem: Compression,
  id: 238,
  physics_domain: FluidDynamics
}",AFFECTS,393,[Parameter],"{
  network_level: 2,
  knowledge_domain: 性能指标,
  importance: 0.8,
  name: Pressure thrust,
  description: The component of thrust due to the difference between exit pressure and ambient pressure ((P_e - P_a) * A_e).,
  subsystem: General,
  id: 52,
  physics_domain: FluidDynamics
}"
579,[Component],"{
  network_level: 1,
  knowledge_domain: 性能优化,
  importance: 1.0,
  name: Optimum compressor pressure ratio,
  description: For a fixed flight condition and turbine inlet temperature, there is an optimum compressor pressure ratio that maximizes the specific thrust of a turbojet.,
  subsystem: Compression,
  id: 238,
  physics_domain: FluidDynamics
}",AFFECTS,420,[Parameter],"{
  network_level: 2,
  knowledge_domain: 热力学参数,
  importance: 0.8,
  name: Total pressure ratio pi,
  description: The dimensionless parameter pi represents the ratio of stagnation pressures across a component.,
  subsystem: General,
  id: 79,
  physics_domain: FluidDynamics
}"
579,[Component],"{
  network_level: 1,
  knowledge_domain: 性能优化,
  importance: 1.0,
  name: Optimum compressor pressure ratio,
  description: For a fixed flight condition and turbine inlet temperature, there is an optimum compressor pressure ratio that maximizes the specific thrust of a turbojet.,
  subsystem: Compression,
  id: 238,
  physics_domain: FluidDynamics
}",AFFECTS,451,[Parameter],"{
  network_level: 2,
  knowledge_domain: 推力室特性,
  importance: 0.8,
  name: Combustion chamber pressure,
  description: Due to high-velocity combustion and friction inside the chamber, the total pressure drops from the injector head to the nozzle throat entrance.,
  subsystem: Combustion,
  id: 110,
  physics_domain: FluidDynamics
}"
579,[Component],"{
  network_level: 1,
  knowledge_domain: 性能优化,
  importance: 1.0,
  name: Optimum compressor pressure ratio,
  description: For a fixed flight condition and turbine inlet temperature, there is an optimum compressor pressure ratio that maximizes the specific thrust of a turbojet.,
  subsystem: Compression,
  id: 238,
  physics_domain: FluidDynamics
}",AFFECTS,476,[Parameter],"{
  network_level: 2,
  knowledge_domain: 部件匹配,
  importance: 0.8,
  name: Constant-pressure mixer,
  description: For proper aerodynamic mixing, the core and bypass streams must enter the mixer at substantially equal static pressures (P_5 = P_15).,
  subsystem: General,
  id: 135,
  physics_domain: FluidDynamics
}"
579,[Component],"{
  network_level: 1,
  knowledge_domain: 性能优化,
  importance: 1.0,
  name: Optimum compressor pressure ratio,
  description: For a fixed flight condition and turbine inlet temperature, there is an optimum compressor pressure ratio that maximizes the specific thrust of a turbojet.,
  subsystem: Compression,
  id: 238,
  physics_domain: FluidDynamics
}",AFFECTS,478,[Parameter],"{
  network_level: 2,
  knowledge_domain: 性能优化,
  importance: 0.8,
  name: Optimum fan pressure ratio,
  description: There is a distinct optimum fan pressure ratio (pi_f) that maximizes specific thrust or minimizes TSFC for a given bypass ratio and core technology.,
  subsystem: General,
  id: 137,
  physics_domain: FluidDynamics
}"
579,[Component],"{
  network_level: 1,
  knowledge_domain: 性能优化,
  importance: 1.0,
  name: Optimum compressor pressure ratio,
  description: For a fixed flight condition and turbine inlet temperature, there is an optimum compressor pressure ratio that maximizes the specific thrust of a turbojet.,
  subsystem: Compression,
  id: 238,
  physics_domain: FluidDynamics
}",AFFECTS,532,[Parameter],"{
  network_level: 2,
  knowledge_domain: 热力学属性,
  importance: 0.8,
  name: Pressure at zero velocity isentropically,
  description: Stagnation pressure (or total pressure) P_t is the pressure attained when a fluid is brought to rest isentropically.,
  subsystem: General,
  id: 191,
  physics_domain: FluidDynamics
}"
579,[Component],"{
  network_level: 1,
  knowledge_domain: 性能优化,
  importance: 1.0,
  name: Optimum compressor pressure ratio,
  description: For a fixed flight condition and turbine inlet temperature, there is an optimum compressor pressure ratio that maximizes the specific thrust of a turbojet.,
  subsystem: Compression,
  id: 238,
  physics_domain: FluidDynamics
}",AFFECTS,539,[Parameter],"{
  network_level: 2,
  knowledge_domain: 激波理论,
  importance: 0.8,
  name: Static pressure,
  description: Static pressure increases significantly across a normal shock wave.,
  subsystem: General,
  id: 198,
  physics_domain: FluidDynamics
}"
579,[Component],"{
  network_level: 1,
  knowledge_domain: 性能优化,
  importance: 1.0,
  name: Optimum compressor pressure ratio,
  description: For a fixed flight condition and turbine inlet temperature, there is an optimum compressor pressure ratio that maximizes the specific thrust of a turbojet.,
  subsystem: Compression,
  id: 238,
  physics_domain: FluidDynamics
}",AFFECTS,541,[Parameter],"{
  network_level: 2,
  knowledge_domain: 激波理论,
  importance: 0.8,
  name: Total pressure,
  description: The total pressure decreases across a normal shock, which represents an irreversibility (entropy rise) in the flow.,
  subsystem: General,
  id: 200,
  physics_domain: FluidDynamics
}"
579,[Component],"{
  network_level: 1,
  knowledge_domain: 性能优化,
  importance: 1.0,
  name: Optimum compressor pressure ratio,
  description: For a fixed flight condition and turbine inlet temperature, there is an optimum compressor pressure ratio that maximizes the specific thrust of a turbojet.,
  subsystem: Compression,
  id: 238,
  physics_domain: FluidDynamics
}",AFFECTS,546,[Parameter],"{
  network_level: 2,
  knowledge_domain: 性能指标,
  importance: 0.8,
  name: Momentum thrust and Pressure thrust,
  description: The total thrust of a rocket is the sum of the momentum thrust and the pressure thrust: F = m_dot * V_e + (P_e - P_a) * A_e.,
  subsystem: General,
  id: 205,
  physics_domain: FluidDynamics
}"
579,[Component],"{
  network_level: 1,
  knowledge_domain: 性能优化,
  importance: 1.0,
  name: Optimum compressor pressure ratio,
  description: For a fixed flight condition and turbine inlet temperature, there is an optimum compressor pressure ratio that maximizes the specific thrust of a turbojet.,
  subsystem: Compression,
  id: 238,
  physics_domain: FluidDynamics
}",AFFECTS,552,[Parameter],"{
  network_level: 2,
  knowledge_domain: 性能指标,
  importance: 0.8,
  name: Chamber pressure and Throat area,
  description: c* = (P_c * A_t) / m_dot. It depends primarily on combustion temperature and molecular weight.,
  subsystem: General,
  id: 211,
  physics_domain: FluidDynamics
}"
579,[Component],"{
  network_level: 1,
  knowledge_domain: 性能优化,
  importance: 1.0,
  name: Optimum compressor pressure ratio,
  description: For a fixed flight condition and turbine inlet temperature, there is an optimum compressor pressure ratio that maximizes the specific thrust of a turbojet.,
  subsystem: Compression,
  id: 238,
  physics_domain: FluidDynamics
}",AFFECTS,554,[Parameter],"{
  network_level: 2,
  knowledge_domain: 性能指标,
  importance: 0.8,
  name: Thrust and Chamber pressure,
  description: C_f = F / (P_c * A_t). It is a function of the pressure ratio and area ratio of the nozzle.,
  subsystem: General,
  id: 213,
  physics_domain: FluidDynamics
}"
579,[Component],"{
  network_level: 1,
  knowledge_domain: 性能优化,
  importance: 1.0,
  name: Optimum compressor pressure ratio,
  description: For a fixed flight condition and turbine inlet temperature, there is an optimum compressor pressure ratio that maximizes the specific thrust of a turbojet.,
  subsystem: Compression,
  id: 238,
  physics_domain: FluidDynamics
}",AFFECTS,555,[Parameter],"{
  network_level: 2,
  knowledge_domain: 喷管空气动力学,
  importance: 0.8,
  name: Exit pressure equals Ambient pressure,
  description: Maximum thrust for a given propellant mass flow and chamber condition occurs when the nozzle exit pressure equals the ambient pressure (P_e = P_a).,
  subsystem: General,
  id: 214,
  physics_domain: FluidDynamics
}"
579,[Component],"{
  network_level: 1,
  knowledge_domain: 性能优化,
  importance: 1.0,
  name: Optimum compressor pressure ratio,
  description: For a fixed flight condition and turbine inlet temperature, there is an optimum compressor pressure ratio that maximizes the specific thrust of a turbojet.,
  subsystem: Compression,
  id: 238,
  physics_domain: FluidDynamics
}",AFFECTS,556,[Parameter],"{
  network_level: 2,
  knowledge_domain: 喷管空气动力学,
  importance: 0.8,
  name: Exit pressure less than Ambient pressure,
  description: A nozzle is overexpanded if the exit pressure is lower than the surrounding ambient atmospheric pressure.,
  subsystem: General,
  id: 215,
  physics_domain: FluidDynamics
}"
579,[Component],"{
  network_level: 1,
  knowledge_domain: 性能优化,
  importance: 1.0,
  name: Optimum compressor pressure ratio,
  description: For a fixed flight condition and turbine inlet temperature, there is an optimum compressor pressure ratio that maximizes the specific thrust of a turbojet.,
  subsystem: Compression,
  id: 238,
  physics_domain: FluidDynamics
}",AFFECTS,557,[Parameter],"{
  network_level: 2,
  knowledge_domain: 喷管空气动力学,
  importance: 0.8,
  name: Exit pressure greater than Ambient pressure,
  description: A nozzle is underexpanded if the gas exits at a pressure higher than the ambient atmospheric pressure.,
  subsystem: General,
  id: 216,
  physics_domain: FluidDynamics
}"
579,[Component],"{
  network_level: 1,
  knowledge_domain: 性能优化,
  importance: 1.0,
  name: Optimum compressor pressure ratio,
  description: For a fixed flight condition and turbine inlet temperature, there is an optimum compressor pressure ratio that maximizes the specific thrust of a turbojet.,
  subsystem: Compression,
  id: 238,
  physics_domain: FluidDynamics
}",AFFECTS,560,[Parameter],"{
  network_level: 2,
  knowledge_domain: 系统架构,
  importance: 0.8,
  name: High pressure gas tank,
  description: A simpler feed system that uses regulated high-pressure gas to push propellants into the combustion chamber.,
  subsystem: General,
  id: 219,
  physics_domain: FluidDynamics
}"
579,[Component],"{
  network_level: 1,
  knowledge_domain: 性能优化,
  importance: 1.0,
  name: Optimum compressor pressure ratio,
  description: For a fixed flight condition and turbine inlet temperature, there is an optimum compressor pressure ratio that maximizes the specific thrust of a turbojet.,
  subsystem: Compression,
  id: 238,
  physics_domain: FluidDynamics
}",AFFECTS,573,[Parameter],"{
  network_level: 2,
  knowledge_domain: 循环假设,
  importance: 0.8,
  name: Constant pressure combustion,
  description: It is assumed that combustion occurs at constant total pressure (no pressure drop in the combustor).,
  subsystem: Combustion,
  id: 232,
  physics_domain: FluidDynamics
}"
579,[Component],"{
  network_level: 1,
  knowledge_domain: 性能优化,
  importance: 1.0,
  name: Optimum compressor pressure ratio,
  description: For a fixed flight condition and turbine inlet temperature, there is an optimum compressor pressure ratio that maximizes the specific thrust of a turbojet.,
  subsystem: Compression,
  id: 238,
  physics_domain: FluidDynamics
}",AFFECTS,586,[Parameter],"{
  network_level: 2,
  knowledge_domain: 真实部件特性,
  importance: 0.8,
  name: Component efficiencies and Total pressure ratios,
  description: The performance of real components is characterized by total temperature ratios, total pressure ratios, efficiencies, and pressure losses.,
  subsystem: General,
  id: 245,
  physics_domain: FluidDynamics
}"
579,[Component],"{
  network_level: 1,
  knowledge_domain: 性能优化,
  importance: 1.0,
  name: Optimum compressor pressure ratio,
  description: For a fixed flight condition and turbine inlet temperature, there is an optimum compressor pressure ratio that maximizes the specific thrust of a turbojet.,
  subsystem: Compression,
  id: 238,
  physics_domain: FluidDynamics
}",AFFECTS,587,[Parameter],"{
  network_level: 2,
  knowledge_domain: 进气道特性,
  importance: 0.8,
  name: Total pressure ratio pi_d,
  description: The performance of the inlet (or diffuser) is primarily characterized by its total pressure ratio, pi_d = P_t2 / P_t0, also called the inlet recovery factor.,
  subsystem: General,
  id: 246,
  physics_domain: FluidDynamics
}"
579,[Component],"{
  network_level: 1,
  knowledge_domain: 性能优化,
  importance: 1.0,
  name: Optimum compressor pressure ratio,
  description: For a fixed flight condition and turbine inlet temperature, there is an optimum compressor pressure ratio that maximizes the specific thrust of a turbojet.,
  subsystem: Compression,
  id: 238,
  physics_domain: FluidDynamics
}",AFFECTS,591,[Parameter],"{
  network_level: 2,
  knowledge_domain: 压气机特性,
  importance: 0.8,
  name: Isentropic efficiency and Total pressure ratio,
  description: tau_c = 1 + (pi_c^((gamma-1)/gamma) - 1) / eta_c, which links actual temperature rise to pressure ratio.,
  subsystem: General,
  id: 250,
  physics_domain: FluidDynamics
}"
579,[Component],"{
  network_level: 1,
  knowledge_domain: 性能优化,
  importance: 1.0,
  name: Optimum compressor pressure ratio,
  description: For a fixed flight condition and turbine inlet temperature, there is an optimum compressor pressure ratio that maximizes the specific thrust of a turbojet.,
  subsystem: Compression,
  id: 238,
  physics_domain: FluidDynamics
}",AFFECTS,593,[Parameter],"{
  network_level: 2,
  knowledge_domain: 效率理论,
  importance: 0.8,
  name: Increasing pressure ratio,
  description: For a constant polytropic efficiency e_c, the overall isentropic compressor efficiency eta_c drops as the total pressure ratio pi_c increases due to the preheating effect.,
  subsystem: General,
  id: 252,
  physics_domain: FluidDynamics
}"
579,[Component],"{
  network_level: 1,
  knowledge_domain: 性能优化,
  importance: 1.0,
  name: Optimum compressor pressure ratio,
  description: For a fixed flight condition and turbine inlet temperature, there is an optimum compressor pressure ratio that maximizes the specific thrust of a turbojet.,
  subsystem: Compression,
  id: 238,
  physics_domain: FluidDynamics
}",AFFECTS,596,[Parameter],"{
  network_level: 2,
  knowledge_domain: 燃烧室特性,
  importance: 0.8,
  name: Total pressure ratio pi_b,
  description: The total pressure ratio of the combustor pi_b = P_t4 / P_t3 is always less than 1.0 due to viscous friction and cold-to-hot flow momentum pressure drop.,
  subsystem: General,
  id: 255,
  physics_domain: FluidDynamics
}"
579,[Component],"{
  network_level: 1,
  knowledge_domain: 性能优化,
  importance: 1.0,
  name: Optimum compressor pressure ratio,
  description: For a fixed flight condition and turbine inlet temperature, there is an optimum compressor pressure ratio that maximizes the specific thrust of a turbojet.,
  subsystem: Compression,
  id: 238,
  physics_domain: FluidDynamics
}",AFFECTS,599,[Parameter],"{
  network_level: 2,
  knowledge_domain: 加力燃烧室,
  importance: 0.8,
  name: Total pressure ratio pi_AB,
  description: The total pressure ratio pi_AB = P_t7 / P_t6 account for losses due to flameholders, friction, and high-temperature heat addition.,
  subsystem: General,
  id: 258,
  physics_domain: FluidDynamics
}"
579,[Component],"{
  network_level: 1,
  knowledge_domain: 性能优化,
  importance: 1.0,
  name: Optimum compressor pressure ratio,
  description: For a fixed flight condition and turbine inlet temperature, there is an optimum compressor pressure ratio that maximizes the specific thrust of a turbojet.,
  subsystem: Compression,
  id: 238,
  physics_domain: FluidDynamics
}",AFFECTS,601,[Parameter],"{
  network_level: 2,
  knowledge_domain: 喷管特性,
  importance: 0.8,
  name: Total pressure ratio pi_n,
  description: The exhaust nozzle performance is characterized by its total pressure ratio pi_n = P_t9 / P_t7, which represents friction losses in the nozzle duct.,
  subsystem: General,
  id: 260,
  physics_domain: FluidDynamics
}"
579,[Component],"{
  network_level: 1,
  knowledge_domain: 性能优化,
  importance: 1.0,
  name: Optimum compressor pressure ratio,
  description: For a fixed flight condition and turbine inlet temperature, there is an optimum compressor pressure ratio that maximizes the specific thrust of a turbojet.,
  subsystem: Compression,
  id: 238,
  physics_domain: FluidDynamics
}",AFFECTS,607,[Parameter],"{
  network_level: 2,
  knowledge_domain: 推力室特性,
  importance: 0.8,
  name: Stagnation pressure at throat,
  description: Due to high-velocity combustion and friction inside the chamber, the total pressure drops from the injector head to the nozzle throat entrance.,
  subsystem: General,
  id: 266,
  physics_domain: FluidDynamics
}"
579,[Component],"{
  network_level: 1,
  knowledge_domain: 性能优化,
  importance: 1.0,
  name: Optimum compressor pressure ratio,
  description: For a fixed flight condition and turbine inlet temperature, there is an optimum compressor pressure ratio that maximizes the specific thrust of a turbojet.,
  subsystem: Compression,
  id: 238,
  physics_domain: FluidDynamics
}",AFFECTS,624,[Parameter],"{
  network_level: 2,
  knowledge_domain: 动力循环,
  importance: 0.8,
  name: Higher chamber pressure,
  description: Because the turbine exhaust is injected into the main chamber rather than dumped at low pressure, it allows extremely high chamber pressures (P_c) and higher efficiency.,
  subsystem: General,
  id: 283,
  physics_domain: FluidDynamics
}"
579,[Component],"{
  network_level: 1,
  knowledge_domain: 性能优化,
  importance: 1.0,
  name: Optimum compressor pressure ratio,
  description: For a fixed flight condition and turbine inlet temperature, there is an optimum compressor pressure ratio that maximizes the specific thrust of a turbojet.,
  subsystem: Compression,
  id: 238,
  physics_domain: FluidDynamics
}",AFFECTS,626,[Parameter],"{
  network_level: 2,
  knowledge_domain: 系统匹配,
  importance: 0.8,
  name: Volumetric flow rate and Pressure rise,
  description: The required shaft power for a propellant pump is proportional to the mass flow rate and pressure rise, divided by the pump efficiency (eta_p).,
  subsystem: General,
  id: 285,
  physics_domain: FluidDynamics
}"
579,[Component],"{
  network_level: 1,
  knowledge_domain: 性能优化,
  importance: 1.0,
  name: Optimum compressor pressure ratio,
  description: For a fixed flight condition and turbine inlet temperature, there is an optimum compressor pressure ratio that maximizes the specific thrust of a turbojet.,
  subsystem: Compression,
  id: 238,
  physics_domain: FluidDynamics
}",AFFECTS,629,[Parameter],"{
  network_level: 2,
  knowledge_domain: 涡喷循环,
  importance: 0.8,
  name: Real exit velocity and pressure,
  description: The net thrust of a real turbojet must account for exit velocity variations caused by nozzle efficiency (eta_n) and incomplete expansion.,
  subsystem: General,
  id: 288,
  physics_domain: FluidDynamics
}"
579,[Component],"{
  network_level: 1,
  knowledge_domain: 性能优化,
  importance: 1.0,
  name: Optimum compressor pressure ratio,
  description: For a fixed flight condition and turbine inlet temperature, there is an optimum compressor pressure ratio that maximizes the specific thrust of a turbojet.,
  subsystem: Compression,
  id: 238,
  physics_domain: FluidDynamics
}",AFFECTS,649,[Parameter],"{
  network_level: 2,
  knowledge_domain: 相似准则,
  importance: 0.8,
  name: Mass flow scaled by dimensionless temperature and pressure,
  description: Corrected mass flow rate m_dot_c is defined as m_dot * sqrt(theta) / delta, allowing data from different conditions to be collapsed onto a single curve.,
  subsystem: General,
  id: 308,
  physics_domain: FluidDynamics
}"
579,[Component],"{
  network_level: 1,
  knowledge_domain: 性能优化,
  importance: 1.0,
  name: Optimum compressor pressure ratio,
  description: For a fixed flight condition and turbine inlet temperature, there is an optimum compressor pressure ratio that maximizes the specific thrust of a turbojet.,
  subsystem: Compression,
  id: 238,
  physics_domain: FluidDynamics
}",AFFECTS,660,[Parameter],"{
  network_level: 2,
  knowledge_domain: 发动机控制,
  importance: 0.8,
  name: Maximum pressure or shaft speed,
  description: At low ambient temperatures (below theta_break), the engine is typically limited by mechanical limits like pressure or spool speed.,
  subsystem: General,
  id: 319,
  physics_domain: FluidDynamics
}"
580,[Component],"{
  network_level: 1,
  knowledge_domain: 发动机变体,
  importance: 1.0,
  name: Stagnation temperature at nozzle,
  description: An afterburner increases the total temperature of the gas entering the exhaust nozzle without affecting the turbomachinery core.,
  subsystem: Exhaust,
  id: 239,
  physics_domain: Thermodynamics
}",null,null,null,null
581,[Parameter],"{
  network_level: 2,
  knowledge_domain: 发动机变体,
  importance: 0.8,
  name: Core flow and Bypass flow,
  description: A turbofan engine divides the incoming air into a primary core stream and a secondary bypass stream.,
  subsystem: General,
  id: 240,
  physics_domain: FluidDynamics
}",null,null,null,null
582,[Parameter],"{
  network_level: 2,
  knowledge_domain: 性能指标,
  importance: 0.8,
  name: Bypass mass flow divided by Core mass flow,
  description: alpha = m_dot_bypass / m_dot_core.,
  subsystem: General,
  id: 241,
  physics_domain: FluidDynamics
}",null,null,null,null
583,[Parameter],"{
  network_level: 2,
  knowledge_domain: 发动机特性,
  importance: 0.8,
  name: Turbomachinery,
  description: A ramjet engine has no compressor or turbine; compression is achieved entirely through the dynamic pressure rise in the inlet.,
  subsystem: General,
  id: 242,
  physics_domain: FluidDynamics
}",null,null,null,null
584,[Parameter],"{
  network_level: 2,
  knowledge_domain: 发动机特性,
  importance: 0.8,
  name: Zero static thrust,
  description: An ideal ramjet cannot produce any thrust at zero flight velocity (Mach = 0) because it lacks a mechanical compressor.,
  subsystem: General,
  id: 243,
  physics_domain: GeneralPhysics
}",null,null,null,null
585,[Parameter],"{
  network_level: 2,
  knowledge_domain: 性能优化,
  importance: 0.8,
  name: Bypass and Core exit velocities to be equal,
  description: For an unmixed ideal turbofan, the optimum kinetic energy distribution occurs when the exit velocity of the bypass nozzle equals the exit velocity of the core nozzle.,
  subsystem: General,
  id: 244,
  physics_domain: GeneralPhysics
}",null,null,null,null
586,[Parameter],"{
  network_level: 2,
  knowledge_domain: 真实部件特性,
  importance: 0.8,
  name: Component efficiencies and Total pressure ratios,
  description: The performance of real components is characterized by total temperature ratios, total pressure ratios, efficiencies, and pressure losses.,
  subsystem: General,
  id: 245,
  physics_domain: FluidDynamics
}",USED_IN,663,[Equation],"{
  network_level: 3,
  knowledge_domain: CrossDomain,
  importance: 0.6,
  name: Ideal Brayton cycle,
  description: The realistic engine cycle analysis (Chapter 7) modifies the ideal Brayton cycle (Chapter 4) by incorporating polytropic efficiencies and pressure drops (Chapter 5).,
  subsystem: Cycle,
  id: 322,
  physics_domain: GeneralPhysics
}"
587,[Parameter],"{
  network_level: 2,
  knowledge_domain: 进气道特性,
  importance: 0.8,
  name: Total pressure ratio pi_d,
  description: The performance of the inlet (or diffuser) is primarily characterized by its total pressure ratio, pi_d = P_t2 / P_t0, also called the inlet recovery factor.,
  subsystem: General,
  id: 246,
  physics_domain: FluidDynamics
}",USED_IN,663,[Equation],"{
  network_level: 3,
  knowledge_domain: CrossDomain,
  importance: 0.6,
  name: Ideal Brayton cycle,
  description: The realistic engine cycle analysis (Chapter 7) modifies the ideal Brayton cycle (Chapter 4) by incorporating polytropic efficiencies and pressure drops (Chapter 5).,
  subsystem: Cycle,
  id: 322,
  physics_domain: GeneralPhysics
}"
588,[Parameter],"{
  network_level: 2,
  knowledge_domain: 进气道特性,
  importance: 0.8,
  name: Flight Mach number,
  description: Military specifications (like MIL-E-5007D) define standard inlet recovery curves that decrease as the flight Mach number increases above 1.0.,
  subsystem: General,
  id: 247,
  physics_domain: FluidDynamics
}",null,null,null,null
589,[Parameter],"{
  network_level: 2,
  knowledge_domain: 进气道特性,
  importance: 0.8,
  name: Capture area air mass flow to Maximum air mass flow,
  description: The ratio of the actual mass flow entered into the inlet to the maximum possible mass flow that the capture area can intercept.,
  subsystem: General,
  id: 248,
  physics_domain: FluidDynamics
}",null,null,null,null
590,[Parameter],"{
  network_level: 2,
  knowledge_domain: 压气机特性,
  importance: 0.8,
  name: Isentropic efficiency eta_c,
  description: The isentropic compressor efficiency eta_c is defined as the ratio of ideal (isentropic) work to the actual work required for a given total pressure ratio.,
  subsystem: General,
  id: 249,
  physics_domain: GeneralPhysics
}",null,null,null,null
591,[Parameter],"{
  network_level: 2,
  knowledge_domain: 压气机特性,
  importance: 0.8,
  name: Isentropic efficiency and Total pressure ratio,
  description: tau_c = 1 + (pi_c^((gamma-1)/gamma) - 1) / eta_c, which links actual temperature rise to pressure ratio.,
  subsystem: General,
  id: 250,
  physics_domain: FluidDynamics
}",USED_IN,663,[Equation],"{
  network_level: 3,
  knowledge_domain: CrossDomain,
  importance: 0.6,
  name: Ideal Brayton cycle,
  description: The realistic engine cycle analysis (Chapter 7) modifies the ideal Brayton cycle (Chapter 4) by incorporating polytropic efficiencies and pressure drops (Chapter 5).,
  subsystem: Cycle,
  id: 322,
  physics_domain: GeneralPhysics
}"
592,[Parameter],"{
  network_level: 2,
  knowledge_domain: 效率理论,
  importance: 0.8,
  name: Isentropic efficiency of an infinitesimal stage,
  description: Polytropic efficiency (e_c for compressor, e_t for turbine) is defined as the isentropic efficiency of an elemental or infinitesimal stage.,
  subsystem: General,
  id: 251,
  physics_domain: GeneralPhysics
}",null,null,null,null
593,[Parameter],"{
  network_level: 2,
  knowledge_domain: 效率理论,
  importance: 0.8,
  name: Increasing pressure ratio,
  description: For a constant polytropic efficiency e_c, the overall isentropic compressor efficiency eta_c drops as the total pressure ratio pi_c increases due to the preheating effect.,
  subsystem: General,
  id: 252,
  physics_domain: FluidDynamics
}",USED_IN,663,[Equation],"{
  network_level: 3,
  knowledge_domain: CrossDomain,
  importance: 0.6,
  name: Ideal Brayton cycle,
  description: The realistic engine cycle analysis (Chapter 7) modifies the ideal Brayton cycle (Chapter 4) by incorporating polytropic efficiencies and pressure drops (Chapter 5).,
  subsystem: Cycle,
  id: 322,
  physics_domain: GeneralPhysics
}"
594,[Parameter],"{
  network_level: 2,
  knowledge_domain: 涡轮特性,
  importance: 0.8,
  name: Isentropic efficiency eta_t,
  description: The isentropic turbine efficiency eta_t is defined as the ratio of actual work output to the ideal (isentropic) work output for a given total pressure ratio.,
  subsystem: General,
  id: 253,
  physics_domain: GeneralPhysics
}",null,null,null,null
595,[Parameter],"{
  network_level: 2,
  knowledge_domain: 燃烧室特性,
  importance: 0.8,
  name: Combustion efficiency eta_b,
  description: Combustion efficiency eta_b is the ratio of the actual thermal energy released to the chemical energy available in the fuel.,
  subsystem: Combustion,
  id: 254,
  physics_domain: GeneralPhysics
}",null,null,null,null
596,[Parameter],"{
  network_level: 2,
  knowledge_domain: 燃烧室特性,
  importance: 0.8,
  name: Total pressure ratio pi_b,
  description: The total pressure ratio of the combustor pi_b = P_t4 / P_t3 is always less than 1.0 due to viscous friction and cold-to-hot flow momentum pressure drop.,
  subsystem: General,
  id: 255,
  physics_domain: FluidDynamics
}",USED_IN,663,[Equation],"{
  network_level: 3,
  knowledge_domain: CrossDomain,
  importance: 0.6,
  name: Ideal Brayton cycle,
  description: The realistic engine cycle analysis (Chapter 7) modifies the ideal Brayton cycle (Chapter 4) by incorporating polytropic efficiencies and pressure drops (Chapter 5).,
  subsystem: Cycle,
  id: 322,
  physics_domain: GeneralPhysics
}"
597,[Parameter],"{
  network_level: 2,
  knowledge_domain: 燃烧室特性,
  importance: 0.8,
  name: Friction and Fundamental thermal loading,
  description: Total pressure drops because of skin friction in the liner liners/swirlers and the fundamental thermodynamic loss from adding heat at finite Mach numbers.,
  subsystem: General,
  id: 256,
  physics_domain: GeneralPhysics
}",null,null,null,null
598,[Component],"{
  network_level: 1,
  knowledge_domain: 加力燃烧室,
  importance: 1.0,
  name: Afterburner efficiency eta_AB,
  description: The efficiency eta_AB measures how completely the fuel burns in the afterburner duct upstream of the exit nozzle.,
  subsystem: Combustion,
  id: 257,
  physics_domain: GeneralPhysics
}",null,null,null,null
599,[Parameter],"{
  network_level: 2,
  knowledge_domain: 加力燃烧室,
  importance: 0.8,
  name: Total pressure ratio pi_AB,
  description: The total pressure ratio pi_AB = P_t7 / P_t6 account for losses due to flameholders, friction, and high-temperature heat addition.,
  subsystem: General,
  id: 258,
  physics_domain: FluidDynamics
}",USED_IN,663,[Equation],"{
  network_level: 3,
  knowledge_domain: CrossDomain,
  importance: 0.6,
  name: Ideal Brayton cycle,
  description: The realistic engine cycle analysis (Chapter 7) modifies the ideal Brayton cycle (Chapter 4) by incorporating polytropic efficiencies and pressure drops (Chapter 5).,
  subsystem: Cycle,
  id: 322,
  physics_domain: GeneralPhysics
}"
600,[Parameter],"{
  network_level: 2,
  knowledge_domain: 机械传动,
  importance: 0.8,
  name: Mechanical efficiency eta_m,
  description: Mechanical efficiency eta_m accounts for frictional power losses in bearings and accessory gearboxes connecting the turbine and compressor shafts.,
  subsystem: General,
  id: 259,
  physics_domain: GeneralPhysics
}",null,null,null,null
601,[Parameter],"{
  network_level: 2,
  knowledge_domain: 喷管特性,
  importance: 0.8,
  name: Total pressure ratio pi_n,
  description: The exhaust nozzle performance is characterized by its total pressure ratio pi_n = P_t9 / P_t7, which represents friction losses in the nozzle duct.,
  subsystem: General,
  id: 260,
  physics_domain: FluidDynamics
}",USED_IN,663,[Equation],"{
  network_level: 3,
  knowledge_domain: CrossDomain,
  importance: 0.6,
  name: Ideal Brayton cycle,
  description: The realistic engine cycle analysis (Chapter 7) modifies the ideal Brayton cycle (Chapter 4) by incorporating polytropic efficiencies and pressure drops (Chapter 5).,
  subsystem: Cycle,
  id: 322,
  physics_domain: GeneralPhysics
}"
602,[Parameter],"{
  network_level: 2,
  knowledge_domain: 喷管特性,
  importance: 0.8,
  name: Exit momentum thrust,
  description: An angularity factor (or divergence factor C_ang) accounts for the non-axial exit velocity vector at the nozzle plane, reducing net thrust.,
  subsystem: General,
  id: 261,
  physics_domain: GeneralPhysics
}",null,null,null,null
603,[Component],"{
  network_level: 1,
  knowledge_domain: 系统能量,
  importance: 1.0,
  name: Available turbine power for compression,
  description: Extraction of mechanical shaft power (P_TO) to run aircraft accessories directly reduces the turbine power available to drive the compressor.,
  subsystem: Compression,
  id: 262,
  physics_domain: GeneralPhysics
}",AFFECTS,359,[Parameter],"{
  network_level: 2,
  knowledge_domain: 性能指标,
  importance: 0.8,
  name: Thermal efficiency,
  description: Thermal efficiency is the ratio of the rate of kinetic energy production to the thermal power input from fuel.,
  subsystem: General,
  id: 18,
  physics_domain: GeneralPhysics
}"
603,[Component],"{
  network_level: 1,
  knowledge_domain: 系统能量,
  importance: 1.0,
  name: Available turbine power for compression,
  description: Extraction of mechanical shaft power (P_TO) to run aircraft accessories directly reduces the turbine power available to drive the compressor.,
  subsystem: Compression,
  id: 262,
  physics_domain: GeneralPhysics
}",AFFECTS,360,[Parameter],"{
  network_level: 2,
  knowledge_domain: 性能指标,
  importance: 0.8,
  name: Propulsive efficiency,
  description: Propulsive efficiency measures how effectively the engine's kinetic energy output is converted into aircraft propulsive power.,
  subsystem: General,
  id: 19,
  physics_domain: GeneralPhysics
}"
603,[Component],"{
  network_level: 1,
  knowledge_domain: 系统能量,
  importance: 1.0,
  name: Available turbine power for compression,
  description: Extraction of mechanical shaft power (P_TO) to run aircraft accessories directly reduces the turbine power available to drive the compressor.,
  subsystem: Compression,
  id: 262,
  physics_domain: GeneralPhysics
}",AFFECTS,361,[Parameter],"{
  network_level: 2,
  knowledge_domain: 性能指标,
  importance: 0.8,
  name: Overall efficiency,
  description: The overall efficiency of a propulsion system is the product of its thermal and propulsive efficiencies.,
  subsystem: General,
  id: 20,
  physics_domain: GeneralPhysics
}"
603,[Component],"{
  network_level: 1,
  knowledge_domain: 系统能量,
  importance: 1.0,
  name: Available turbine power for compression,
  description: Extraction of mechanical shaft power (P_TO) to run aircraft accessories directly reduces the turbine power available to drive the compressor.,
  subsystem: Compression,
  id: 262,
  physics_domain: GeneralPhysics
}",AFFECTS,378,[Parameter],"{
  network_level: 2,
  knowledge_domain: 热力学属性,
  importance: 0.8,
  name: Stagnation pressure,
  description: Stagnation pressure (or total pressure) P_t is the pressure attained when a fluid is brought to rest isentropically.,
  subsystem: General,
  id: 37,
  physics_domain: FluidDynamics
}"
603,[Component],"{
  network_level: 1,
  knowledge_domain: 系统能量,
  importance: 1.0,
  name: Available turbine power for compression,
  description: Extraction of mechanical shaft power (P_TO) to run aircraft accessories directly reduces the turbine power available to drive the compressor.,
  subsystem: Compression,
  id: 262,
  physics_domain: GeneralPhysics
}",AFFECTS,393,[Parameter],"{
  network_level: 2,
  knowledge_domain: 性能指标,
  importance: 0.8,
  name: Pressure thrust,
  description: The component of thrust due to the difference between exit pressure and ambient pressure ((P_e - P_a) * A_e).,
  subsystem: General,
  id: 52,
  physics_domain: FluidDynamics
}"
603,[Component],"{
  network_level: 1,
  knowledge_domain: 系统能量,
  importance: 1.0,
  name: Available turbine power for compression,
  description: Extraction of mechanical shaft power (P_TO) to run aircraft accessories directly reduces the turbine power available to drive the compressor.,
  subsystem: Compression,
  id: 262,
  physics_domain: GeneralPhysics
}",AFFECTS,420,[Parameter],"{
  network_level: 2,
  knowledge_domain: 热力学参数,
  importance: 0.8,
  name: Total pressure ratio pi,
  description: The dimensionless parameter pi represents the ratio of stagnation pressures across a component.,
  subsystem: General,
  id: 79,
  physics_domain: FluidDynamics
}"
603,[Component],"{
  network_level: 1,
  knowledge_domain: 系统能量,
  importance: 1.0,
  name: Available turbine power for compression,
  description: Extraction of mechanical shaft power (P_TO) to run aircraft accessories directly reduces the turbine power available to drive the compressor.,
  subsystem: Compression,
  id: 262,
  physics_domain: GeneralPhysics
}",AFFECTS,436,[Parameter],"{
  network_level: 2,
  knowledge_domain: 效率理论,
  importance: 0.8,
  name: Polytropic efficiency,
  description: Polytropic efficiency (e_c for compressor, e_t for turbine) is defined as the isentropic efficiency of an elemental or infinitesimal stage.,
  subsystem: General,
  id: 95,
  physics_domain: GeneralPhysics
}"
603,[Component],"{
  network_level: 1,
  knowledge_domain: 系统能量,
  importance: 1.0,
  name: Available turbine power for compression,
  description: Extraction of mechanical shaft power (P_TO) to run aircraft accessories directly reduces the turbine power available to drive the compressor.,
  subsystem: Compression,
  id: 262,
  physics_domain: GeneralPhysics
}",AFFECTS,451,[Parameter],"{
  network_level: 2,
  knowledge_domain: 推力室特性,
  importance: 0.8,
  name: Combustion chamber pressure,
  description: Due to high-velocity combustion and friction inside the chamber, the total pressure drops from the injector head to the nozzle throat entrance.,
  subsystem: Combustion,
  id: 110,
  physics_domain: FluidDynamics
}"
603,[Component],"{
  network_level: 1,
  knowledge_domain: 系统能量,
  importance: 1.0,
  name: Available turbine power for compression,
  description: Extraction of mechanical shaft power (P_TO) to run aircraft accessories directly reduces the turbine power available to drive the compressor.,
  subsystem: Compression,
  id: 262,
  physics_domain: GeneralPhysics
}",AFFECTS,456,[Parameter],"{
  network_level: 2,
  knowledge_domain: 燃烧损失,
  importance: 0.8,
  name: Combustion efficiency,
  description: Combustion efficiency is often expressed as the ratio of actual characteristic velocity (c*_actual) to the theoretical characteristic velocity (c*_theoretical).,
  subsystem: Combustion,
  id: 115,
  physics_domain: GeneralPhysics
}"
603,[Component],"{
  network_level: 1,
  knowledge_domain: 系统能量,
  importance: 1.0,
  name: Available turbine power for compression,
  description: Extraction of mechanical shaft power (P_TO) to run aircraft accessories directly reduces the turbine power available to drive the compressor.,
  subsystem: Compression,
  id: 262,
  physics_domain: GeneralPhysics
}",AFFECTS,471,[Parameter],"{
  network_level: 2,
  knowledge_domain: 涡喷循环,
  importance: 0.8,
  name: Real turbojet efficiency,
  description: Irreversibilities in the compressor and turbine increase entropy, directly decreasing the specific thrust and increasing the TSFC.,
  subsystem: General,
  id: 130,
  physics_domain: GeneralPhysics
}"
603,[Component],"{
  network_level: 1,
  knowledge_domain: 系统能量,
  importance: 1.0,
  name: Available turbine power for compression,
  description: Extraction of mechanical shaft power (P_TO) to run aircraft accessories directly reduces the turbine power available to drive the compressor.,
  subsystem: Compression,
  id: 262,
  physics_domain: GeneralPhysics
}",AFFECTS,476,[Parameter],"{
  network_level: 2,
  knowledge_domain: 部件匹配,
  importance: 0.8,
  name: Constant-pressure mixer,
  description: For proper aerodynamic mixing, the core and bypass streams must enter the mixer at substantially equal static pressures (P_5 = P_15).,
  subsystem: General,
  id: 135,
  physics_domain: FluidDynamics
}"
603,[Component],"{
  network_level: 1,
  knowledge_domain: 系统能量,
  importance: 1.0,
  name: Available turbine power for compression,
  description: Extraction of mechanical shaft power (P_TO) to run aircraft accessories directly reduces the turbine power available to drive the compressor.,
  subsystem: Compression,
  id: 262,
  physics_domain: GeneralPhysics
}",AFFECTS,477,[Parameter],"{
  network_level: 2,
  knowledge_domain: 部件匹配,
  importance: 0.8,
  name: Mixer efficiency,
  description: Aerodynamic mixing of streams with different total temperatures and velocities introduces viscous shearing losses, reducing overall total pressure.,
  subsystem: General,
  id: 136,
  physics_domain: GeneralPhysics
}"
603,[Component],"{
  network_level: 1,
  knowledge_domain: 系统能量,
  importance: 1.0,
  name: Available turbine power for compression,
  description: Extraction of mechanical shaft power (P_TO) to run aircraft accessories directly reduces the turbine power available to drive the compressor.,
  subsystem: Compression,
  id: 262,
  physics_domain: GeneralPhysics
}",AFFECTS,478,[Parameter],"{
  network_level: 2,
  knowledge_domain: 性能优化,
  importance: 0.8,
  name: Optimum fan pressure ratio,
  description: There is a distinct optimum fan pressure ratio (pi_f) that maximizes specific thrust or minimizes TSFC for a given bypass ratio and core technology.,
  subsystem: General,
  id: 137,
  physics_domain: FluidDynamics
}"
603,[Component],"{
  network_level: 1,
  knowledge_domain: 系统能量,
  importance: 1.0,
  name: Available turbine power for compression,
  description: Extraction of mechanical shaft power (P_TO) to run aircraft accessories directly reduces the turbine power available to drive the compressor.,
  subsystem: Compression,
  id: 262,
  physics_domain: GeneralPhysics
}",AFFECTS,480,[Parameter],"{
  network_level: 2,
  knowledge_domain: 性能指标,
  importance: 0.8,
  name: Propeller efficiency eta_prop,
  description: The efficiency with which the propeller converts the brake shaft horsepower into effective aircraft propulsive power.,
  subsystem: General,
  id: 139,
  physics_domain: GeneralPhysics
}"
603,[Component],"{
  network_level: 1,
  knowledge_domain: 系统能量,
  importance: 1.0,
  name: Available turbine power for compression,
  description: Extraction of mechanical shaft power (P_TO) to run aircraft accessories directly reduces the turbine power available to drive the compressor.,
  subsystem: Compression,
  id: 262,
  physics_domain: GeneralPhysics
}",AFFECTS,514,[Parameter],"{
  network_level: 2,
  knowledge_domain: 性能指标,
  importance: 0.8,
  name: Thermal efficiency and Propulsive efficiency,
  description: The overall efficiency of a propulsion system is the product of its thermal and propulsive efficiencies.,
  subsystem: General,
  id: 173,
  physics_domain: GeneralPhysics
}"
603,[Component],"{
  network_level: 1,
  knowledge_domain: 系统能量,
  importance: 1.0,
  name: Available turbine power for compression,
  description: Extraction of mechanical shaft power (P_TO) to run aircraft accessories directly reduces the turbine power available to drive the compressor.,
  subsystem: Compression,
  id: 262,
  physics_domain: GeneralPhysics
}",AFFECTS,532,[Parameter],"{
  network_level: 2,
  knowledge_domain: 热力学属性,
  importance: 0.8,
  name: Pressure at zero velocity isentropically,
  description: Stagnation pressure (or total pressure) P_t is the pressure attained when a fluid is brought to rest isentropically.,
  subsystem: General,
  id: 191,
  physics_domain: FluidDynamics
}"
603,[Component],"{
  network_level: 1,
  knowledge_domain: 系统能量,
  importance: 1.0,
  name: Available turbine power for compression,
  description: Extraction of mechanical shaft power (P_TO) to run aircraft accessories directly reduces the turbine power available to drive the compressor.,
  subsystem: Compression,
  id: 262,
  physics_domain: GeneralPhysics
}",AFFECTS,539,[Parameter],"{
  network_level: 2,
  knowledge_domain: 激波理论,
  importance: 0.8,
  name: Static pressure,
  description: Static pressure increases significantly across a normal shock wave.,
  subsystem: General,
  id: 198,
  physics_domain: FluidDynamics
}"
603,[Component],"{
  network_level: 1,
  knowledge_domain: 系统能量,
  importance: 1.0,
  name: Available turbine power for compression,
  description: Extraction of mechanical shaft power (P_TO) to run aircraft accessories directly reduces the turbine power available to drive the compressor.,
  subsystem: Compression,
  id: 262,
  physics_domain: GeneralPhysics
}",AFFECTS,541,[Parameter],"{
  network_level: 2,
  knowledge_domain: 激波理论,
  importance: 0.8,
  name: Total pressure,
  description: The total pressure decreases across a normal shock, which represents an irreversibility (entropy rise) in the flow.,
  subsystem: General,
  id: 200,
  physics_domain: FluidDynamics
}"
603,[Component],"{
  network_level: 1,
  knowledge_domain: 系统能量,
  importance: 1.0,
  name: Available turbine power for compression,
  description: Extraction of mechanical shaft power (P_TO) to run aircraft accessories directly reduces the turbine power available to drive the compressor.,
  subsystem: Compression,
  id: 262,
  physics_domain: GeneralPhysics
}",AFFECTS,546,[Parameter],"{
  network_level: 2,
  knowledge_domain: 性能指标,
  importance: 0.8,
  name: Momentum thrust and Pressure thrust,
  description: The total thrust of a rocket is the sum of the momentum thrust and the pressure thrust: F = m_dot * V_e + (P_e - P_a) * A_e.,
  subsystem: General,
  id: 205,
  physics_domain: FluidDynamics
}"
603,[Component],"{
  network_level: 1,
  knowledge_domain: 系统能量,
  importance: 1.0,
  name: Available turbine power for compression,
  description: Extraction of mechanical shaft power (P_TO) to run aircraft accessories directly reduces the turbine power available to drive the compressor.,
  subsystem: Compression,
  id: 262,
  physics_domain: GeneralPhysics
}",AFFECTS,552,[Parameter],"{
  network_level: 2,
  knowledge_domain: 性能指标,
  importance: 0.8,
  name: Chamber pressure and Throat area,
  description: c* = (P_c * A_t) / m_dot. It depends primarily on combustion temperature and molecular weight.,
  subsystem: General,
  id: 211,
  physics_domain: FluidDynamics
}"
603,[Component],"{
  network_level: 1,
  knowledge_domain: 系统能量,
  importance: 1.0,
  name: Available turbine power for compression,
  description: Extraction of mechanical shaft power (P_TO) to run aircraft accessories directly reduces the turbine power available to drive the compressor.,
  subsystem: Compression,
  id: 262,
  physics_domain: GeneralPhysics
}",AFFECTS,554,[Parameter],"{
  network_level: 2,
  knowledge_domain: 性能指标,
  importance: 0.8,
  name: Thrust and Chamber pressure,
  description: C_f = F / (P_c * A_t). It is a function of the pressure ratio and area ratio of the nozzle.,
  subsystem: General,
  id: 213,
  physics_domain: FluidDynamics
}"
603,[Component],"{
  network_level: 1,
  knowledge_domain: 系统能量,
  importance: 1.0,
  name: Available turbine power for compression,
  description: Extraction of mechanical shaft power (P_TO) to run aircraft accessories directly reduces the turbine power available to drive the compressor.,
  subsystem: Compression,
  id: 262,
  physics_domain: GeneralPhysics
}",AFFECTS,555,[Parameter],"{
  network_level: 2,
  knowledge_domain: 喷管空气动力学,
  importance: 0.8,
  name: Exit pressure equals Ambient pressure,
  description: Maximum thrust for a given propellant mass flow and chamber condition occurs when the nozzle exit pressure equals the ambient pressure (P_e = P_a).,
  subsystem: General,
  id: 214,
  physics_domain: FluidDynamics
}"
603,[Component],"{
  network_level: 1,
  knowledge_domain: 系统能量,
  importance: 1.0,
  name: Available turbine power for compression,
  description: Extraction of mechanical shaft power (P_TO) to run aircraft accessories directly reduces the turbine power available to drive the compressor.,
  subsystem: Compression,
  id: 262,
  physics_domain: GeneralPhysics
}",AFFECTS,556,[Parameter],"{
  network_level: 2,
  knowledge_domain: 喷管空气动力学,
  importance: 0.8,
  name: Exit pressure less than Ambient pressure,
  description: A nozzle is overexpanded if the exit pressure is lower than the surrounding ambient atmospheric pressure.,
  subsystem: General,
  id: 215,
  physics_domain: FluidDynamics
}"
603,[Component],"{
  network_level: 1,
  knowledge_domain: 系统能量,
  importance: 1.0,
  name: Available turbine power for compression,
  description: Extraction of mechanical shaft power (P_TO) to run aircraft accessories directly reduces the turbine power available to drive the compressor.,
  subsystem: Compression,
  id: 262,
  physics_domain: GeneralPhysics
}",AFFECTS,557,[Parameter],"{
  network_level: 2,
  knowledge_domain: 喷管空气动力学,
  importance: 0.8,
  name: Exit pressure greater than Ambient pressure,
  description: A nozzle is underexpanded if the gas exits at a pressure higher than the ambient atmospheric pressure.,
  subsystem: General,
  id: 216,
  physics_domain: FluidDynamics
}"
603,[Component],"{
  network_level: 1,
  knowledge_domain: 系统能量,
  importance: 1.0,
  name: Available turbine power for compression,
  description: Extraction of mechanical shaft power (P_TO) to run aircraft accessories directly reduces the turbine power available to drive the compressor.,
  subsystem: Compression,
  id: 262,
  physics_domain: GeneralPhysics
}",AFFECTS,560,[Parameter],"{
  network_level: 2,
  knowledge_domain: 系统架构,
  importance: 0.8,
  name: High pressure gas tank,
  description: A simpler feed system that uses regulated high-pressure gas to push propellants into the combustion chamber.,
  subsystem: General,
  id: 219,
  physics_domain: FluidDynamics
}"
603,[Component],"{
  network_level: 1,
  knowledge_domain: 系统能量,
  importance: 1.0,
  name: Available turbine power for compression,
  description: Extraction of mechanical shaft power (P_TO) to run aircraft accessories directly reduces the turbine power available to drive the compressor.,
  subsystem: Compression,
  id: 262,
  physics_domain: GeneralPhysics
}",AFFECTS,573,[Parameter],"{
  network_level: 2,
  knowledge_domain: 循环假设,
  importance: 0.8,
  name: Constant pressure combustion,
  description: It is assumed that combustion occurs at constant total pressure (no pressure drop in the combustor).,
  subsystem: Combustion,
  id: 232,
  physics_domain: FluidDynamics
}"
603,[Component],"{
  network_level: 1,
  knowledge_domain: 系统能量,
  importance: 1.0,
  name: Available turbine power for compression,
  description: Extraction of mechanical shaft power (P_TO) to run aircraft accessories directly reduces the turbine power available to drive the compressor.,
  subsystem: Compression,
  id: 262,
  physics_domain: GeneralPhysics
}",AFFECTS,586,[Parameter],"{
  network_level: 2,
  knowledge_domain: 真实部件特性,
  importance: 0.8,
  name: Component efficiencies and Total pressure ratios,
  description: The performance of real components is characterized by total temperature ratios, total pressure ratios, efficiencies, and pressure losses.,
  subsystem: General,
  id: 245,
  physics_domain: FluidDynamics
}"
603,[Component],"{
  network_level: 1,
  knowledge_domain: 系统能量,
  importance: 1.0,
  name: Available turbine power for compression,
  description: Extraction of mechanical shaft power (P_TO) to run aircraft accessories directly reduces the turbine power available to drive the compressor.,
  subsystem: Compression,
  id: 262,
  physics_domain: GeneralPhysics
}",AFFECTS,587,[Parameter],"{
  network_level: 2,
  knowledge_domain: 进气道特性,
  importance: 0.8,
  name: Total pressure ratio pi_d,
  description: The performance of the inlet (or diffuser) is primarily characterized by its total pressure ratio, pi_d = P_t2 / P_t0, also called the inlet recovery factor.,
  subsystem: General,
  id: 246,
  physics_domain: FluidDynamics
}"
603,[Component],"{
  network_level: 1,
  knowledge_domain: 系统能量,
  importance: 1.0,
  name: Available turbine power for compression,
  description: Extraction of mechanical shaft power (P_TO) to run aircraft accessories directly reduces the turbine power available to drive the compressor.,
  subsystem: Compression,
  id: 262,
  physics_domain: GeneralPhysics
}",AFFECTS,590,[Parameter],"{
  network_level: 2,
  knowledge_domain: 压气机特性,
  importance: 0.8,
  name: Isentropic efficiency eta_c,
  description: The isentropic compressor efficiency eta_c is defined as the ratio of ideal (isentropic) work to the actual work required for a given total pressure ratio.,
  subsystem: General,
  id: 249,
  physics_domain: GeneralPhysics
}"
603,[Component],"{
  network_level: 1,
  knowledge_domain: 系统能量,
  importance: 1.0,
  name: Available turbine power for compression,
  description: Extraction of mechanical shaft power (P_TO) to run aircraft accessories directly reduces the turbine power available to drive the compressor.,
  subsystem: Compression,
  id: 262,
  physics_domain: GeneralPhysics
}",AFFECTS,591,[Parameter],"{
  network_level: 2,
  knowledge_domain: 压气机特性,
  importance: 0.8,
  name: Isentropic efficiency and Total pressure ratio,
  description: tau_c = 1 + (pi_c^((gamma-1)/gamma) - 1) / eta_c, which links actual temperature rise to pressure ratio.,
  subsystem: General,
  id: 250,
  physics_domain: FluidDynamics
}"
603,[Component],"{
  network_level: 1,
  knowledge_domain: 系统能量,
  importance: 1.0,
  name: Available turbine power for compression,
  description: Extraction of mechanical shaft power (P_TO) to run aircraft accessories directly reduces the turbine power available to drive the compressor.,
  subsystem: Compression,
  id: 262,
  physics_domain: GeneralPhysics
}",AFFECTS,592,[Parameter],"{
  network_level: 2,
  knowledge_domain: 效率理论,
  importance: 0.8,
  name: Isentropic efficiency of an infinitesimal stage,
  description: Polytropic efficiency (e_c for compressor, e_t for turbine) is defined as the isentropic efficiency of an elemental or infinitesimal stage.,
  subsystem: General,
  id: 251,
  physics_domain: GeneralPhysics
}"
603,[Component],"{
  network_level: 1,
  knowledge_domain: 系统能量,
  importance: 1.0,
  name: Available turbine power for compression,
  description: Extraction of mechanical shaft power (P_TO) to run aircraft accessories directly reduces the turbine power available to drive the compressor.,
  subsystem: Compression,
  id: 262,
  physics_domain: GeneralPhysics
}",AFFECTS,593,[Parameter],"{
  network_level: 2,
  knowledge_domain: 效率理论,
  importance: 0.8,
  name: Increasing pressure ratio,
  description: For a constant polytropic efficiency e_c, the overall isentropic compressor efficiency eta_c drops as the total pressure ratio pi_c increases due to the preheating effect.,
  subsystem: General,
  id: 252,
  physics_domain: FluidDynamics
}"
603,[Component],"{
  network_level: 1,
  knowledge_domain: 系统能量,
  importance: 1.0,
  name: Available turbine power for compression,
  description: Extraction of mechanical shaft power (P_TO) to run aircraft accessories directly reduces the turbine power available to drive the compressor.,
  subsystem: Compression,
  id: 262,
  physics_domain: GeneralPhysics
}",AFFECTS,594,[Parameter],"{
  network_level: 2,
  knowledge_domain: 涡轮特性,
  importance: 0.8,
  name: Isentropic efficiency eta_t,
  description: The isentropic turbine efficiency eta_t is defined as the ratio of actual work output to the ideal (isentropic) work output for a given total pressure ratio.,
  subsystem: General,
  id: 253,
  physics_domain: GeneralPhysics
}"
603,[Component],"{
  network_level: 1,
  knowledge_domain: 系统能量,
  importance: 1.0,
  name: Available turbine power for compression,
  description: Extraction of mechanical shaft power (P_TO) to run aircraft accessories directly reduces the turbine power available to drive the compressor.,
  subsystem: Compression,
  id: 262,
  physics_domain: GeneralPhysics
}",AFFECTS,595,[Parameter],"{
  network_level: 2,
  knowledge_domain: 燃烧室特性,
  importance: 0.8,
  name: Combustion efficiency eta_b,
  description: Combustion efficiency eta_b is the ratio of the actual thermal energy released to the chemical energy available in the fuel.,
  subsystem: Combustion,
  id: 254,
  physics_domain: GeneralPhysics
}"
603,[Component],"{
  network_level: 1,
  knowledge_domain: 系统能量,
  importance: 1.0,
  name: Available turbine power for compression,
  description: Extraction of mechanical shaft power (P_TO) to run aircraft accessories directly reduces the turbine power available to drive the compressor.,
  subsystem: Compression,
  id: 262,
  physics_domain: GeneralPhysics
}",AFFECTS,596,[Parameter],"{
  network_level: 2,
  knowledge_domain: 燃烧室特性,
  importance: 0.8,
  name: Total pressure ratio pi_b,
  description: The total pressure ratio of the combustor pi_b = P_t4 / P_t3 is always less than 1.0 due to viscous friction and cold-to-hot flow momentum pressure drop.,
  subsystem: General,
  id: 255,
  physics_domain: FluidDynamics
}"
603,[Component],"{
  network_level: 1,
  knowledge_domain: 系统能量,
  importance: 1.0,
  name: Available turbine power for compression,
  description: Extraction of mechanical shaft power (P_TO) to run aircraft accessories directly reduces the turbine power available to drive the compressor.,
  subsystem: Compression,
  id: 262,
  physics_domain: GeneralPhysics
}",AFFECTS,599,[Parameter],"{
  network_level: 2,
  knowledge_domain: 加力燃烧室,
  importance: 0.8,
  name: Total pressure ratio pi_AB,
  description: The total pressure ratio pi_AB = P_t7 / P_t6 account for losses due to flameholders, friction, and high-temperature heat addition.,
  subsystem: General,
  id: 258,
  physics_domain: FluidDynamics
}"
603,[Component],"{
  network_level: 1,
  knowledge_domain: 系统能量,
  importance: 1.0,
  name: Available turbine power for compression,
  description: Extraction of mechanical shaft power (P_TO) to run aircraft accessories directly reduces the turbine power available to drive the compressor.,
  subsystem: Compression,
  id: 262,
  physics_domain: GeneralPhysics
}",AFFECTS,600,[Parameter],"{
  network_level: 2,
  knowledge_domain: 机械传动,
  importance: 0.8,
  name: Mechanical efficiency eta_m,
  description: Mechanical efficiency eta_m accounts for frictional power losses in bearings and accessory gearboxes connecting the turbine and compressor shafts.,
  subsystem: General,
  id: 259,
  physics_domain: GeneralPhysics
}"
603,[Component],"{
  network_level: 1,
  knowledge_domain: 系统能量,
  importance: 1.0,
  name: Available turbine power for compression,
  description: Extraction of mechanical shaft power (P_TO) to run aircraft accessories directly reduces the turbine power available to drive the compressor.,
  subsystem: Compression,
  id: 262,
  physics_domain: GeneralPhysics
}",AFFECTS,601,[Parameter],"{
  network_level: 2,
  knowledge_domain: 喷管特性,
  importance: 0.8,
  name: Total pressure ratio pi_n,
  description: The exhaust nozzle performance is characterized by its total pressure ratio pi_n = P_t9 / P_t7, which represents friction losses in the nozzle duct.,
  subsystem: General,
  id: 260,
  physics_domain: FluidDynamics
}"
603,[Component],"{
  network_level: 1,
  knowledge_domain: 系统能量,
  importance: 1.0,
  name: Available turbine power for compression,
  description: Extraction of mechanical shaft power (P_TO) to run aircraft accessories directly reduces the turbine power available to drive the compressor.,
  subsystem: Compression,
  id: 262,
  physics_domain: GeneralPhysics
}",AFFECTS,607,[Parameter],"{
  network_level: 2,
  knowledge_domain: 推力室特性,
  importance: 0.8,
  name: Stagnation pressure at throat,
  description: Due to high-velocity combustion and friction inside the chamber, the total pressure drops from the injector head to the nozzle throat entrance.,
  subsystem: General,
  id: 266,
  physics_domain: FluidDynamics
}"
603,[Component],"{
  network_level: 1,
  knowledge_domain: 系统能量,
  importance: 1.0,
  name: Available turbine power for compression,
  description: Extraction of mechanical shaft power (P_TO) to run aircraft accessories directly reduces the turbine power available to drive the compressor.,
  subsystem: Compression,
  id: 262,
  physics_domain: GeneralPhysics
}",AFFECTS,624,[Parameter],"{
  network_level: 2,
  knowledge_domain: 动力循环,
  importance: 0.8,
  name: Higher chamber pressure,
  description: Because the turbine exhaust is injected into the main chamber rather than dumped at low pressure, it allows extremely high chamber pressures (P_c) and higher efficiency.,
  subsystem: General,
  id: 283,
  physics_domain: FluidDynamics
}"
603,[Component],"{
  network_level: 1,
  knowledge_domain: 系统能量,
  importance: 1.0,
  name: Available turbine power for compression,
  description: Extraction of mechanical shaft power (P_TO) to run aircraft accessories directly reduces the turbine power available to drive the compressor.,
  subsystem: Compression,
  id: 262,
  physics_domain: GeneralPhysics
}",AFFECTS,626,[Parameter],"{
  network_level: 2,
  knowledge_domain: 系统匹配,
  importance: 0.8,
  name: Volumetric flow rate and Pressure rise,
  description: The required shaft power for a propellant pump is proportional to the mass flow rate and pressure rise, divided by the pump efficiency (eta_p).,
  subsystem: General,
  id: 285,
  physics_domain: FluidDynamics
}"
603,[Component],"{
  network_level: 1,
  knowledge_domain: 系统能量,
  importance: 1.0,
  name: Available turbine power for compression,
  description: Extraction of mechanical shaft power (P_TO) to run aircraft accessories directly reduces the turbine power available to drive the compressor.,
  subsystem: Compression,
  id: 262,
  physics_domain: GeneralPhysics
}",AFFECTS,629,[Parameter],"{
  network_level: 2,
  knowledge_domain: 涡喷循环,
  importance: 0.8,
  name: Real exit velocity and pressure,
  description: The net thrust of a real turbojet must account for exit velocity variations caused by nozzle efficiency (eta_n) and incomplete expansion.,
  subsystem: General,
  id: 288,
  physics_domain: FluidDynamics
}"
603,[Component],"{
  network_level: 1,
  knowledge_domain: 系统能量,
  importance: 1.0,
  name: Available turbine power for compression,
  description: Extraction of mechanical shaft power (P_TO) to run aircraft accessories directly reduces the turbine power available to drive the compressor.,
  subsystem: Compression,
  id: 262,
  physics_domain: GeneralPhysics
}",AFFECTS,649,[Parameter],"{
  network_level: 2,
  knowledge_domain: 相似准则,
  importance: 0.8,
  name: Mass flow scaled by dimensionless temperature and pressure,
  description: Corrected mass flow rate m_dot_c is defined as m_dot * sqrt(theta) / delta, allowing data from different conditions to be collapsed onto a single curve.,
  subsystem: General,
  id: 308,
  physics_domain: FluidDynamics
}"
603,[Component],"{
  network_level: 1,
  knowledge_domain: 系统能量,
  importance: 1.0,
  name: Available turbine power for compression,
  description: Extraction of mechanical shaft power (P_TO) to run aircraft accessories directly reduces the turbine power available to drive the compressor.,
  subsystem: Compression,
  id: 262,
  physics_domain: GeneralPhysics
}",AFFECTS,660,[Parameter],"{
  network_level: 2,
  knowledge_domain: 发动机控制,
  importance: 0.8,
  name: Maximum pressure or shaft speed,
  description: At low ambient temperatures (below theta_break), the engine is typically limited by mechanical limits like pressure or spool speed.,
  subsystem: General,
  id: 319,
  physics_domain: FluidDynamics
}"
604,[Parameter],"{
  network_level: 2,
  knowledge_domain: 系统能量,
  importance: 0.8,
  name: Core mass flow rate,
  description: Extracting high-pressure compressed air from the compressor exit for cabin environmental control systems (ECS) or turbine blade cooling reduces the downstream mass flow.,
  subsystem: General,
  id: 263,
  physics_domain: FluidDynamics
}",null,null,null,null
605,[Component],"{
  network_level: 1,
  knowledge_domain: 涡轮冷却,
  importance: 1.0,
  name: Turbine inlet stagnation temperature,
  description: Reintroducing relatively cool bleed air into the turbine stages for blade cooling causes aerodynamic mixing losses and lowers the effective total temperature of the gas.,
  subsystem: Expansion,
  id: 264,
  physics_domain: Thermodynamics
}",AFFECTS,359,[Parameter],"{
  network_level: 2,
  knowledge_domain: 性能指标,
  importance: 0.8,
  name: Thermal efficiency,
  description: Thermal efficiency is the ratio of the rate of kinetic energy production to the thermal power input from fuel.,
  subsystem: General,
  id: 18,
  physics_domain: GeneralPhysics
}"
605,[Component],"{
  network_level: 1,
  knowledge_domain: 涡轮冷却,
  importance: 1.0,
  name: Turbine inlet stagnation temperature,
  description: Reintroducing relatively cool bleed air into the turbine stages for blade cooling causes aerodynamic mixing losses and lowers the effective total temperature of the gas.,
  subsystem: Expansion,
  id: 264,
  physics_domain: Thermodynamics
}",AFFECTS,360,[Parameter],"{
  network_level: 2,
  knowledge_domain: 性能指标,
  importance: 0.8,
  name: Propulsive efficiency,
  description: Propulsive efficiency measures how effectively the engine's kinetic energy output is converted into aircraft propulsive power.,
  subsystem: General,
  id: 19,
  physics_domain: GeneralPhysics
}"
605,[Component],"{
  network_level: 1,
  knowledge_domain: 涡轮冷却,
  importance: 1.0,
  name: Turbine inlet stagnation temperature,
  description: Reintroducing relatively cool bleed air into the turbine stages for blade cooling causes aerodynamic mixing losses and lowers the effective total temperature of the gas.,
  subsystem: Expansion,
  id: 264,
  physics_domain: Thermodynamics
}",AFFECTS,361,[Parameter],"{
  network_level: 2,
  knowledge_domain: 性能指标,
  importance: 0.8,
  name: Overall efficiency,
  description: The overall efficiency of a propulsion system is the product of its thermal and propulsive efficiencies.,
  subsystem: General,
  id: 20,
  physics_domain: GeneralPhysics
}"
605,[Component],"{
  network_level: 1,
  knowledge_domain: 涡轮冷却,
  importance: 1.0,
  name: Turbine inlet stagnation temperature,
  description: Reintroducing relatively cool bleed air into the turbine stages for blade cooling causes aerodynamic mixing losses and lowers the effective total temperature of the gas.,
  subsystem: Expansion,
  id: 264,
  physics_domain: Thermodynamics
}",AFFECTS,436,[Parameter],"{
  network_level: 2,
  knowledge_domain: 效率理论,
  importance: 0.8,
  name: Polytropic efficiency,
  description: Polytropic efficiency (e_c for compressor, e_t for turbine) is defined as the isentropic efficiency of an elemental or infinitesimal stage.,
  subsystem: General,
  id: 95,
  physics_domain: GeneralPhysics
}"
605,[Component],"{
  network_level: 1,
  knowledge_domain: 涡轮冷却,
  importance: 1.0,
  name: Turbine inlet stagnation temperature,
  description: Reintroducing relatively cool bleed air into the turbine stages for blade cooling causes aerodynamic mixing losses and lowers the effective total temperature of the gas.,
  subsystem: Expansion,
  id: 264,
  physics_domain: Thermodynamics
}",AFFECTS,456,[Parameter],"{
  network_level: 2,
  knowledge_domain: 燃烧损失,
  importance: 0.8,
  name: Combustion efficiency,
  description: Combustion efficiency is often expressed as the ratio of actual characteristic velocity (c*_actual) to the theoretical characteristic velocity (c*_theoretical).,
  subsystem: Combustion,
  id: 115,
  physics_domain: GeneralPhysics
}"
605,[Component],"{
  network_level: 1,
  knowledge_domain: 涡轮冷却,
  importance: 1.0,
  name: Turbine inlet stagnation temperature,
  description: Reintroducing relatively cool bleed air into the turbine stages for blade cooling causes aerodynamic mixing losses and lowers the effective total temperature of the gas.,
  subsystem: Expansion,
  id: 264,
  physics_domain: Thermodynamics
}",AFFECTS,471,[Parameter],"{
  network_level: 2,
  knowledge_domain: 涡喷循环,
  importance: 0.8,
  name: Real turbojet efficiency,
  description: Irreversibilities in the compressor and turbine increase entropy, directly decreasing the specific thrust and increasing the TSFC.,
  subsystem: General,
  id: 130,
  physics_domain: GeneralPhysics
}"
605,[Component],"{
  network_level: 1,
  knowledge_domain: 涡轮冷却,
  importance: 1.0,
  name: Turbine inlet stagnation temperature,
  description: Reintroducing relatively cool bleed air into the turbine stages for blade cooling causes aerodynamic mixing losses and lowers the effective total temperature of the gas.,
  subsystem: Expansion,
  id: 264,
  physics_domain: Thermodynamics
}",AFFECTS,477,[Parameter],"{
  network_level: 2,
  knowledge_domain: 部件匹配,
  importance: 0.8,
  name: Mixer efficiency,
  description: Aerodynamic mixing of streams with different total temperatures and velocities introduces viscous shearing losses, reducing overall total pressure.,
  subsystem: General,
  id: 136,
  physics_domain: GeneralPhysics
}"
605,[Component],"{
  network_level: 1,
  knowledge_domain: 涡轮冷却,
  importance: 1.0,
  name: Turbine inlet stagnation temperature,
  description: Reintroducing relatively cool bleed air into the turbine stages for blade cooling causes aerodynamic mixing losses and lowers the effective total temperature of the gas.,
  subsystem: Expansion,
  id: 264,
  physics_domain: Thermodynamics
}",AFFECTS,480,[Parameter],"{
  network_level: 2,
  knowledge_domain: 性能指标,
  importance: 0.8,
  name: Propeller efficiency eta_prop,
  description: The efficiency with which the propeller converts the brake shaft horsepower into effective aircraft propulsive power.,
  subsystem: General,
  id: 139,
  physics_domain: GeneralPhysics
}"
605,[Component],"{
  network_level: 1,
  knowledge_domain: 涡轮冷却,
  importance: 1.0,
  name: Turbine inlet stagnation temperature,
  description: Reintroducing relatively cool bleed air into the turbine stages for blade cooling causes aerodynamic mixing losses and lowers the effective total temperature of the gas.,
  subsystem: Expansion,
  id: 264,
  physics_domain: Thermodynamics
}",AFFECTS,514,[Parameter],"{
  network_level: 2,
  knowledge_domain: 性能指标,
  importance: 0.8,
  name: Thermal efficiency and Propulsive efficiency,
  description: The overall efficiency of a propulsion system is the product of its thermal and propulsive efficiencies.,
  subsystem: General,
  id: 173,
  physics_domain: GeneralPhysics
}"
605,[Component],"{
  network_level: 1,
  knowledge_domain: 涡轮冷却,
  importance: 1.0,
  name: Turbine inlet stagnation temperature,
  description: Reintroducing relatively cool bleed air into the turbine stages for blade cooling causes aerodynamic mixing losses and lowers the effective total temperature of the gas.,
  subsystem: Expansion,
  id: 264,
  physics_domain: Thermodynamics
}",AFFECTS,590,[Parameter],"{
  network_level: 2,
  knowledge_domain: 压气机特性,
  importance: 0.8,
  name: Isentropic efficiency eta_c,
  description: The isentropic compressor efficiency eta_c is defined as the ratio of ideal (isentropic) work to the actual work required for a given total pressure ratio.,
  subsystem: General,
  id: 249,
  physics_domain: GeneralPhysics
}"
605,[Component],"{
  network_level: 1,
  knowledge_domain: 涡轮冷却,
  importance: 1.0,
  name: Turbine inlet stagnation temperature,
  description: Reintroducing relatively cool bleed air into the turbine stages for blade cooling causes aerodynamic mixing losses and lowers the effective total temperature of the gas.,
  subsystem: Expansion,
  id: 264,
  physics_domain: Thermodynamics
}",AFFECTS,591,[Parameter],"{
  network_level: 2,
  knowledge_domain: 压气机特性,
  importance: 0.8,
  name: Isentropic efficiency and Total pressure ratio,
  description: tau_c = 1 + (pi_c^((gamma-1)/gamma) - 1) / eta_c, which links actual temperature rise to pressure ratio.,
  subsystem: General,
  id: 250,
  physics_domain: FluidDynamics
}"
605,[Component],"{
  network_level: 1,
  knowledge_domain: 涡轮冷却,
  importance: 1.0,
  name: Turbine inlet stagnation temperature,
  description: Reintroducing relatively cool bleed air into the turbine stages for blade cooling causes aerodynamic mixing losses and lowers the effective total temperature of the gas.,
  subsystem: Expansion,
  id: 264,
  physics_domain: Thermodynamics
}",AFFECTS,592,[Parameter],"{
  network_level: 2,
  knowledge_domain: 效率理论,
  importance: 0.8,
  name: Isentropic efficiency of an infinitesimal stage,
  description: Polytropic efficiency (e_c for compressor, e_t for turbine) is defined as the isentropic efficiency of an elemental or infinitesimal stage.,
  subsystem: General,
  id: 251,
  physics_domain: GeneralPhysics
}"
605,[Component],"{
  network_level: 1,
  knowledge_domain: 涡轮冷却,
  importance: 1.0,
  name: Turbine inlet stagnation temperature,
  description: Reintroducing relatively cool bleed air into the turbine stages for blade cooling causes aerodynamic mixing losses and lowers the effective total temperature of the gas.,
  subsystem: Expansion,
  id: 264,
  physics_domain: Thermodynamics
}",AFFECTS,594,[Parameter],"{
  network_level: 2,
  knowledge_domain: 涡轮特性,
  importance: 0.8,
  name: Isentropic efficiency eta_t,
  description: The isentropic turbine efficiency eta_t is defined as the ratio of actual work output to the ideal (isentropic) work output for a given total pressure ratio.,
  subsystem: General,
  id: 253,
  physics_domain: GeneralPhysics
}"
605,[Component],"{
  network_level: 1,
  knowledge_domain: 涡轮冷却,
  importance: 1.0,
  name: Turbine inlet stagnation temperature,
  description: Reintroducing relatively cool bleed air into the turbine stages for blade cooling causes aerodynamic mixing losses and lowers the effective total temperature of the gas.,
  subsystem: Expansion,
  id: 264,
  physics_domain: Thermodynamics
}",AFFECTS,595,[Parameter],"{
  network_level: 2,
  knowledge_domain: 燃烧室特性,
  importance: 0.8,
  name: Combustion efficiency eta_b,
  description: Combustion efficiency eta_b is the ratio of the actual thermal energy released to the chemical energy available in the fuel.,
  subsystem: Combustion,
  id: 254,
  physics_domain: GeneralPhysics
}"
605,[Component],"{
  network_level: 1,
  knowledge_domain: 涡轮冷却,
  importance: 1.0,
  name: Turbine inlet stagnation temperature,
  description: Reintroducing relatively cool bleed air into the turbine stages for blade cooling causes aerodynamic mixing losses and lowers the effective total temperature of the gas.,
  subsystem: Expansion,
  id: 264,
  physics_domain: Thermodynamics
}",AFFECTS,600,[Parameter],"{
  network_level: 2,
  knowledge_domain: 机械传动,
  importance: 0.8,
  name: Mechanical efficiency eta_m,
  description: Mechanical efficiency eta_m accounts for frictional power losses in bearings and accessory gearboxes connecting the turbine and compressor shafts.,
  subsystem: General,
  id: 259,
  physics_domain: GeneralPhysics
}"
606,[Parameter],"{
  network_level: 2,
  knowledge_domain: 真实火箭特性,
  importance: 0.8,
  name: Component efficiencies and Chemical reactions,
  description: Analysis of real rocket engines requires accounting for non-ideal effects including nozzle efficiency, incomplete combustion, heat transfer, and complex chemical behaviors.,
  subsystem: General,
  id: 265,
  physics_domain: GeneralPhysics
}",null,null,null,null
607,[Parameter],"{
  network_level: 2,
  knowledge_domain: 推力室特性,
  importance: 0.8,
  name: Stagnation pressure at throat,
  description: Due to high-velocity combustion and friction inside the chamber, the total pressure drops from the injector head to the nozzle throat entrance.,
  subsystem: General,
  id: 266,
  physics_domain: FluidDynamics
}",USED_IN,663,[Equation],"{
  network_level: 3,
  knowledge_domain: CrossDomain,
  importance: 0.6,
  name: Ideal Brayton cycle,
  description: The realistic engine cycle analysis (Chapter 7) modifies the ideal Brayton cycle (Chapter 4) by incorporating polytropic efficiencies and pressure drops (Chapter 5).,
  subsystem: Cycle,
  id: 322,
  physics_domain: GeneralPhysics
}"
608,[Component],"{
  network_level: 1,
  knowledge_domain: 喷管特性,
  importance: 1.0,
  name: Nozzle efficiency eta_n,
  description: Nozzle efficiency eta_n is defined as the ratio of actual kinetic energy change to the ideal isentropic kinetic energy change across the nozzle.,
  subsystem: Exhaust,
  id: 267,
  physics_domain: GeneralPhysics
}",null,null,null,null
609,[Parameter],"{
  network_level: 2,
  knowledge_domain: 喷管特性,
  importance: 0.8,
  name: Actual exit velocity divided by Isentropic velocity,
  description: The velocity coefficient C_v relates the actual exhaust velocity to the ideal velocity; typically C_v equals the square root of nozzle efficiency.,
  subsystem: General,
  id: 268,
  physics_domain: FluidDynamics
}",null,null,null,null
610,[Parameter],"{
  network_level: 2,
  knowledge_domain: 喷管特性,
  importance: 0.8,
  name: Mass flow rate deviation,
  description: The discharge coefficient C_d is the ratio of actual mass flow rate to the ideal isentropic mass flow rate, accounting for boundary layer displacement.,
  subsystem: General,
  id: 269,
  physics_domain: FluidDynamics
}",null,null,null,null
611,[Parameter],"{
  network_level: 2,
  knowledge_domain: 燃烧损失,
  importance: 0.8,
  name: Chamber stagnation temperature,
  description: Failure to achieve perfect chemical equilibrium or full mixing of oxidizer and fuel lowers the combustion temperature T_c below its theoretical adiabatic value.,
  subsystem: General,
  id: 270,
  physics_domain: Thermodynamics
}",USED_IN,416,[Equation],"{
  network_level: 3,
  knowledge_domain: 参数循环分析,
  importance: 0.6,
  name: Parametric cycle analysis,
  description: The objective of parametric cycle analysis is to relate the engine performance parameters to the design choices and the flight environment.,
  subsystem: Cycle,
  id: 75,
  physics_domain: GeneralPhysics
}"
611,[Parameter],"{
  network_level: 2,
  knowledge_domain: 燃烧损失,
  importance: 0.8,
  name: Chamber stagnation temperature,
  description: Failure to achieve perfect chemical equilibrium or full mixing of oxidizer and fuel lowers the combustion temperature T_c below its theoretical adiabatic value.,
  subsystem: General,
  id: 270,
  physics_domain: Thermodynamics
}",USED_IN,418,[Equation],"{
  network_level: 3,
  knowledge_domain: 循环假设,
  importance: 0.6,
  name: Ideal cycle analysis,
  description: Ideal cycle analysis assumes that the compression and expansion processes are reversible and adiabatic (isentropic).,
  subsystem: Cycle,
  id: 77,
  physics_domain: GeneralPhysics
}"
611,[Parameter],"{
  network_level: 2,
  knowledge_domain: 燃烧损失,
  importance: 0.8,
  name: Chamber stagnation temperature,
  description: Failure to achieve perfect chemical equilibrium or full mixing of oxidizer and fuel lowers the combustion temperature T_c below its theoretical adiabatic value.,
  subsystem: General,
  id: 270,
  physics_domain: Thermodynamics
}",USED_IN,463,[Equation],"{
  network_level: 3,
  knowledge_domain: 动力循环,
  importance: 0.6,
  name: Liquid rocket cycle,
  description: Liquid rocket engine cycles are classified into pressure-fed systems or pump-fed systems based on how propellants are pressurized.,
  subsystem: Cycle,
  id: 122,
  physics_domain: GeneralPhysics
}"
611,[Parameter],"{
  network_level: 2,
  knowledge_domain: 燃烧损失,
  importance: 0.8,
  name: Chamber stagnation temperature,
  description: Failure to achieve perfect chemical equilibrium or full mixing of oxidizer and fuel lowers the combustion temperature T_c below its theoretical adiabatic value.,
  subsystem: General,
  id: 270,
  physics_domain: Thermodynamics
}",USED_IN,464,[Equation],"{
  network_level: 3,
  knowledge_domain: 动力循环,
  importance: 0.6,
  name: Pump-fed cycle,
  description: A pump-fed open cycle where a fraction of the propellant is burned in a separate combustor to drive the turbine and is then exhausted overboard.,
  subsystem: Cycle,
  id: 123,
  physics_domain: GeneralPhysics
}"
611,[Parameter],"{
  network_level: 2,
  knowledge_domain: 燃烧损失,
  importance: 0.8,
  name: Chamber stagnation temperature,
  description: Failure to achieve perfect chemical equilibrium or full mixing of oxidizer and fuel lowers the combustion temperature T_c below its theoretical adiabatic value.,
  subsystem: General,
  id: 270,
  physics_domain: Thermodynamics
}",USED_IN,465,[Equation],"{
  network_level: 3,
  knowledge_domain: 动力循环,
  importance: 0.6,
  name: Gas-generator cycle,
  description: The gas generator must operate off-stoichiometric (extremely fuel-rich or oxidizer-rich) to prevent melting the turbine blades.,
  subsystem: Cycle,
  id: 124,
  physics_domain: GeneralPhysics
}"
611,[Parameter],"{
  network_level: 2,
  knowledge_domain: 燃烧损失,
  importance: 0.8,
  name: Chamber stagnation temperature,
  description: Failure to achieve perfect chemical equilibrium or full mixing of oxidizer and fuel lowers the combustion temperature T_c below its theoretical adiabatic value.,
  subsystem: General,
  id: 270,
  physics_domain: Thermodynamics
}",USED_IN,466,[Equation],"{
  network_level: 3,
  knowledge_domain: 动力循环,
  importance: 0.6,
  name: Staged combustion cycle,
  description: Because the turbine exhaust is injected into the main chamber rather than dumped at low pressure, it allows extremely high chamber pressures (P_c) and higher efficiency.,
  subsystem: Combustion,
  id: 125,
  physics_domain: GeneralPhysics
}"
611,[Parameter],"{
  network_level: 2,
  knowledge_domain: 燃烧损失,
  importance: 0.8,
  name: Chamber stagnation temperature,
  description: Failure to achieve perfect chemical equilibrium or full mixing of oxidizer and fuel lowers the combustion temperature T_c below its theoretical adiabatic value.,
  subsystem: General,
  id: 270,
  physics_domain: Thermodynamics
}",USED_IN,469,[Equation],"{
  network_level: 3,
  knowledge_domain: 真实循环分析,
  importance: 0.6,
  name: Real cycle analysis,
  description: Real engine cycle analysis incorporates component efficiencies, pressure losses, mechanical losses, and bleeding to predict realistic performance.,
  subsystem: Cycle,
  id: 128,
  physics_domain: GeneralPhysics
}"
611,[Parameter],"{
  network_level: 2,
  knowledge_domain: 燃烧损失,
  importance: 0.8,
  name: Chamber stagnation temperature,
  description: Failure to achieve perfect chemical equilibrium or full mixing of oxidizer and fuel lowers the combustion temperature T_c below its theoretical adiabatic value.,
  subsystem: General,
  id: 270,
  physics_domain: Thermodynamics
}",USED_IN,621,[Equation],"{
  network_level: 3,
  knowledge_domain: 动力循环,
  importance: 0.6,
  name: Pressure-fed cycle,
  description: Liquid rocket engine cycles are classified into pressure-fed systems or pump-fed systems based on how propellants are pressurized.,
  subsystem: Cycle,
  id: 280,
  physics_domain: FluidDynamics
}"
611,[Parameter],"{
  network_level: 2,
  knowledge_domain: 燃烧损失,
  importance: 0.8,
  name: Chamber stagnation temperature,
  description: Failure to achieve perfect chemical equilibrium or full mixing of oxidizer and fuel lowers the combustion temperature T_c below its theoretical adiabatic value.,
  subsystem: General,
  id: 270,
  physics_domain: Thermodynamics
}",USED_IN,622,[Equation],"{
  network_level: 3,
  knowledge_domain: 动力循环,
  importance: 0.6,
  name: Expander cycle,
  description: A closed cycle where fuel is vaporized in the cooling jacket and then routes directly through the turbine to drive the pumps before entering the injector.,
  subsystem: Cycle,
  id: 281,
  physics_domain: GeneralPhysics
}"
611,[Parameter],"{
  network_level: 2,
  knowledge_domain: 燃烧损失,
  importance: 0.8,
  name: Chamber stagnation temperature,
  description: Failure to achieve perfect chemical equilibrium or full mixing of oxidizer and fuel lowers the combustion temperature T_c below its theoretical adiabatic value.,
  subsystem: General,
  id: 270,
  physics_domain: Thermodynamics
}",USED_IN,663,[Equation],"{
  network_level: 3,
  knowledge_domain: CrossDomain,
  importance: 0.6,
  name: Ideal Brayton cycle,
  description: The realistic engine cycle analysis (Chapter 7) modifies the ideal Brayton cycle (Chapter 4) by incorporating polytropic efficiencies and pressure drops (Chapter 5).,
  subsystem: Cycle,
  id: 322,
  physics_domain: GeneralPhysics
}"
612,[Parameter],"{
  network_level: 2,
  knowledge_domain: 燃烧损失,
  importance: 0.8,
  name: Characteristic velocity ratio,
  description: Combustion efficiency is often expressed as the ratio of actual characteristic velocity (c*_actual) to the theoretical characteristic velocity (c*_theoretical).,
  subsystem: General,
  id: 271,
  physics_domain: FluidDynamics
}",null,null,null,null
613,[Parameter],"{
  network_level: 2,
  knowledge_domain: 化学动力学,
  importance: 0.8,
  name: Fixed chemical composition,
  description: Frozen flow assumes that the chemical composition of the exhaust gas remains constant (fixed at chamber exit state) during expansion through the nozzle.,
  subsystem: General,
  id: 272,
  physics_domain: GeneralPhysics
}",null,null,null,null
614,[Parameter],"{
  network_level: 2,
  knowledge_domain: 化学动力学,
  importance: 0.8,
  name: Instantaneous chemical reaction,
  description: Equilibrium flow assumes that chemical reactions occur instantaneously as pressure and temperature drop, continually adjusting composition to maintain local equilibrium.,
  subsystem: General,
  id: 273,
  physics_domain: GeneralPhysics
}",null,null,null,null
615,[Parameter],"{
  network_level: 2,
  knowledge_domain: 化学动力学,
  importance: 0.8,
  name: Higher specific impulse,
  description: Equilibrium flow gives higher calculated exhaust velocity and specific impulse than frozen flow because chemical recombination energy is recovered as kinetic energy.,
  subsystem: General,
  id: 274,
  physics_domain: GeneralPhysics
}",null,null,null,null
616,[BoundaryCondition],"{
  network_level: 4,
  knowledge_domain: 性能预测,
  importance: 0.5,
  name: Frozen flow and Equilibrium flow limits,
  description: The actual expansion process in a real rocket nozzle falls between the ideal frozen and shifting equilibrium bounds.,
  subsystem: General,
  id: 275,
  physics_domain: FluidDynamics
}",null,null,null,null
617,[Parameter],"{
  network_level: 2,
  knowledge_domain: 传热损失,
  importance: 0.8,
  name: Exhaust gas enthalpy,
  description: Heat loss through the chamber walls and nozzle liners directly reduces the thermal energy available for conversion into kinetic energy.,
  subsystem: Exhaust,
  id: 276,
  physics_domain: Thermodynamics
}",null,null,null,null
618,[Parameter],"{
  network_level: 2,
  knowledge_domain: 结构与传热,
  importance: 0.8,
  name: Fuel through cooling jackets,
  description: Regenerative cooling pumps the fuel or oxidizer through passages surrounding the thrust chamber wall to absorb heat before injection.,
  subsystem: General,
  id: 277,
  physics_domain: GeneralPhysics
}",null,null,null,null
619,[BoundaryCondition],"{
  network_level: 4,
  knowledge_domain: 结构与传热,
  importance: 0.5,
  name: Wall heat loss,
  description: The heat absorbed by the coolant is reintroduced into the combustion chamber, preventing a net thermodynamic energy loss.,
  subsystem: General,
  id: 278,
  physics_domain: Thermodynamics
}",null,null,null,null
620,[BoundaryCondition],"{
  network_level: 4,
  knowledge_domain: 结构与传热,
  importance: 0.5,
  name: Cooling fluid boundary layer,
  description: Injecting a small portion of fuel or inert gas along the internal wall creates a protective film that shields the structure from high-temperature core gases.,
  subsystem: General,
  id: 279,
  physics_domain: GeneralPhysics
}",null,null,null,null
621,[Equation],"{
  network_level: 3,
  knowledge_domain: 动力循环,
  importance: 0.6,
  name: Pressure-fed cycle,
  description: Liquid rocket engine cycles are classified into pressure-fed systems or pump-fed systems based on how propellants are pressurized.,
  subsystem: Cycle,
  id: 280,
  physics_domain: FluidDynamics
}",LIMITED_BY,353,[BoundaryCondition],"{
  network_level: 4,
  knowledge_domain: 性能指标,
  importance: 0.5,
  name: Uninstalled thrust,
  description: The uninstalled thrust (F_n) is the force produced by the engine alone, neglecting installation effects.,
  subsystem: General,
  id: 12,
  physics_domain: GeneralPhysics
}"
621,[Equation],"{
  network_level: 3,
  knowledge_domain: 动力循环,
  importance: 0.6,
  name: Pressure-fed cycle,
  description: Liquid rocket engine cycles are classified into pressure-fed systems or pump-fed systems based on how propellants are pressurized.,
  subsystem: Cycle,
  id: 280,
  physics_domain: FluidDynamics
}",LIMITED_BY,354,[BoundaryCondition],"{
  network_level: 4,
  knowledge_domain: 性能指标,
  importance: 0.5,
  name: Installed thrust,
  description: The installed thrust F is equal to the uninstalled thrust F_n minus the inlet drag D_inlet and the nozzle drag D_nozzle.,
  subsystem: General,
  id: 13,
  physics_domain: GeneralPhysics
}"
621,[Equation],"{
  network_level: 3,
  knowledge_domain: 动力循环,
  importance: 0.6,
  name: Pressure-fed cycle,
  description: Liquid rocket engine cycles are classified into pressure-fed systems or pump-fed systems based on how propellants are pressurized.,
  subsystem: Cycle,
  id: 280,
  physics_domain: FluidDynamics
}",LIMITED_BY,384,[BoundaryCondition],"{
  network_level: 4,
  knowledge_domain: 流动状态,
  importance: 0.5,
  name: Choked flow,
  description: When the Mach number at the throat reaches unity, the mass flow rate through the nozzle reaches its maximum possible value and is said to be choked.,
  subsystem: General,
  id: 43,
  physics_domain: FluidDynamics
}"
621,[Equation],"{
  network_level: 3,
  knowledge_domain: 动力循环,
  importance: 0.6,
  name: Pressure-fed cycle,
  description: Liquid rocket engine cycles are classified into pressure-fed systems or pump-fed systems based on how propellants are pressurized.,
  subsystem: Cycle,
  id: 280,
  physics_domain: FluidDynamics
}",LIMITED_BY,441,[BoundaryCondition],"{
  network_level: 4,
  knowledge_domain: 燃烧室特性,
  importance: 0.5,
  name: Combustor pressure loss,
  description: The total pressure ratio of the combustor pi_b = P_t4 / P_t3 is always less than 1.0 due to viscous friction and cold-to-hot flow momentum pressure drop.,
  subsystem: Combustion,
  id: 100,
  physics_domain: FluidDynamics
}"
621,[Equation],"{
  network_level: 3,
  knowledge_domain: 动力循环,
  importance: 0.6,
  name: Pressure-fed cycle,
  description: Liquid rocket engine cycles are classified into pressure-fed systems or pump-fed systems based on how propellants are pressurized.,
  subsystem: Cycle,
  id: 280,
  physics_domain: FluidDynamics
}",LIMITED_BY,443,[BoundaryCondition],"{
  network_level: 4,
  knowledge_domain: 加力燃烧室,
  importance: 0.5,
  name: Afterburner pressure loss,
  description: The total pressure ratio pi_AB = P_t7 / P_t6 account for losses due to flameholders, friction, and high-temperature heat addition.,
  subsystem: Combustion,
  id: 102,
  physics_domain: FluidDynamics
}"
621,[Equation],"{
  network_level: 3,
  knowledge_domain: 动力循环,
  importance: 0.6,
  name: Pressure-fed cycle,
  description: Liquid rocket engine cycles are classified into pressure-fed systems or pump-fed systems based on how propellants are pressurized.,
  subsystem: Cycle,
  id: 280,
  physics_domain: FluidDynamics
}",LIMITED_BY,488,[BoundaryCondition],"{
  network_level: 4,
  knowledge_domain: 整机匹配,
  importance: 0.5,
  name: Choked turbine stator,
  description: If the high-pressure turbine nozzle guides are choked, the corrected mass flow exiting the compressor remains essentially constant, creating a fixed pumping constraint.,
  subsystem: Expansion,
  id: 147,
  physics_domain: GeneralPhysics
}"
621,[Equation],"{
  network_level: 3,
  knowledge_domain: 动力循环,
  importance: 0.6,
  name: Pressure-fed cycle,
  description: Liquid rocket engine cycles are classified into pressure-fed systems or pump-fed systems based on how propellants are pressurized.,
  subsystem: Cycle,
  id: 280,
  physics_domain: FluidDynamics
}",LIMITED_BY,490,[BoundaryCondition],"{
  network_level: 4,
  knowledge_domain: 整机匹配,
  importance: 0.5,
  name: Choked exhaust nozzle,
  description: When the convergent exhaust nozzle is choked, the operating pressure ratio across the turbine becomes independent of ambient pressure.,
  subsystem: Exhaust,
  id: 149,
  physics_domain: GeneralPhysics
}"
621,[Equation],"{
  network_level: 3,
  knowledge_domain: 动力循环,
  importance: 0.6,
  name: Pressure-fed cycle,
  description: Liquid rocket engine cycles are classified into pressure-fed systems or pump-fed systems based on how propellants are pressurized.,
  subsystem: Cycle,
  id: 280,
  physics_domain: FluidDynamics
}",LIMITED_BY,492,[BoundaryCondition],"{
  network_level: 4,
  knowledge_domain: 发动机控制,
  importance: 0.5,
  name: Engine limit,
  description: Mechanical stress restricts the maximum physical or corrected rotational speed of the fan spool.,
  subsystem: General,
  id: 151,
  physics_domain: GeneralPhysics
}"
621,[Equation],"{
  network_level: 3,
  knowledge_domain: 动力循环,
  importance: 0.6,
  name: Pressure-fed cycle,
  description: Liquid rocket engine cycles are classified into pressure-fed systems or pump-fed systems based on how propellants are pressurized.,
  subsystem: Cycle,
  id: 280,
  physics_domain: FluidDynamics
}",LIMITED_BY,494,[BoundaryCondition],"{
  network_level: 4,
  knowledge_domain: 发动机控制,
  importance: 0.5,
  name: Cold day operation,
  description: At low ambient temperatures (below theta_break), the engine is typically limited by mechanical limits like pressure or spool speed.,
  subsystem: General,
  id: 153,
  physics_domain: GeneralPhysics
}"
621,[Equation],"{
  network_level: 3,
  knowledge_domain: 动力循环,
  importance: 0.6,
  name: Pressure-fed cycle,
  description: Liquid rocket engine cycles are classified into pressure-fed systems or pump-fed systems based on how propellants are pressurized.,
  subsystem: Cycle,
  id: 280,
  physics_domain: FluidDynamics
}",LIMITED_BY,495,[BoundaryCondition],"{
  network_level: 4,
  knowledge_domain: 发动机控制,
  importance: 0.5,
  name: Hot day operation,
  description: At high ambient temperatures (above theta_break), the engine control reduces fuel flow to protect the turbine from overheating, dropping the thrust.,
  subsystem: General,
  id: 154,
  physics_domain: GeneralPhysics
}"
621,[Equation],"{
  network_level: 3,
  knowledge_domain: 动力循环,
  importance: 0.6,
  name: Pressure-fed cycle,
  description: Liquid rocket engine cycles are classified into pressure-fed systems or pump-fed systems based on how propellants are pressurized.,
  subsystem: Cycle,
  id: 280,
  physics_domain: FluidDynamics
}",LIMITED_BY,497,[BoundaryCondition],"{
  network_level: 4,
  knowledge_domain: 过渡态,
  importance: 0.5,
  name: Transient operation,
  description: During acceleration, the turbine power must exceed the compressor power to accelerate the spool rotor inertia, causing the operating line to transiently swing toward the stall line.,
  subsystem: General,
  id: 156,
  physics_domain: GeneralPhysics
}"
621,[Equation],"{
  network_level: 3,
  knowledge_domain: 动力循环,
  importance: 0.6,
  name: Pressure-fed cycle,
  description: Liquid rocket engine cycles are classified into pressure-fed systems or pump-fed systems based on how propellants are pressurized.,
  subsystem: Cycle,
  id: 280,
  physics_domain: FluidDynamics
}",LIMITED_BY,508,[BoundaryCondition],"{
  network_level: 4,
  knowledge_domain: 安装损失,
  importance: 0.5,
  name: Inlet installation,
  description: Drag associated with the engine intake aerodynamic forces.,
  subsystem: General,
  id: 167,
  physics_domain: GeneralPhysics
}"
621,[Equation],"{
  network_level: 3,
  knowledge_domain: 动力循环,
  importance: 0.6,
  name: Pressure-fed cycle,
  description: Liquid rocket engine cycles are classified into pressure-fed systems or pump-fed systems based on how propellants are pressurized.,
  subsystem: Cycle,
  id: 280,
  physics_domain: FluidDynamics
}",LIMITED_BY,509,[BoundaryCondition],"{
  network_level: 4,
  knowledge_domain: 安装损失,
  importance: 0.5,
  name: Nozzle installation,
  description: Drag associated with the exhaust aft-end geometry and flow field.,
  subsystem: Exhaust,
  id: 168,
  physics_domain: GeneralPhysics
}"
621,[Equation],"{
  network_level: 3,
  knowledge_domain: 动力循环,
  importance: 0.6,
  name: Pressure-fed cycle,
  description: Liquid rocket engine cycles are classified into pressure-fed systems or pump-fed systems based on how propellants are pressurized.,
  subsystem: Cycle,
  id: 280,
  physics_domain: FluidDynamics
}",LIMITED_BY,536,[BoundaryCondition],"{
  network_level: 4,
  knowledge_domain: 流动状态,
  importance: 0.5,
  name: Mass flow maximum limit,
  description: When the Mach number at the throat reaches unity, the mass flow rate through the nozzle reaches its maximum possible value and is said to be choked.,
  subsystem: General,
  id: 195,
  physics_domain: FluidDynamics
}"
621,[Equation],"{
  network_level: 3,
  knowledge_domain: 动力循环,
  importance: 0.6,
  name: Pressure-fed cycle,
  description: Liquid rocket engine cycles are classified into pressure-fed systems or pump-fed systems based on how propellants are pressurized.,
  subsystem: Cycle,
  id: 280,
  physics_domain: FluidDynamics
}",LIMITED_BY,578,[BoundaryCondition],"{
  network_level: 4,
  knowledge_domain: 发动机特性,
  importance: 0.5,
  name: High Mach limit,
  description: For a given maximum turbine inlet temperature, the specific thrust of an ideal turbojet drops to zero at a specific upper flight Mach number limit.,
  subsystem: General,
  id: 237,
  physics_domain: FluidDynamics
}"
621,[Equation],"{
  network_level: 3,
  knowledge_domain: 动力循环,
  importance: 0.6,
  name: Pressure-fed cycle,
  description: Liquid rocket engine cycles are classified into pressure-fed systems or pump-fed systems based on how propellants are pressurized.,
  subsystem: Cycle,
  id: 280,
  physics_domain: FluidDynamics
}",LIMITED_BY,616,[BoundaryCondition],"{
  network_level: 4,
  knowledge_domain: 性能预测,
  importance: 0.5,
  name: Frozen flow and Equilibrium flow limits,
  description: The actual expansion process in a real rocket nozzle falls between the ideal frozen and shifting equilibrium bounds.,
  subsystem: General,
  id: 275,
  physics_domain: FluidDynamics
}"
621,[Equation],"{
  network_level: 3,
  knowledge_domain: 动力循环,
  importance: 0.6,
  name: Pressure-fed cycle,
  description: Liquid rocket engine cycles are classified into pressure-fed systems or pump-fed systems based on how propellants are pressurized.,
  subsystem: Cycle,
  id: 280,
  physics_domain: FluidDynamics
}",LIMITED_BY,619,[BoundaryCondition],"{
  network_level: 4,
  knowledge_domain: 结构与传热,
  importance: 0.5,
  name: Wall heat loss,
  description: The heat absorbed by the coolant is reintroduced into the combustion chamber, preventing a net thermodynamic energy loss.,
  subsystem: General,
  id: 278,
  physics_domain: Thermodynamics
}"
621,[Equation],"{
  network_level: 3,
  knowledge_domain: 动力循环,
  importance: 0.6,
  name: Pressure-fed cycle,
  description: Liquid rocket engine cycles are classified into pressure-fed systems or pump-fed systems based on how propellants are pressurized.,
  subsystem: Cycle,
  id: 280,
  physics_domain: FluidDynamics
}",LIMITED_BY,620,[BoundaryCondition],"{
  network_level: 4,
  knowledge_domain: 结构与传热,
  importance: 0.5,
  name: Cooling fluid boundary layer,
  description: Injecting a small portion of fuel or inert gas along the internal wall creates a protective film that shields the structure from high-temperature core gases.,
  subsystem: General,
  id: 279,
  physics_domain: GeneralPhysics
}"
621,[Equation],"{
  network_level: 3,
  knowledge_domain: 动力循环,
  importance: 0.6,
  name: Pressure-fed cycle,
  description: Liquid rocket engine cycles are classified into pressure-fed systems or pump-fed systems based on how propellants are pressurized.,
  subsystem: Cycle,
  id: 280,
  physics_domain: FluidDynamics
}",LIMITED_BY,627,[BoundaryCondition],"{
  network_level: 4,
  knowledge_domain: 真实循环分析,
  importance: 0.5,
  name: Component efficiencies and fluid losses,
  description: Real engine cycle analysis incorporates component efficiencies, pressure losses, mechanical losses, and bleeding to predict realistic performance.,
  subsystem: General,
  id: 286,
  physics_domain: GeneralPhysics
}"
621,[Equation],"{
  network_level: 3,
  knowledge_domain: 动力循环,
  importance: 0.6,
  name: Pressure-fed cycle,
  description: Liquid rocket engine cycles are classified into pressure-fed systems or pump-fed systems based on how propellants are pressurized.,
  subsystem: Cycle,
  id: 280,
  physics_domain: FluidDynamics
}",LIMITED_BY,628,[BoundaryCondition],"{
  network_level: 4,
  knowledge_domain: 真实循环分析,
  importance: 0.5,
  name: Viscous and shock losses,
  description: In real engines, component total pressure ratios (like pi_d, pi_b, pi_n) are less than 1.0 due to friction and shock waves.,
  subsystem: General,
  id: 287,
  physics_domain: GeneralPhysics
}"
621,[Equation],"{
  network_level: 3,
  knowledge_domain: 动力循环,
  importance: 0.6,
  name: Pressure-fed cycle,
  description: Liquid rocket engine cycles are classified into pressure-fed systems or pump-fed systems based on how propellants are pressurized.,
  subsystem: Cycle,
  id: 280,
  physics_domain: FluidDynamics
}",LIMITED_BY,630,[BoundaryCondition],"{
  network_level: 4,
  knowledge_domain: 涡喷循环,
  importance: 0.5,
  name: Component irreversibilities,
  description: Irreversibilities in the compressor and turbine increase entropy, directly decreasing the specific thrust and increasing the TSFC.,
  subsystem: General,
  id: 289,
  physics_domain: GeneralPhysics
}"
621,[Equation],"{
  network_level: 3,
  knowledge_domain: 动力循环,
  importance: 0.6,
  name: Pressure-fed cycle,
  description: Liquid rocket engine cycles are classified into pressure-fed systems or pump-fed systems based on how propellants are pressurized.,
  subsystem: Cycle,
  id: 280,
  physics_domain: FluidDynamics
}",LIMITED_BY,634,[BoundaryCondition],"{
  network_level: 4,
  knowledge_domain: 加力循环,
  importance: 0.5,
  name: High total pressure drop,
  description: Adding heat at a finite Mach number inside the afterburner duct causes a fundamental thermal total pressure drop (Rayleigh effect).,
  subsystem: General,
  id: 293,
  physics_domain: FluidDynamics
}"
621,[Equation],"{
  network_level: 3,
  knowledge_domain: 动力循环,
  importance: 0.6,
  name: Pressure-fed cycle,
  description: Liquid rocket engine cycles are classified into pressure-fed systems or pump-fed systems based on how propellants are pressurized.,
  subsystem: Cycle,
  id: 280,
  physics_domain: FluidDynamics
}",LIMITED_BY,639,[BoundaryCondition],"{
  network_level: 4,
  knowledge_domain: 部件匹配,
  importance: 0.5,
  name: Total pressure gain or loss,
  description: Aerodynamic mixing of streams with different total temperatures and velocities introduces viscous shearing losses, reducing overall total pressure.,
  subsystem: General,
  id: 298,
  physics_domain: FluidDynamics
}"
621,[Equation],"{
  network_level: 3,
  knowledge_domain: 动力循环,
  importance: 0.6,
  name: Pressure-fed cycle,
  description: Liquid rocket engine cycles are classified into pressure-fed systems or pump-fed systems based on how propellants are pressurized.,
  subsystem: Cycle,
  id: 280,
  physics_domain: FluidDynamics
}",LIMITED_BY,646,[BoundaryCondition],"{
  network_level: 4,
  knowledge_domain: 损失效应,
  importance: 0.5,
  name: Required turbine temperature drop,
  description: Extracting mechanical power from the shaft forces the turbine to work harder, which reduces the total enthalpy available for the exhaust jet.,
  subsystem: Expansion,
  id: 305,
  physics_domain: Thermodynamics
}"
621,[Equation],"{
  network_level: 3,
  knowledge_domain: 动力循环,
  importance: 0.6,
  name: Pressure-fed cycle,
  description: Liquid rocket engine cycles are classified into pressure-fed systems or pump-fed systems based on how propellants are pressurized.,
  subsystem: Cycle,
  id: 280,
  physics_domain: FluidDynamics
}",LIMITED_BY,658,[BoundaryCondition],"{
  network_level: 4,
  knowledge_domain: 发动机控制,
  importance: 0.5,
  name: Maximum turbine inlet temperature,
  description: Material thermal properties restrict the maximum allowable gas temperature entering the turbine blades (T_t4).,
  subsystem: Expansion,
  id: 317,
  physics_domain: Thermodynamics
}"
621,[Equation],"{
  network_level: 3,
  knowledge_domain: 动力循环,
  importance: 0.6,
  name: Pressure-fed cycle,
  description: Liquid rocket engine cycles are classified into pressure-fed systems or pump-fed systems based on how propellants are pressurized.,
  subsystem: Cycle,
  id: 280,
  physics_domain: FluidDynamics
}",LIMITED_BY,668,[BoundaryCondition],"{
  network_level: 4,
  knowledge_domain: CrossDomain,
  importance: 0.5,
  name: Choked flow condition,
  description: The throat choking criterion (Chapter 2) becomes the fundamental law regulating component mass flow matching in off-design operation (Chapter 8).,
  subsystem: General,
  id: 327,
  physics_domain: FluidDynamics
}"
621,[Equation],"{
  network_level: 3,
  knowledge_domain: 动力循环,
  importance: 0.6,
  name: Pressure-fed cycle,
  description: Liquid rocket engine cycles are classified into pressure-fed systems or pump-fed systems based on how propellants are pressurized.,
  subsystem: Cycle,
  id: 280,
  physics_domain: FluidDynamics
}",LIMITED_BY,670,[BoundaryCondition],"{
  network_level: 4,
  knowledge_domain: CrossDomain,
  importance: 0.5,
  name: Turbine material thermal limit,
  description: The metallurgical temperature limit of turbine blades (Chapter 5) establishes the boundary for the hot-day Theta_break control logic (Chapter 8).,
  subsystem: Expansion,
  id: 329,
  physics_domain: Materials
}"
621,[Equation],"{
  network_level: 3,
  knowledge_domain: 动力循环,
  importance: 0.6,
  name: Pressure-fed cycle,
  description: Liquid rocket engine cycles are classified into pressure-fed systems or pump-fed systems based on how propellants are pressurized.,
  subsystem: Cycle,
  id: 280,
  physics_domain: FluidDynamics
}",LIMITED_BY,671,[BoundaryCondition],"{
  network_level: 4,
  knowledge_domain: CrossDomain,
  importance: 0.5,
  name: Afterburner pressure drop,
  description: The fundamental thermal pressure drop in afterburners (Chapter 5 Rayleigh effect) severely penalizes the real augmented TSFC calculated in Chapter 7.,
  subsystem: Combustion,
  id: 330,
  physics_domain: FluidDynamics
}"
622,[Equation],"{
  network_level: 3,
  knowledge_domain: 动力循环,
  importance: 0.6,
  name: Expander cycle,
  description: A closed cycle where fuel is vaporized in the cooling jacket and then routes directly through the turbine to drive the pumps before entering the injector.,
  subsystem: Cycle,
  id: 281,
  physics_domain: GeneralPhysics
}",null,null,null,null
623,[Component],"{
  network_level: 1,
  knowledge_domain: 动力循环,
  importance: 1.0,
  name: Turbine inlet temperature,
  description: The gas generator must operate off-stoichiometric (extremely fuel-rich or oxidizer-rich) to prevent melting the turbine blades.,
  subsystem: Expansion,
  id: 282,
  physics_domain: Thermodynamics
}",AFFECTS,359,[Parameter],"{
  network_level: 2,
  knowledge_domain: 性能指标,
  importance: 0.8,
  name: Thermal efficiency,
  description: Thermal efficiency is the ratio of the rate of kinetic energy production to the thermal power input from fuel.,
  subsystem: General,
  id: 18,
  physics_domain: GeneralPhysics
}"
623,[Component],"{
  network_level: 1,
  knowledge_domain: 动力循环,
  importance: 1.0,
  name: Turbine inlet temperature,
  description: The gas generator must operate off-stoichiometric (extremely fuel-rich or oxidizer-rich) to prevent melting the turbine blades.,
  subsystem: Expansion,
  id: 282,
  physics_domain: Thermodynamics
}",AFFECTS,360,[Parameter],"{
  network_level: 2,
  knowledge_domain: 性能指标,
  importance: 0.8,
  name: Propulsive efficiency,
  description: Propulsive efficiency measures how effectively the engine's kinetic energy output is converted into aircraft propulsive power.,
  subsystem: General,
  id: 19,
  physics_domain: GeneralPhysics
}"
623,[Component],"{
  network_level: 1,
  knowledge_domain: 动力循环,
  importance: 1.0,
  name: Turbine inlet temperature,
  description: The gas generator must operate off-stoichiometric (extremely fuel-rich or oxidizer-rich) to prevent melting the turbine blades.,
  subsystem: Expansion,
  id: 282,
  physics_domain: Thermodynamics
}",AFFECTS,361,[Parameter],"{
  network_level: 2,
  knowledge_domain: 性能指标,
  importance: 0.8,
  name: Overall efficiency,
  description: The overall efficiency of a propulsion system is the product of its thermal and propulsive efficiencies.,
  subsystem: General,
  id: 20,
  physics_domain: GeneralPhysics
}"
623,[Component],"{
  network_level: 1,
  knowledge_domain: 动力循环,
  importance: 1.0,
  name: Turbine inlet temperature,
  description: The gas generator must operate off-stoichiometric (extremely fuel-rich or oxidizer-rich) to prevent melting the turbine blades.,
  subsystem: Expansion,
  id: 282,
  physics_domain: Thermodynamics
}",AFFECTS,436,[Parameter],"{
  network_level: 2,
  knowledge_domain: 效率理论,
  importance: 0.8,
  name: Polytropic efficiency,
  description: Polytropic efficiency (e_c for compressor, e_t for turbine) is defined as the isentropic efficiency of an elemental or infinitesimal stage.,
  subsystem: General,
  id: 95,
  physics_domain: GeneralPhysics
}"
623,[Component],"{
  network_level: 1,
  knowledge_domain: 动力循环,
  importance: 1.0,
  name: Turbine inlet temperature,
  description: The gas generator must operate off-stoichiometric (extremely fuel-rich or oxidizer-rich) to prevent melting the turbine blades.,
  subsystem: Expansion,
  id: 282,
  physics_domain: Thermodynamics
}",AFFECTS,456,[Parameter],"{
  network_level: 2,
  knowledge_domain: 燃烧损失,
  importance: 0.8,
  name: Combustion efficiency,
  description: Combustion efficiency is often expressed as the ratio of actual characteristic velocity (c*_actual) to the theoretical characteristic velocity (c*_theoretical).,
  subsystem: Combustion,
  id: 115,
  physics_domain: GeneralPhysics
}"
623,[Component],"{
  network_level: 1,
  knowledge_domain: 动力循环,
  importance: 1.0,
  name: Turbine inlet temperature,
  description: The gas generator must operate off-stoichiometric (extremely fuel-rich or oxidizer-rich) to prevent melting the turbine blades.,
  subsystem: Expansion,
  id: 282,
  physics_domain: Thermodynamics
}",AFFECTS,471,[Parameter],"{
  network_level: 2,
  knowledge_domain: 涡喷循环,
  importance: 0.8,
  name: Real turbojet efficiency,
  description: Irreversibilities in the compressor and turbine increase entropy, directly decreasing the specific thrust and increasing the TSFC.,
  subsystem: General,
  id: 130,
  physics_domain: GeneralPhysics
}"
623,[Component],"{
  network_level: 1,
  knowledge_domain: 动力循环,
  importance: 1.0,
  name: Turbine inlet temperature,
  description: The gas generator must operate off-stoichiometric (extremely fuel-rich or oxidizer-rich) to prevent melting the turbine blades.,
  subsystem: Expansion,
  id: 282,
  physics_domain: Thermodynamics
}",AFFECTS,477,[Parameter],"{
  network_level: 2,
  knowledge_domain: 部件匹配,
  importance: 0.8,
  name: Mixer efficiency,
  description: Aerodynamic mixing of streams with different total temperatures and velocities introduces viscous shearing losses, reducing overall total pressure.,
  subsystem: General,
  id: 136,
  physics_domain: GeneralPhysics
}"
623,[Component],"{
  network_level: 1,
  knowledge_domain: 动力循环,
  importance: 1.0,
  name: Turbine inlet temperature,
  description: The gas generator must operate off-stoichiometric (extremely fuel-rich or oxidizer-rich) to prevent melting the turbine blades.,
  subsystem: Expansion,
  id: 282,
  physics_domain: Thermodynamics
}",AFFECTS,480,[Parameter],"{
  network_level: 2,
  knowledge_domain: 性能指标,
  importance: 0.8,
  name: Propeller efficiency eta_prop,
  description: The efficiency with which the propeller converts the brake shaft horsepower into effective aircraft propulsive power.,
  subsystem: General,
  id: 139,
  physics_domain: GeneralPhysics
}"
623,[Component],"{
  network_level: 1,
  knowledge_domain: 动力循环,
  importance: 1.0,
  name: Turbine inlet temperature,
  description: The gas generator must operate off-stoichiometric (extremely fuel-rich or oxidizer-rich) to prevent melting the turbine blades.,
  subsystem: Expansion,
  id: 282,
  physics_domain: Thermodynamics
}",AFFECTS,514,[Parameter],"{
  network_level: 2,
  knowledge_domain: 性能指标,
  importance: 0.8,
  name: Thermal efficiency and Propulsive efficiency,
  description: The overall efficiency of a propulsion system is the product of its thermal and propulsive efficiencies.,
  subsystem: General,
  id: 173,
  physics_domain: GeneralPhysics
}"
623,[Component],"{
  network_level: 1,
  knowledge_domain: 动力循环,
  importance: 1.0,
  name: Turbine inlet temperature,
  description: The gas generator must operate off-stoichiometric (extremely fuel-rich or oxidizer-rich) to prevent melting the turbine blades.,
  subsystem: Expansion,
  id: 282,
  physics_domain: Thermodynamics
}",AFFECTS,590,[Parameter],"{
  network_level: 2,
  knowledge_domain: 压气机特性,
  importance: 0.8,
  name: Isentropic efficiency eta_c,
  description: The isentropic compressor efficiency eta_c is defined as the ratio of ideal (isentropic) work to the actual work required for a given total pressure ratio.,
  subsystem: General,
  id: 249,
  physics_domain: GeneralPhysics
}"
623,[Component],"{
  network_level: 1,
  knowledge_domain: 动力循环,
  importance: 1.0,
  name: Turbine inlet temperature,
  description: The gas generator must operate off-stoichiometric (extremely fuel-rich or oxidizer-rich) to prevent melting the turbine blades.,
  subsystem: Expansion,
  id: 282,
  physics_domain: Thermodynamics
}",AFFECTS,591,[Parameter],"{
  network_level: 2,
  knowledge_domain: 压气机特性,
  importance: 0.8,
  name: Isentropic efficiency and Total pressure ratio,
  description: tau_c = 1 + (pi_c^((gamma-1)/gamma) - 1) / eta_c, which links actual temperature rise to pressure ratio.,
  subsystem: General,
  id: 250,
  physics_domain: FluidDynamics
}"
623,[Component],"{
  network_level: 1,
  knowledge_domain: 动力循环,
  importance: 1.0,
  name: Turbine inlet temperature,
  description: The gas generator must operate off-stoichiometric (extremely fuel-rich or oxidizer-rich) to prevent melting the turbine blades.,
  subsystem: Expansion,
  id: 282,
  physics_domain: Thermodynamics
}",AFFECTS,592,[Parameter],"{
  network_level: 2,
  knowledge_domain: 效率理论,
  importance: 0.8,
  name: Isentropic efficiency of an infinitesimal stage,
  description: Polytropic efficiency (e_c for compressor, e_t for turbine) is defined as the isentropic efficiency of an elemental or infinitesimal stage.,
  subsystem: General,
  id: 251,
  physics_domain: GeneralPhysics
}"
623,[Component],"{
  network_level: 1,
  knowledge_domain: 动力循环,
  importance: 1.0,
  name: Turbine inlet temperature,
  description: The gas generator must operate off-stoichiometric (extremely fuel-rich or oxidizer-rich) to prevent melting the turbine blades.,
  subsystem: Expansion,
  id: 282,
  physics_domain: Thermodynamics
}",AFFECTS,594,[Parameter],"{
  network_level: 2,
  knowledge_domain: 涡轮特性,
  importance: 0.8,
  name: Isentropic efficiency eta_t,
  description: The isentropic turbine efficiency eta_t is defined as the ratio of actual work output to the ideal (isentropic) work output for a given total pressure ratio.,
  subsystem: General,
  id: 253,
  physics_domain: GeneralPhysics
}"
623,[Component],"{
  network_level: 1,
  knowledge_domain: 动力循环,
  importance: 1.0,
  name: Turbine inlet temperature,
  description: The gas generator must operate off-stoichiometric (extremely fuel-rich or oxidizer-rich) to prevent melting the turbine blades.,
  subsystem: Expansion,
  id: 282,
  physics_domain: Thermodynamics
}",AFFECTS,595,[Parameter],"{
  network_level: 2,
  knowledge_domain: 燃烧室特性,
  importance: 0.8,
  name: Combustion efficiency eta_b,
  description: Combustion efficiency eta_b is the ratio of the actual thermal energy released to the chemical energy available in the fuel.,
  subsystem: Combustion,
  id: 254,
  physics_domain: GeneralPhysics
}"
623,[Component],"{
  network_level: 1,
  knowledge_domain: 动力循环,
  importance: 1.0,
  name: Turbine inlet temperature,
  description: The gas generator must operate off-stoichiometric (extremely fuel-rich or oxidizer-rich) to prevent melting the turbine blades.,
  subsystem: Expansion,
  id: 282,
  physics_domain: Thermodynamics
}",AFFECTS,600,[Parameter],"{
  network_level: 2,
  knowledge_domain: 机械传动,
  importance: 0.8,
  name: Mechanical efficiency eta_m,
  description: Mechanical efficiency eta_m accounts for frictional power losses in bearings and accessory gearboxes connecting the turbine and compressor shafts.,
  subsystem: General,
  id: 259,
  physics_domain: GeneralPhysics
}"
624,[Parameter],"{
  network_level: 2,
  knowledge_domain: 动力循环,
  importance: 0.8,
  name: Higher chamber pressure,
  description: Because the turbine exhaust is injected into the main chamber rather than dumped at low pressure, it allows extremely high chamber pressures (P_c) and higher efficiency.,
  subsystem: General,
  id: 283,
  physics_domain: FluidDynamics
}",USED_IN,663,[Equation],"{
  network_level: 3,
  knowledge_domain: CrossDomain,
  importance: 0.6,
  name: Ideal Brayton cycle,
  description: The realistic engine cycle analysis (Chapter 7) modifies the ideal Brayton cycle (Chapter 4) by incorporating polytropic efficiencies and pressure drops (Chapter 5).,
  subsystem: Cycle,
  id: 322,
  physics_domain: GeneralPhysics
}"
625,[Component],"{
  network_level: 1,
  knowledge_domain: 系统匹配,
  importance: 1.0,
  name: Turbine power equals Pump power,
  description: In steady-state pump-fed cycles, the power produced by the turbine must equal the total mechanical power required to drive the oxidizer and fuel pumps.,
  subsystem: Expansion,
  id: 284,
  physics_domain: GeneralPhysics
}",AFFECTS,359,[Parameter],"{
  network_level: 2,
  knowledge_domain: 性能指标,
  importance: 0.8,
  name: Thermal efficiency,
  description: Thermal efficiency is the ratio of the rate of kinetic energy production to the thermal power input from fuel.,
  subsystem: General,
  id: 18,
  physics_domain: GeneralPhysics
}"
625,[Component],"{
  network_level: 1,
  knowledge_domain: 系统匹配,
  importance: 1.0,
  name: Turbine power equals Pump power,
  description: In steady-state pump-fed cycles, the power produced by the turbine must equal the total mechanical power required to drive the oxidizer and fuel pumps.,
  subsystem: Expansion,
  id: 284,
  physics_domain: GeneralPhysics
}",AFFECTS,360,[Parameter],"{
  network_level: 2,
  knowledge_domain: 性能指标,
  importance: 0.8,
  name: Propulsive efficiency,
  description: Propulsive efficiency measures how effectively the engine's kinetic energy output is converted into aircraft propulsive power.,
  subsystem: General,
  id: 19,
  physics_domain: GeneralPhysics
}"
625,[Component],"{
  network_level: 1,
  knowledge_domain: 系统匹配,
  importance: 1.0,
  name: Turbine power equals Pump power,
  description: In steady-state pump-fed cycles, the power produced by the turbine must equal the total mechanical power required to drive the oxidizer and fuel pumps.,
  subsystem: Expansion,
  id: 284,
  physics_domain: GeneralPhysics
}",AFFECTS,361,[Parameter],"{
  network_level: 2,
  knowledge_domain: 性能指标,
  importance: 0.8,
  name: Overall efficiency,
  description: The overall efficiency of a propulsion system is the product of its thermal and propulsive efficiencies.,
  subsystem: General,
  id: 20,
  physics_domain: GeneralPhysics
}"
625,[Component],"{
  network_level: 1,
  knowledge_domain: 系统匹配,
  importance: 1.0,
  name: Turbine power equals Pump power,
  description: In steady-state pump-fed cycles, the power produced by the turbine must equal the total mechanical power required to drive the oxidizer and fuel pumps.,
  subsystem: Expansion,
  id: 284,
  physics_domain: GeneralPhysics
}",AFFECTS,436,[Parameter],"{
  network_level: 2,
  knowledge_domain: 效率理论,
  importance: 0.8,
  name: Polytropic efficiency,
  description: Polytropic efficiency (e_c for compressor, e_t for turbine) is defined as the isentropic efficiency of an elemental or infinitesimal stage.,
  subsystem: General,
  id: 95,
  physics_domain: GeneralPhysics
}"
625,[Component],"{
  network_level: 1,
  knowledge_domain: 系统匹配,
  importance: 1.0,
  name: Turbine power equals Pump power,
  description: In steady-state pump-fed cycles, the power produced by the turbine must equal the total mechanical power required to drive the oxidizer and fuel pumps.,
  subsystem: Expansion,
  id: 284,
  physics_domain: GeneralPhysics
}",AFFECTS,456,[Parameter],"{
  network_level: 2,
  knowledge_domain: 燃烧损失,
  importance: 0.8,
  name: Combustion efficiency,
  description: Combustion efficiency is often expressed as the ratio of actual characteristic velocity (c*_actual) to the theoretical characteristic velocity (c*_theoretical).,
  subsystem: Combustion,
  id: 115,
  physics_domain: GeneralPhysics
}"
625,[Component],"{
  network_level: 1,
  knowledge_domain: 系统匹配,
  importance: 1.0,
  name: Turbine power equals Pump power,
  description: In steady-state pump-fed cycles, the power produced by the turbine must equal the total mechanical power required to drive the oxidizer and fuel pumps.,
  subsystem: Expansion,
  id: 284,
  physics_domain: GeneralPhysics
}",AFFECTS,471,[Parameter],"{
  network_level: 2,
  knowledge_domain: 涡喷循环,
  importance: 0.8,
  name: Real turbojet efficiency,
  description: Irreversibilities in the compressor and turbine increase entropy, directly decreasing the specific thrust and increasing the TSFC.,
  subsystem: General,
  id: 130,
  physics_domain: GeneralPhysics
}"
625,[Component],"{
  network_level: 1,
  knowledge_domain: 系统匹配,
  importance: 1.0,
  name: Turbine power equals Pump power,
  description: In steady-state pump-fed cycles, the power produced by the turbine must equal the total mechanical power required to drive the oxidizer and fuel pumps.,
  subsystem: Expansion,
  id: 284,
  physics_domain: GeneralPhysics
}",AFFECTS,477,[Parameter],"{
  network_level: 2,
  knowledge_domain: 部件匹配,
  importance: 0.8,
  name: Mixer efficiency,
  description: Aerodynamic mixing of streams with different total temperatures and velocities introduces viscous shearing losses, reducing overall total pressure.,
  subsystem: General,
  id: 136,
  physics_domain: GeneralPhysics
}"
625,[Component],"{
  network_level: 1,
  knowledge_domain: 系统匹配,
  importance: 1.0,
  name: Turbine power equals Pump power,
  description: In steady-state pump-fed cycles, the power produced by the turbine must equal the total mechanical power required to drive the oxidizer and fuel pumps.,
  subsystem: Expansion,
  id: 284,
  physics_domain: GeneralPhysics
}",AFFECTS,480,[Parameter],"{
  network_level: 2,
  knowledge_domain: 性能指标,
  importance: 0.8,
  name: Propeller efficiency eta_prop,
  description: The efficiency with which the propeller converts the brake shaft horsepower into effective aircraft propulsive power.,
  subsystem: General,
  id: 139,
  physics_domain: GeneralPhysics
}"
625,[Component],"{
  network_level: 1,
  knowledge_domain: 系统匹配,
  importance: 1.0,
  name: Turbine power equals Pump power,
  description: In steady-state pump-fed cycles, the power produced by the turbine must equal the total mechanical power required to drive the oxidizer and fuel pumps.,
  subsystem: Expansion,
  id: 284,
  physics_domain: GeneralPhysics
}",AFFECTS,514,[Parameter],"{
  network_level: 2,
  knowledge_domain: 性能指标,
  importance: 0.8,
  name: Thermal efficiency and Propulsive efficiency,
  description: The overall efficiency of a propulsion system is the product of its thermal and propulsive efficiencies.,
  subsystem: General,
  id: 173,
  physics_domain: GeneralPhysics
}"
625,[Component],"{
  network_level: 1,
  knowledge_domain: 系统匹配,
  importance: 1.0,
  name: Turbine power equals Pump power,
  description: In steady-state pump-fed cycles, the power produced by the turbine must equal the total mechanical power required to drive the oxidizer and fuel pumps.,
  subsystem: Expansion,
  id: 284,
  physics_domain: GeneralPhysics
}",AFFECTS,590,[Parameter],"{
  network_level: 2,
  knowledge_domain: 压气机特性,
  importance: 0.8,
  name: Isentropic efficiency eta_c,
  description: The isentropic compressor efficiency eta_c is defined as the ratio of ideal (isentropic) work to the actual work required for a given total pressure ratio.,
  subsystem: General,
  id: 249,
  physics_domain: GeneralPhysics
}"
625,[Component],"{
  network_level: 1,
  knowledge_domain: 系统匹配,
  importance: 1.0,
  name: Turbine power equals Pump power,
  description: In steady-state pump-fed cycles, the power produced by the turbine must equal the total mechanical power required to drive the oxidizer and fuel pumps.,
  subsystem: Expansion,
  id: 284,
  physics_domain: GeneralPhysics
}",AFFECTS,591,[Parameter],"{
  network_level: 2,
  knowledge_domain: 压气机特性,
  importance: 0.8,
  name: Isentropic efficiency and Total pressure ratio,
  description: tau_c = 1 + (pi_c^((gamma-1)/gamma) - 1) / eta_c, which links actual temperature rise to pressure ratio.,
  subsystem: General,
  id: 250,
  physics_domain: FluidDynamics
}"
625,[Component],"{
  network_level: 1,
  knowledge_domain: 系统匹配,
  importance: 1.0,
  name: Turbine power equals Pump power,
  description: In steady-state pump-fed cycles, the power produced by the turbine must equal the total mechanical power required to drive the oxidizer and fuel pumps.,
  subsystem: Expansion,
  id: 284,
  physics_domain: GeneralPhysics
}",AFFECTS,592,[Parameter],"{
  network_level: 2,
  knowledge_domain: 效率理论,
  importance: 0.8,
  name: Isentropic efficiency of an infinitesimal stage,
  description: Polytropic efficiency (e_c for compressor, e_t for turbine) is defined as the isentropic efficiency of an elemental or infinitesimal stage.,
  subsystem: General,
  id: 251,
  physics_domain: GeneralPhysics
}"
625,[Component],"{
  network_level: 1,
  knowledge_domain: 系统匹配,
  importance: 1.0,
  name: Turbine power equals Pump power,
  description: In steady-state pump-fed cycles, the power produced by the turbine must equal the total mechanical power required to drive the oxidizer and fuel pumps.,
  subsystem: Expansion,
  id: 284,
  physics_domain: GeneralPhysics
}",AFFECTS,594,[Parameter],"{
  network_level: 2,
  knowledge_domain: 涡轮特性,
  importance: 0.8,
  name: Isentropic efficiency eta_t,
  description: The isentropic turbine efficiency eta_t is defined as the ratio of actual work output to the ideal (isentropic) work output for a given total pressure ratio.,
  subsystem: General,
  id: 253,
  physics_domain: GeneralPhysics
}"
625,[Component],"{
  network_level: 1,
  knowledge_domain: 系统匹配,
  importance: 1.0,
  name: Turbine power equals Pump power,
  description: In steady-state pump-fed cycles, the power produced by the turbine must equal the total mechanical power required to drive the oxidizer and fuel pumps.,
  subsystem: Expansion,
  id: 284,
  physics_domain: GeneralPhysics
}",AFFECTS,595,[Parameter],"{
  network_level: 2,
  knowledge_domain: 燃烧室特性,
  importance: 0.8,
  name: Combustion efficiency eta_b,
  description: Combustion efficiency eta_b is the ratio of the actual thermal energy released to the chemical energy available in the fuel.,
  subsystem: Combustion,
  id: 254,
  physics_domain: GeneralPhysics
}"
625,[Component],"{
  network_level: 1,
  knowledge_domain: 系统匹配,
  importance: 1.0,
  name: Turbine power equals Pump power,
  description: In steady-state pump-fed cycles, the power produced by the turbine must equal the total mechanical power required to drive the oxidizer and fuel pumps.,
  subsystem: Expansion,
  id: 284,
  physics_domain: GeneralPhysics
}",AFFECTS,600,[Parameter],"{
  network_level: 2,
  knowledge_domain: 机械传动,
  importance: 0.8,
  name: Mechanical efficiency eta_m,
  description: Mechanical efficiency eta_m accounts for frictional power losses in bearings and accessory gearboxes connecting the turbine and compressor shafts.,
  subsystem: General,
  id: 259,
  physics_domain: GeneralPhysics
}"
626,[Parameter],"{
  network_level: 2,
  knowledge_domain: 系统匹配,
  importance: 0.8,
  name: Volumetric flow rate and Pressure rise,
  description: The required shaft power for a propellant pump is proportional to the mass flow rate and pressure rise, divided by the pump efficiency (eta_p).,
  subsystem: General,
  id: 285,
  physics_domain: FluidDynamics
}",USED_IN,663,[Equation],"{
  network_level: 3,
  knowledge_domain: CrossDomain,
  importance: 0.6,
  name: Ideal Brayton cycle,
  description: The realistic engine cycle analysis (Chapter 7) modifies the ideal Brayton cycle (Chapter 4) by incorporating polytropic efficiencies and pressure drops (Chapter 5).,
  subsystem: Cycle,
  id: 322,
  physics_domain: GeneralPhysics
}"
627,[BoundaryCondition],"{
  network_level: 4,
  knowledge_domain: 真实循环分析,
  importance: 0.5,
  name: Component efficiencies and fluid losses,
  description: Real engine cycle analysis incorporates component efficiencies, pressure losses, mechanical losses, and bleeding to predict realistic performance.,
  subsystem: General,
  id: 286,
  physics_domain: GeneralPhysics
}",null,null,null,null
628,[BoundaryCondition],"{
  network_level: 4,
  knowledge_domain: 真实循环分析,
  importance: 0.5,
  name: Viscous and shock losses,
  description: In real engines, component total pressure ratios (like pi_d, pi_b, pi_n) are less than 1.0 due to friction and shock waves.,
  subsystem: General,
  id: 287,
  physics_domain: GeneralPhysics
}",null,null,null,null
629,[Parameter],"{
  network_level: 2,
  knowledge_domain: 涡喷循环,
  importance: 0.8,
  name: Real exit velocity and pressure,
  description: The net thrust of a real turbojet must account for exit velocity variations caused by nozzle efficiency (eta_n) and incomplete expansion.,
  subsystem: General,
  id: 288,
  physics_domain: FluidDynamics
}",USED_IN,663,[Equation],"{
  network_level: 3,
  knowledge_domain: CrossDomain,
  importance: 0.6,
  name: Ideal Brayton cycle,
  description: The realistic engine cycle analysis (Chapter 7) modifies the ideal Brayton cycle (Chapter 4) by incorporating polytropic efficiencies and pressure drops (Chapter 5).,
  subsystem: Cycle,
  id: 322,
  physics_domain: GeneralPhysics
}"
630,[BoundaryCondition],"{
  network_level: 4,
  knowledge_domain: 涡喷循环,
  importance: 0.5,
  name: Component irreversibilities,
  description: Irreversibilities in the compressor and turbine increase entropy, directly decreasing the specific thrust and increasing the TSFC.,
  subsystem: General,
  id: 289,
  physics_domain: GeneralPhysics
}",null,null,null,null
631,[Equation],"{
  network_level: 3,
  knowledge_domain: 性能匹配,
  importance: 0.6,
  name: Compressor power balance,
  description: In a real turbojet, the turbine temperature drop is determined by the actual power required to drive the compressor: tau_t = 1 - (tau_lambda / tau_r) * (tau_c - 1) / (eta_m * (1 + f)).,
  subsystem: Compression,
  id: 290,
  physics_domain: GeneralPhysics
}",null,null,null,null
632,[Equation],"{
  network_level: 3,
  knowledge_domain: 性能匹配,
  importance: 0.6,
  name: Combustor energy balance,
  description: The actual fuel-air ratio f accounts for combustor efficiency eta_b and variable specific heats across the burner.,
  subsystem: Combustion,
  id: 291,
  physics_domain: GeneralPhysics
}",null,null,null,null
633,[Parameter],"{
  network_level: 2,
  knowledge_domain: 加力循环,
  importance: 0.8,
  name: Additional fuel injection,
  description: The afterburner burns remaining oxygen in the turbine exhaust gas, but its efficiency (eta_AB) is lower than the main combustor.,
  subsystem: General,
  id: 292,
  physics_domain: GeneralPhysics
}",null,null,null,null
634,[BoundaryCondition],"{
  network_level: 4,
  knowledge_domain: 加力循环,
  importance: 0.5,
  name: High total pressure drop,
  description: Adding heat at a finite Mach number inside the afterburner duct causes a fundamental thermal total pressure drop (Rayleigh effect).,
  subsystem: General,
  id: 293,
  physics_domain: FluidDynamics
}",null,null,null,null
635,[Parameter],"{
  network_level: 2,
  knowledge_domain: 涡扇循环,
  importance: 0.8,
  name: Core stream and Bypass stream,
  description: Real turbofan cycle analysis must track the independent losses and state changes in both the core and the fan bypass duct.,
  subsystem: General,
  id: 294,
  physics_domain: GeneralPhysics
}",null,null,null,null
636,[Parameter],"{
  network_level: 2,
  knowledge_domain: 涡扇循环,
  importance: 0.8,
  name: Unmixed turbofan,
  description: An engine configuration where the core and bypass streams exhaust through separate independent nozzles.,
  subsystem: General,
  id: 295,
  physics_domain: GeneralPhysics
}",null,null,null,null
637,[Parameter],"{
  network_level: 2,
  knowledge_domain: 涡扇循环,
  importance: 0.8,
  name: Mixed-flow turbofan,
  description: An engine configuration where the core and bypass streams mix in a common mixer component before expanding through a single nozzle.,
  subsystem: General,
  id: 296,
  physics_domain: FluidDynamics
}",null,null,null,null
638,[Component],"{
  network_level: 1,
  knowledge_domain: 部件匹配,
  importance: 1.0,
  name: Equal static pressures at inlet,
  description: For proper aerodynamic mixing, the core and bypass streams must enter the mixer at substantially equal static pressures (P_5 = P_15).,
  subsystem: General,
  id: 297,
  physics_domain: FluidDynamics
}",null,null,null,null
639,[BoundaryCondition],"{
  network_level: 4,
  knowledge_domain: 部件匹配,
  importance: 0.5,
  name: Total pressure gain or loss,
  description: Aerodynamic mixing of streams with different total temperatures and velocities introduces viscous shearing losses, reducing overall total pressure.,
  subsystem: General,
  id: 298,
  physics_domain: FluidDynamics
}",null,null,null,null
640,[Parameter],"{
  network_level: 2,
  knowledge_domain: 性能优化,
  importance: 0.8,
  name: Component efficiencies,
  description: Lower component efficiencies (like lower fan or turbine efficiency) shift the optimum bypass ratio (alpha) toward lower values compared to ideal cycles.,
  subsystem: General,
  id: 299,
  physics_domain: GeneralPhysics
}",null,null,null,null
641,[Parameter],"{
  network_level: 2,
  knowledge_domain: 性能优化,
  importance: 0.8,
  name: Specific thrust of turbofan,
  description: There is a distinct optimum fan pressure ratio (pi_f) that maximizes specific thrust or minimizes TSFC for a given bypass ratio and core technology.,
  subsystem: General,
  id: 300,
  physics_domain: GeneralPhysics
}",null,null,null,null
642,[Parameter],"{
  network_level: 2,
  knowledge_domain: 涡桨循环,
  importance: 0.8,
  name: Shaft power and Residual thrust,
  description: A real turboprop splits the available turbine energy into shaft power to drive the propeller and a small amount of jet thrust from the exhaust.,
  subsystem: General,
  id: 301,
  physics_domain: GeneralPhysics
}",null,null,null,null
643,[Parameter],"{
  network_level: 2,
  knowledge_domain: 性能指标,
  importance: 0.8,
  name: Shaft power conversion to thrust,
  description: The efficiency with which the propeller converts the brake shaft horsepower into effective aircraft propulsive power.,
  subsystem: General,
  id: 302,
  physics_domain: GeneralPhysics
}",null,null,null,null
644,[Parameter],"{
  network_level: 2,
  knowledge_domain: 性能指标,
  importance: 0.8,
  name: Fuel flow divided by Equivalent thrust,
  description: For turboprops, ESFC (or S_e) combines the propeller shaft power and residual jet thrust into a single performance parameter.,
  subsystem: General,
  id: 303,
  physics_domain: FluidDynamics
}",null,null,null,null
645,[Component],"{
  network_level: 1,
  knowledge_domain: 性能优化,
  importance: 1.0,
  name: Optimum nozzle pressure ratio,
  description: There is an optimum balance between how much expansion occurs in the turbine (for shaft power) versus the exhaust nozzle (for jet thrust) to maximize total equivalent thrust.,
  subsystem: Exhaust,
  id: 304,
  physics_domain: FluidDynamics
}",null,null,null,null
646,[BoundaryCondition],"{
  network_level: 4,
  knowledge_domain: 损失效应,
  importance: 0.5,
  name: Required turbine temperature drop,
  description: Extracting mechanical power from the shaft forces the turbine to work harder, which reduces the total enthalpy available for the exhaust jet.,
  subsystem: Expansion,
  id: 305,
  physics_domain: Thermodynamics
}",null,null,null,null
647,[Component],"{
  network_level: 1,
  knowledge_domain: 性能预测,
  importance: 1.0,
  name: Predict performance of a fixed engine,
  description: Engine performance analysis (or off-design analysis) predicts the performance of a specific engine across various flight conditions and throttle settings.,
  subsystem: General,
  id: 306,
  physics_domain: GeneralPhysics
}",null,null,null,null
648,[Parameter],"{
  network_level: 2,
  knowledge_domain: 运行约束,
  importance: 0.8,
  name: Component flow areas,
  description: For a built engine, the physical throat areas of turbines and nozzles are geometrically fixed, which locks the aerodynamic coupling.,
  subsystem: General,
  id: 307,
  physics_domain: FluidDynamics
}",null,null,null,null
649,[Parameter],"{
  network_level: 2,
  knowledge_domain: 相似准则,
  importance: 0.8,
  name: Mass flow scaled by dimensionless temperature and pressure,
  description: Corrected mass flow rate m_dot_c is defined as m_dot * sqrt(theta) / delta, allowing data from different conditions to be collapsed onto a single curve.,
  subsystem: General,
  id: 308,
  physics_domain: FluidDynamics
}",USED_IN,416,[Equation],"{
  network_level: 3,
  knowledge_domain: 参数循环分析,
  importance: 0.6,
  name: Parametric cycle analysis,
  description: The objective of parametric cycle analysis is to relate the engine performance parameters to the design choices and the flight environment.,
  subsystem: Cycle,
  id: 75,
  physics_domain: GeneralPhysics
}"
649,[Parameter],"{
  network_level: 2,
  knowledge_domain: 相似准则,
  importance: 0.8,
  name: Mass flow scaled by dimensionless temperature and pressure,
  description: Corrected mass flow rate m_dot_c is defined as m_dot * sqrt(theta) / delta, allowing data from different conditions to be collapsed onto a single curve.,
  subsystem: General,
  id: 308,
  physics_domain: FluidDynamics
}",USED_IN,418,[Equation],"{
  network_level: 3,
  knowledge_domain: 循环假设,
  importance: 0.6,
  name: Ideal cycle analysis,
  description: Ideal cycle analysis assumes that the compression and expansion processes are reversible and adiabatic (isentropic).,
  subsystem: Cycle,
  id: 77,
  physics_domain: GeneralPhysics
}"
649,[Parameter],"{
  network_level: 2,
  knowledge_domain: 相似准则,
  importance: 0.8,
  name: Mass flow scaled by dimensionless temperature and pressure,
  description: Corrected mass flow rate m_dot_c is defined as m_dot * sqrt(theta) / delta, allowing data from different conditions to be collapsed onto a single curve.,
  subsystem: General,
  id: 308,
  physics_domain: FluidDynamics
}",USED_IN,463,[Equation],"{
  network_level: 3,
  knowledge_domain: 动力循环,
  importance: 0.6,
  name: Liquid rocket cycle,
  description: Liquid rocket engine cycles are classified into pressure-fed systems or pump-fed systems based on how propellants are pressurized.,
  subsystem: Cycle,
  id: 122,
  physics_domain: GeneralPhysics
}"
649,[Parameter],"{
  network_level: 2,
  knowledge_domain: 相似准则,
  importance: 0.8,
  name: Mass flow scaled by dimensionless temperature and pressure,
  description: Corrected mass flow rate m_dot_c is defined as m_dot * sqrt(theta) / delta, allowing data from different conditions to be collapsed onto a single curve.,
  subsystem: General,
  id: 308,
  physics_domain: FluidDynamics
}",USED_IN,464,[Equation],"{
  network_level: 3,
  knowledge_domain: 动力循环,
  importance: 0.6,
  name: Pump-fed cycle,
  description: A pump-fed open cycle where a fraction of the propellant is burned in a separate combustor to drive the turbine and is then exhausted overboard.,
  subsystem: Cycle,
  id: 123,
  physics_domain: GeneralPhysics
}"
649,[Parameter],"{
  network_level: 2,
  knowledge_domain: 相似准则,
  importance: 0.8,
  name: Mass flow scaled by dimensionless temperature and pressure,
  description: Corrected mass flow rate m_dot_c is defined as m_dot * sqrt(theta) / delta, allowing data from different conditions to be collapsed onto a single curve.,
  subsystem: General,
  id: 308,
  physics_domain: FluidDynamics
}",USED_IN,465,[Equation],"{
  network_level: 3,
  knowledge_domain: 动力循环,
  importance: 0.6,
  name: Gas-generator cycle,
  description: The gas generator must operate off-stoichiometric (extremely fuel-rich or oxidizer-rich) to prevent melting the turbine blades.,
  subsystem: Cycle,
  id: 124,
  physics_domain: GeneralPhysics
}"
649,[Parameter],"{
  network_level: 2,
  knowledge_domain: 相似准则,
  importance: 0.8,
  name: Mass flow scaled by dimensionless temperature and pressure,
  description: Corrected mass flow rate m_dot_c is defined as m_dot * sqrt(theta) / delta, allowing data from different conditions to be collapsed onto a single curve.,
  subsystem: General,
  id: 308,
  physics_domain: FluidDynamics
}",USED_IN,466,[Equation],"{
  network_level: 3,
  knowledge_domain: 动力循环,
  importance: 0.6,
  name: Staged combustion cycle,
  description: Because the turbine exhaust is injected into the main chamber rather than dumped at low pressure, it allows extremely high chamber pressures (P_c) and higher efficiency.,
  subsystem: Combustion,
  id: 125,
  physics_domain: GeneralPhysics
}"
649,[Parameter],"{
  network_level: 2,
  knowledge_domain: 相似准则,
  importance: 0.8,
  name: Mass flow scaled by dimensionless temperature and pressure,
  description: Corrected mass flow rate m_dot_c is defined as m_dot * sqrt(theta) / delta, allowing data from different conditions to be collapsed onto a single curve.,
  subsystem: General,
  id: 308,
  physics_domain: FluidDynamics
}",USED_IN,469,[Equation],"{
  network_level: 3,
  knowledge_domain: 真实循环分析,
  importance: 0.6,
  name: Real cycle analysis,
  description: Real engine cycle analysis incorporates component efficiencies, pressure losses, mechanical losses, and bleeding to predict realistic performance.,
  subsystem: Cycle,
  id: 128,
  physics_domain: GeneralPhysics
}"
649,[Parameter],"{
  network_level: 2,
  knowledge_domain: 相似准则,
  importance: 0.8,
  name: Mass flow scaled by dimensionless temperature and pressure,
  description: Corrected mass flow rate m_dot_c is defined as m_dot * sqrt(theta) / delta, allowing data from different conditions to be collapsed onto a single curve.,
  subsystem: General,
  id: 308,
  physics_domain: FluidDynamics
}",USED_IN,621,[Equation],"{
  network_level: 3,
  knowledge_domain: 动力循环,
  importance: 0.6,
  name: Pressure-fed cycle,
  description: Liquid rocket engine cycles are classified into pressure-fed systems or pump-fed systems based on how propellants are pressurized.,
  subsystem: Cycle,
  id: 280,
  physics_domain: FluidDynamics
}"
649,[Parameter],"{
  network_level: 2,
  knowledge_domain: 相似准则,
  importance: 0.8,
  name: Mass flow scaled by dimensionless temperature and pressure,
  description: Corrected mass flow rate m_dot_c is defined as m_dot * sqrt(theta) / delta, allowing data from different conditions to be collapsed onto a single curve.,
  subsystem: General,
  id: 308,
  physics_domain: FluidDynamics
}",USED_IN,622,[Equation],"{
  network_level: 3,
  knowledge_domain: 动力循环,
  importance: 0.6,
  name: Expander cycle,
  description: A closed cycle where fuel is vaporized in the cooling jacket and then routes directly through the turbine to drive the pumps before entering the injector.,
  subsystem: Cycle,
  id: 281,
  physics_domain: GeneralPhysics
}"
649,[Parameter],"{
  network_level: 2,
  knowledge_domain: 相似准则,
  importance: 0.8,
  name: Mass flow scaled by dimensionless temperature and pressure,
  description: Corrected mass flow rate m_dot_c is defined as m_dot * sqrt(theta) / delta, allowing data from different conditions to be collapsed onto a single curve.,
  subsystem: General,
  id: 308,
  physics_domain: FluidDynamics
}",USED_IN,663,[Equation],"{
  network_level: 3,
  knowledge_domain: CrossDomain,
  importance: 0.6,
  name: Ideal Brayton cycle,
  description: The realistic engine cycle analysis (Chapter 7) modifies the ideal Brayton cycle (Chapter 4) by incorporating polytropic efficiencies and pressure drops (Chapter 5).,
  subsystem: Cycle,
  id: 322,
  physics_domain: GeneralPhysics
}"
650,[Parameter],"{
  network_level: 2,
  knowledge_domain: 相似准则,
  importance: 0.8,
  name: Physical rotational speed divided by square root of theta,
  description: N_c = N / sqrt(theta). It relates the blade tip Mach number to the aerodynamic performance of turbomachinery.,
  subsystem: General,
  id: 309,
  physics_domain: GeneralPhysics
}",null,null,null,null
651,[Equation],"{
  network_level: 3,
  knowledge_domain: 整机匹配,
  importance: 0.6,
  name: Continuity of mass and power balance,
  description: Steady-state off-design operation requires that the mass flow entering a component matches downstream constraints, and the turbine power balances the compressor power.,
  subsystem: General,
  id: 310,
  physics_domain: GeneralPhysics
}",null,null,null,null
652,[Component],"{
  network_level: 1,
  knowledge_domain: 整机匹配,
  importance: 1.0,
  name: Upstream compressor operating point,
  description: If the high-pressure turbine nozzle guides are choked, the corrected mass flow exiting the compressor remains essentially constant, creating a fixed pumping constraint.,
  subsystem: Compression,
  id: 311,
  physics_domain: GeneralPhysics
}",AFFECTS,378,[Parameter],"{
  network_level: 2,
  knowledge_domain: 热力学属性,
  importance: 0.8,
  name: Stagnation pressure,
  description: Stagnation pressure (or total pressure) P_t is the pressure attained when a fluid is brought to rest isentropically.,
  subsystem: General,
  id: 37,
  physics_domain: FluidDynamics
}"
652,[Component],"{
  network_level: 1,
  knowledge_domain: 整机匹配,
  importance: 1.0,
  name: Upstream compressor operating point,
  description: If the high-pressure turbine nozzle guides are choked, the corrected mass flow exiting the compressor remains essentially constant, creating a fixed pumping constraint.,
  subsystem: Compression,
  id: 311,
  physics_domain: GeneralPhysics
}",AFFECTS,393,[Parameter],"{
  network_level: 2,
  knowledge_domain: 性能指标,
  importance: 0.8,
  name: Pressure thrust,
  description: The component of thrust due to the difference between exit pressure and ambient pressure ((P_e - P_a) * A_e).,
  subsystem: General,
  id: 52,
  physics_domain: FluidDynamics
}"
652,[Component],"{
  network_level: 1,
  knowledge_domain: 整机匹配,
  importance: 1.0,
  name: Upstream compressor operating point,
  description: If the high-pressure turbine nozzle guides are choked, the corrected mass flow exiting the compressor remains essentially constant, creating a fixed pumping constraint.,
  subsystem: Compression,
  id: 311,
  physics_domain: GeneralPhysics
}",AFFECTS,420,[Parameter],"{
  network_level: 2,
  knowledge_domain: 热力学参数,
  importance: 0.8,
  name: Total pressure ratio pi,
  description: The dimensionless parameter pi represents the ratio of stagnation pressures across a component.,
  subsystem: General,
  id: 79,
  physics_domain: FluidDynamics
}"
652,[Component],"{
  network_level: 1,
  knowledge_domain: 整机匹配,
  importance: 1.0,
  name: Upstream compressor operating point,
  description: If the high-pressure turbine nozzle guides are choked, the corrected mass flow exiting the compressor remains essentially constant, creating a fixed pumping constraint.,
  subsystem: Compression,
  id: 311,
  physics_domain: GeneralPhysics
}",AFFECTS,451,[Parameter],"{
  network_level: 2,
  knowledge_domain: 推力室特性,
  importance: 0.8,
  name: Combustion chamber pressure,
  description: Due to high-velocity combustion and friction inside the chamber, the total pressure drops from the injector head to the nozzle throat entrance.,
  subsystem: Combustion,
  id: 110,
  physics_domain: FluidDynamics
}"
652,[Component],"{
  network_level: 1,
  knowledge_domain: 整机匹配,
  importance: 1.0,
  name: Upstream compressor operating point,
  description: If the high-pressure turbine nozzle guides are choked, the corrected mass flow exiting the compressor remains essentially constant, creating a fixed pumping constraint.,
  subsystem: Compression,
  id: 311,
  physics_domain: GeneralPhysics
}",AFFECTS,476,[Parameter],"{
  network_level: 2,
  knowledge_domain: 部件匹配,
  importance: 0.8,
  name: Constant-pressure mixer,
  description: For proper aerodynamic mixing, the core and bypass streams must enter the mixer at substantially equal static pressures (P_5 = P_15).,
  subsystem: General,
  id: 135,
  physics_domain: FluidDynamics
}"
652,[Component],"{
  network_level: 1,
  knowledge_domain: 整机匹配,
  importance: 1.0,
  name: Upstream compressor operating point,
  description: If the high-pressure turbine nozzle guides are choked, the corrected mass flow exiting the compressor remains essentially constant, creating a fixed pumping constraint.,
  subsystem: Compression,
  id: 311,
  physics_domain: GeneralPhysics
}",AFFECTS,478,[Parameter],"{
  network_level: 2,
  knowledge_domain: 性能优化,
  importance: 0.8,
  name: Optimum fan pressure ratio,
  description: There is a distinct optimum fan pressure ratio (pi_f) that maximizes specific thrust or minimizes TSFC for a given bypass ratio and core technology.,
  subsystem: General,
  id: 137,
  physics_domain: FluidDynamics
}"
652,[Component],"{
  network_level: 1,
  knowledge_domain: 整机匹配,
  importance: 1.0,
  name: Upstream compressor operating point,
  description: If the high-pressure turbine nozzle guides are choked, the corrected mass flow exiting the compressor remains essentially constant, creating a fixed pumping constraint.,
  subsystem: Compression,
  id: 311,
  physics_domain: GeneralPhysics
}",AFFECTS,532,[Parameter],"{
  network_level: 2,
  knowledge_domain: 热力学属性,
  importance: 0.8,
  name: Pressure at zero velocity isentropically,
  description: Stagnation pressure (or total pressure) P_t is the pressure attained when a fluid is brought to rest isentropically.,
  subsystem: General,
  id: 191,
  physics_domain: FluidDynamics
}"
652,[Component],"{
  network_level: 1,
  knowledge_domain: 整机匹配,
  importance: 1.0,
  name: Upstream compressor operating point,
  description: If the high-pressure turbine nozzle guides are choked, the corrected mass flow exiting the compressor remains essentially constant, creating a fixed pumping constraint.,
  subsystem: Compression,
  id: 311,
  physics_domain: GeneralPhysics
}",AFFECTS,539,[Parameter],"{
  network_level: 2,
  knowledge_domain: 激波理论,
  importance: 0.8,
  name: Static pressure,
  description: Static pressure increases significantly across a normal shock wave.,
  subsystem: General,
  id: 198,
  physics_domain: FluidDynamics
}"
652,[Component],"{
  network_level: 1,
  knowledge_domain: 整机匹配,
  importance: 1.0,
  name: Upstream compressor operating point,
  description: If the high-pressure turbine nozzle guides are choked, the corrected mass flow exiting the compressor remains essentially constant, creating a fixed pumping constraint.,
  subsystem: Compression,
  id: 311,
  physics_domain: GeneralPhysics
}",AFFECTS,541,[Parameter],"{
  network_level: 2,
  knowledge_domain: 激波理论,
  importance: 0.8,
  name: Total pressure,
  description: The total pressure decreases across a normal shock, which represents an irreversibility (entropy rise) in the flow.,
  subsystem: General,
  id: 200,
  physics_domain: FluidDynamics
}"
652,[Component],"{
  network_level: 1,
  knowledge_domain: 整机匹配,
  importance: 1.0,
  name: Upstream compressor operating point,
  description: If the high-pressure turbine nozzle guides are choked, the corrected mass flow exiting the compressor remains essentially constant, creating a fixed pumping constraint.,
  subsystem: Compression,
  id: 311,
  physics_domain: GeneralPhysics
}",AFFECTS,546,[Parameter],"{
  network_level: 2,
  knowledge_domain: 性能指标,
  importance: 0.8,
  name: Momentum thrust and Pressure thrust,
  description: The total thrust of a rocket is the sum of the momentum thrust and the pressure thrust: F = m_dot * V_e + (P_e - P_a) * A_e.,
  subsystem: General,
  id: 205,
  physics_domain: FluidDynamics
}"
652,[Component],"{
  network_level: 1,
  knowledge_domain: 整机匹配,
  importance: 1.0,
  name: Upstream compressor operating point,
  description: If the high-pressure turbine nozzle guides are choked, the corrected mass flow exiting the compressor remains essentially constant, creating a fixed pumping constraint.,
  subsystem: Compression,
  id: 311,
  physics_domain: GeneralPhysics
}",AFFECTS,552,[Parameter],"{
  network_level: 2,
  knowledge_domain: 性能指标,
  importance: 0.8,
  name: Chamber pressure and Throat area,
  description: c* = (P_c * A_t) / m_dot. It depends primarily on combustion temperature and molecular weight.,
  subsystem: General,
  id: 211,
  physics_domain: FluidDynamics
}"
652,[Component],"{
  network_level: 1,
  knowledge_domain: 整机匹配,
  importance: 1.0,
  name: Upstream compressor operating point,
  description: If the high-pressure turbine nozzle guides are choked, the corrected mass flow exiting the compressor remains essentially constant, creating a fixed pumping constraint.,
  subsystem: Compression,
  id: 311,
  physics_domain: GeneralPhysics
}",AFFECTS,554,[Parameter],"{
  network_level: 2,
  knowledge_domain: 性能指标,
  importance: 0.8,
  name: Thrust and Chamber pressure,
  description: C_f = F / (P_c * A_t). It is a function of the pressure ratio and area ratio of the nozzle.,
  subsystem: General,
  id: 213,
  physics_domain: FluidDynamics
}"
652,[Component],"{
  network_level: 1,
  knowledge_domain: 整机匹配,
  importance: 1.0,
  name: Upstream compressor operating point,
  description: If the high-pressure turbine nozzle guides are choked, the corrected mass flow exiting the compressor remains essentially constant, creating a fixed pumping constraint.,
  subsystem: Compression,
  id: 311,
  physics_domain: GeneralPhysics
}",AFFECTS,555,[Parameter],"{
  network_level: 2,
  knowledge_domain: 喷管空气动力学,
  importance: 0.8,
  name: Exit pressure equals Ambient pressure,
  description: Maximum thrust for a given propellant mass flow and chamber condition occurs when the nozzle exit pressure equals the ambient pressure (P_e = P_a).,
  subsystem: General,
  id: 214,
  physics_domain: FluidDynamics
}"
652,[Component],"{
  network_level: 1,
  knowledge_domain: 整机匹配,
  importance: 1.0,
  name: Upstream compressor operating point,
  description: If the high-pressure turbine nozzle guides are choked, the corrected mass flow exiting the compressor remains essentially constant, creating a fixed pumping constraint.,
  subsystem: Compression,
  id: 311,
  physics_domain: GeneralPhysics
}",AFFECTS,556,[Parameter],"{
  network_level: 2,
  knowledge_domain: 喷管空气动力学,
  importance: 0.8,
  name: Exit pressure less than Ambient pressure,
  description: A nozzle is overexpanded if the exit pressure is lower than the surrounding ambient atmospheric pressure.,
  subsystem: General,
  id: 215,
  physics_domain: FluidDynamics
}"
652,[Component],"{
  network_level: 1,
  knowledge_domain: 整机匹配,
  importance: 1.0,
  name: Upstream compressor operating point,
  description: If the high-pressure turbine nozzle guides are choked, the corrected mass flow exiting the compressor remains essentially constant, creating a fixed pumping constraint.,
  subsystem: Compression,
  id: 311,
  physics_domain: GeneralPhysics
}",AFFECTS,557,[Parameter],"{
  network_level: 2,
  knowledge_domain: 喷管空气动力学,
  importance: 0.8,
  name: Exit pressure greater than Ambient pressure,
  description: A nozzle is underexpanded if the gas exits at a pressure higher than the ambient atmospheric pressure.,
  subsystem: General,
  id: 216,
  physics_domain: FluidDynamics
}"
652,[Component],"{
  network_level: 1,
  knowledge_domain: 整机匹配,
  importance: 1.0,
  name: Upstream compressor operating point,
  description: If the high-pressure turbine nozzle guides are choked, the corrected mass flow exiting the compressor remains essentially constant, creating a fixed pumping constraint.,
  subsystem: Compression,
  id: 311,
  physics_domain: GeneralPhysics
}",AFFECTS,560,[Parameter],"{
  network_level: 2,
  knowledge_domain: 系统架构,
  importance: 0.8,
  name: High pressure gas tank,
  description: A simpler feed system that uses regulated high-pressure gas to push propellants into the combustion chamber.,
  subsystem: General,
  id: 219,
  physics_domain: FluidDynamics
}"
652,[Component],"{
  network_level: 1,
  knowledge_domain: 整机匹配,
  importance: 1.0,
  name: Upstream compressor operating point,
  description: If the high-pressure turbine nozzle guides are choked, the corrected mass flow exiting the compressor remains essentially constant, creating a fixed pumping constraint.,
  subsystem: Compression,
  id: 311,
  physics_domain: GeneralPhysics
}",AFFECTS,573,[Parameter],"{
  network_level: 2,
  knowledge_domain: 循环假设,
  importance: 0.8,
  name: Constant pressure combustion,
  description: It is assumed that combustion occurs at constant total pressure (no pressure drop in the combustor).,
  subsystem: Combustion,
  id: 232,
  physics_domain: FluidDynamics
}"
652,[Component],"{
  network_level: 1,
  knowledge_domain: 整机匹配,
  importance: 1.0,
  name: Upstream compressor operating point,
  description: If the high-pressure turbine nozzle guides are choked, the corrected mass flow exiting the compressor remains essentially constant, creating a fixed pumping constraint.,
  subsystem: Compression,
  id: 311,
  physics_domain: GeneralPhysics
}",AFFECTS,586,[Parameter],"{
  network_level: 2,
  knowledge_domain: 真实部件特性,
  importance: 0.8,
  name: Component efficiencies and Total pressure ratios,
  description: The performance of real components is characterized by total temperature ratios, total pressure ratios, efficiencies, and pressure losses.,
  subsystem: General,
  id: 245,
  physics_domain: FluidDynamics
}"
652,[Component],"{
  network_level: 1,
  knowledge_domain: 整机匹配,
  importance: 1.0,
  name: Upstream compressor operating point,
  description: If the high-pressure turbine nozzle guides are choked, the corrected mass flow exiting the compressor remains essentially constant, creating a fixed pumping constraint.,
  subsystem: Compression,
  id: 311,
  physics_domain: GeneralPhysics
}",AFFECTS,587,[Parameter],"{
  network_level: 2,
  knowledge_domain: 进气道特性,
  importance: 0.8,
  name: Total pressure ratio pi_d,
  description: The performance of the inlet (or diffuser) is primarily characterized by its total pressure ratio, pi_d = P_t2 / P_t0, also called the inlet recovery factor.,
  subsystem: General,
  id: 246,
  physics_domain: FluidDynamics
}"
652,[Component],"{
  network_level: 1,
  knowledge_domain: 整机匹配,
  importance: 1.0,
  name: Upstream compressor operating point,
  description: If the high-pressure turbine nozzle guides are choked, the corrected mass flow exiting the compressor remains essentially constant, creating a fixed pumping constraint.,
  subsystem: Compression,
  id: 311,
  physics_domain: GeneralPhysics
}",AFFECTS,591,[Parameter],"{
  network_level: 2,
  knowledge_domain: 压气机特性,
  importance: 0.8,
  name: Isentropic efficiency and Total pressure ratio,
  description: tau_c = 1 + (pi_c^((gamma-1)/gamma) - 1) / eta_c, which links actual temperature rise to pressure ratio.,
  subsystem: General,
  id: 250,
  physics_domain: FluidDynamics
}"
652,[Component],"{
  network_level: 1,
  knowledge_domain: 整机匹配,
  importance: 1.0,
  name: Upstream compressor operating point,
  description: If the high-pressure turbine nozzle guides are choked, the corrected mass flow exiting the compressor remains essentially constant, creating a fixed pumping constraint.,
  subsystem: Compression,
  id: 311,
  physics_domain: GeneralPhysics
}",AFFECTS,593,[Parameter],"{
  network_level: 2,
  knowledge_domain: 效率理论,
  importance: 0.8,
  name: Increasing pressure ratio,
  description: For a constant polytropic efficiency e_c, the overall isentropic compressor efficiency eta_c drops as the total pressure ratio pi_c increases due to the preheating effect.,
  subsystem: General,
  id: 252,
  physics_domain: FluidDynamics
}"
652,[Component],"{
  network_level: 1,
  knowledge_domain: 整机匹配,
  importance: 1.0,
  name: Upstream compressor operating point,
  description: If the high-pressure turbine nozzle guides are choked, the corrected mass flow exiting the compressor remains essentially constant, creating a fixed pumping constraint.,
  subsystem: Compression,
  id: 311,
  physics_domain: GeneralPhysics
}",AFFECTS,596,[Parameter],"{
  network_level: 2,
  knowledge_domain: 燃烧室特性,
  importance: 0.8,
  name: Total pressure ratio pi_b,
  description: The total pressure ratio of the combustor pi_b = P_t4 / P_t3 is always less than 1.0 due to viscous friction and cold-to-hot flow momentum pressure drop.,
  subsystem: General,
  id: 255,
  physics_domain: FluidDynamics
}"
652,[Component],"{
  network_level: 1,
  knowledge_domain: 整机匹配,
  importance: 1.0,
  name: Upstream compressor operating point,
  description: If the high-pressure turbine nozzle guides are choked, the corrected mass flow exiting the compressor remains essentially constant, creating a fixed pumping constraint.,
  subsystem: Compression,
  id: 311,
  physics_domain: GeneralPhysics
}",AFFECTS,599,[Parameter],"{
  network_level: 2,
  knowledge_domain: 加力燃烧室,
  importance: 0.8,
  name: Total pressure ratio pi_AB,
  description: The total pressure ratio pi_AB = P_t7 / P_t6 account for losses due to flameholders, friction, and high-temperature heat addition.,
  subsystem: General,
  id: 258,
  physics_domain: FluidDynamics
}"
652,[Component],"{
  network_level: 1,
  knowledge_domain: 整机匹配,
  importance: 1.0,
  name: Upstream compressor operating point,
  description: If the high-pressure turbine nozzle guides are choked, the corrected mass flow exiting the compressor remains essentially constant, creating a fixed pumping constraint.,
  subsystem: Compression,
  id: 311,
  physics_domain: GeneralPhysics
}",AFFECTS,601,[Parameter],"{
  network_level: 2,
  knowledge_domain: 喷管特性,
  importance: 0.8,
  name: Total pressure ratio pi_n,
  description: The exhaust nozzle performance is characterized by its total pressure ratio pi_n = P_t9 / P_t7, which represents friction losses in the nozzle duct.,
  subsystem: General,
  id: 260,
  physics_domain: FluidDynamics
}"
652,[Component],"{
  network_level: 1,
  knowledge_domain: 整机匹配,
  importance: 1.0,
  name: Upstream compressor operating point,
  description: If the high-pressure turbine nozzle guides are choked, the corrected mass flow exiting the compressor remains essentially constant, creating a fixed pumping constraint.,
  subsystem: Compression,
  id: 311,
  physics_domain: GeneralPhysics
}",AFFECTS,607,[Parameter],"{
  network_level: 2,
  knowledge_domain: 推力室特性,
  importance: 0.8,
  name: Stagnation pressure at throat,
  description: Due to high-velocity combustion and friction inside the chamber, the total pressure drops from the injector head to the nozzle throat entrance.,
  subsystem: General,
  id: 266,
  physics_domain: FluidDynamics
}"
652,[Component],"{
  network_level: 1,
  knowledge_domain: 整机匹配,
  importance: 1.0,
  name: Upstream compressor operating point,
  description: If the high-pressure turbine nozzle guides are choked, the corrected mass flow exiting the compressor remains essentially constant, creating a fixed pumping constraint.,
  subsystem: Compression,
  id: 311,
  physics_domain: GeneralPhysics
}",AFFECTS,624,[Parameter],"{
  network_level: 2,
  knowledge_domain: 动力循环,
  importance: 0.8,
  name: Higher chamber pressure,
  description: Because the turbine exhaust is injected into the main chamber rather than dumped at low pressure, it allows extremely high chamber pressures (P_c) and higher efficiency.,
  subsystem: General,
  id: 283,
  physics_domain: FluidDynamics
}"
652,[Component],"{
  network_level: 1,
  knowledge_domain: 整机匹配,
  importance: 1.0,
  name: Upstream compressor operating point,
  description: If the high-pressure turbine nozzle guides are choked, the corrected mass flow exiting the compressor remains essentially constant, creating a fixed pumping constraint.,
  subsystem: Compression,
  id: 311,
  physics_domain: GeneralPhysics
}",AFFECTS,626,[Parameter],"{
  network_level: 2,
  knowledge_domain: 系统匹配,
  importance: 0.8,
  name: Volumetric flow rate and Pressure rise,
  description: The required shaft power for a propellant pump is proportional to the mass flow rate and pressure rise, divided by the pump efficiency (eta_p).,
  subsystem: General,
  id: 285,
  physics_domain: FluidDynamics
}"
652,[Component],"{
  network_level: 1,
  knowledge_domain: 整机匹配,
  importance: 1.0,
  name: Upstream compressor operating point,
  description: If the high-pressure turbine nozzle guides are choked, the corrected mass flow exiting the compressor remains essentially constant, creating a fixed pumping constraint.,
  subsystem: Compression,
  id: 311,
  physics_domain: GeneralPhysics
}",AFFECTS,629,[Parameter],"{
  network_level: 2,
  knowledge_domain: 涡喷循环,
  importance: 0.8,
  name: Real exit velocity and pressure,
  description: The net thrust of a real turbojet must account for exit velocity variations caused by nozzle efficiency (eta_n) and incomplete expansion.,
  subsystem: General,
  id: 288,
  physics_domain: FluidDynamics
}"
652,[Component],"{
  network_level: 1,
  knowledge_domain: 整机匹配,
  importance: 1.0,
  name: Upstream compressor operating point,
  description: If the high-pressure turbine nozzle guides are choked, the corrected mass flow exiting the compressor remains essentially constant, creating a fixed pumping constraint.,
  subsystem: Compression,
  id: 311,
  physics_domain: GeneralPhysics
}",AFFECTS,649,[Parameter],"{
  network_level: 2,
  knowledge_domain: 相似准则,
  importance: 0.8,
  name: Mass flow scaled by dimensionless temperature and pressure,
  description: Corrected mass flow rate m_dot_c is defined as m_dot * sqrt(theta) / delta, allowing data from different conditions to be collapsed onto a single curve.,
  subsystem: General,
  id: 308,
  physics_domain: FluidDynamics
}"
652,[Component],"{
  network_level: 1,
  knowledge_domain: 整机匹配,
  importance: 1.0,
  name: Upstream compressor operating point,
  description: If the high-pressure turbine nozzle guides are choked, the corrected mass flow exiting the compressor remains essentially constant, creating a fixed pumping constraint.,
  subsystem: Compression,
  id: 311,
  physics_domain: GeneralPhysics
}",AFFECTS,660,[Parameter],"{
  network_level: 2,
  knowledge_domain: 发动机控制,
  importance: 0.8,
  name: Maximum pressure or shaft speed,
  description: At low ambient temperatures (below theta_break), the engine is typically limited by mechanical limits like pressure or spool speed.,
  subsystem: General,
  id: 319,
  physics_domain: FluidDynamics
}"
653,[Component],"{
  network_level: 1,
  knowledge_domain: 整机匹配,
  importance: 1.0,
  name: Turbine flow capacity,
  description: The steady-state compressor operating line on a compressor map is determined by the fixed throat area of the downstream turbine and exhaust nozzle.,
  subsystem: Expansion,
  id: 312,
  physics_domain: FluidDynamics
}",AFFECTS,359,[Parameter],"{
  network_level: 2,
  knowledge_domain: 性能指标,
  importance: 0.8,
  name: Thermal efficiency,
  description: Thermal efficiency is the ratio of the rate of kinetic energy production to the thermal power input from fuel.,
  subsystem: General,
  id: 18,
  physics_domain: GeneralPhysics
}"
653,[Component],"{
  network_level: 1,
  knowledge_domain: 整机匹配,
  importance: 1.0,
  name: Turbine flow capacity,
  description: The steady-state compressor operating line on a compressor map is determined by the fixed throat area of the downstream turbine and exhaust nozzle.,
  subsystem: Expansion,
  id: 312,
  physics_domain: FluidDynamics
}",AFFECTS,360,[Parameter],"{
  network_level: 2,
  knowledge_domain: 性能指标,
  importance: 0.8,
  name: Propulsive efficiency,
  description: Propulsive efficiency measures how effectively the engine's kinetic energy output is converted into aircraft propulsive power.,
  subsystem: General,
  id: 19,
  physics_domain: GeneralPhysics
}"
653,[Component],"{
  network_level: 1,
  knowledge_domain: 整机匹配,
  importance: 1.0,
  name: Turbine flow capacity,
  description: The steady-state compressor operating line on a compressor map is determined by the fixed throat area of the downstream turbine and exhaust nozzle.,
  subsystem: Expansion,
  id: 312,
  physics_domain: FluidDynamics
}",AFFECTS,361,[Parameter],"{
  network_level: 2,
  knowledge_domain: 性能指标,
  importance: 0.8,
  name: Overall efficiency,
  description: The overall efficiency of a propulsion system is the product of its thermal and propulsive efficiencies.,
  subsystem: General,
  id: 20,
  physics_domain: GeneralPhysics
}"
653,[Component],"{
  network_level: 1,
  knowledge_domain: 整机匹配,
  importance: 1.0,
  name: Turbine flow capacity,
  description: The steady-state compressor operating line on a compressor map is determined by the fixed throat area of the downstream turbine and exhaust nozzle.,
  subsystem: Expansion,
  id: 312,
  physics_domain: FluidDynamics
}",AFFECTS,436,[Parameter],"{
  network_level: 2,
  knowledge_domain: 效率理论,
  importance: 0.8,
  name: Polytropic efficiency,
  description: Polytropic efficiency (e_c for compressor, e_t for turbine) is defined as the isentropic efficiency of an elemental or infinitesimal stage.,
  subsystem: General,
  id: 95,
  physics_domain: GeneralPhysics
}"
653,[Component],"{
  network_level: 1,
  knowledge_domain: 整机匹配,
  importance: 1.0,
  name: Turbine flow capacity,
  description: The steady-state compressor operating line on a compressor map is determined by the fixed throat area of the downstream turbine and exhaust nozzle.,
  subsystem: Expansion,
  id: 312,
  physics_domain: FluidDynamics
}",AFFECTS,456,[Parameter],"{
  network_level: 2,
  knowledge_domain: 燃烧损失,
  importance: 0.8,
  name: Combustion efficiency,
  description: Combustion efficiency is often expressed as the ratio of actual characteristic velocity (c*_actual) to the theoretical characteristic velocity (c*_theoretical).,
  subsystem: Combustion,
  id: 115,
  physics_domain: GeneralPhysics
}"
653,[Component],"{
  network_level: 1,
  knowledge_domain: 整机匹配,
  importance: 1.0,
  name: Turbine flow capacity,
  description: The steady-state compressor operating line on a compressor map is determined by the fixed throat area of the downstream turbine and exhaust nozzle.,
  subsystem: Expansion,
  id: 312,
  physics_domain: FluidDynamics
}",AFFECTS,471,[Parameter],"{
  network_level: 2,
  knowledge_domain: 涡喷循环,
  importance: 0.8,
  name: Real turbojet efficiency,
  description: Irreversibilities in the compressor and turbine increase entropy, directly decreasing the specific thrust and increasing the TSFC.,
  subsystem: General,
  id: 130,
  physics_domain: GeneralPhysics
}"
653,[Component],"{
  network_level: 1,
  knowledge_domain: 整机匹配,
  importance: 1.0,
  name: Turbine flow capacity,
  description: The steady-state compressor operating line on a compressor map is determined by the fixed throat area of the downstream turbine and exhaust nozzle.,
  subsystem: Expansion,
  id: 312,
  physics_domain: FluidDynamics
}",AFFECTS,477,[Parameter],"{
  network_level: 2,
  knowledge_domain: 部件匹配,
  importance: 0.8,
  name: Mixer efficiency,
  description: Aerodynamic mixing of streams with different total temperatures and velocities introduces viscous shearing losses, reducing overall total pressure.,
  subsystem: General,
  id: 136,
  physics_domain: GeneralPhysics
}"
653,[Component],"{
  network_level: 1,
  knowledge_domain: 整机匹配,
  importance: 1.0,
  name: Turbine flow capacity,
  description: The steady-state compressor operating line on a compressor map is determined by the fixed throat area of the downstream turbine and exhaust nozzle.,
  subsystem: Expansion,
  id: 312,
  physics_domain: FluidDynamics
}",AFFECTS,480,[Parameter],"{
  network_level: 2,
  knowledge_domain: 性能指标,
  importance: 0.8,
  name: Propeller efficiency eta_prop,
  description: The efficiency with which the propeller converts the brake shaft horsepower into effective aircraft propulsive power.,
  subsystem: General,
  id: 139,
  physics_domain: GeneralPhysics
}"
653,[Component],"{
  network_level: 1,
  knowledge_domain: 整机匹配,
  importance: 1.0,
  name: Turbine flow capacity,
  description: The steady-state compressor operating line on a compressor map is determined by the fixed throat area of the downstream turbine and exhaust nozzle.,
  subsystem: Expansion,
  id: 312,
  physics_domain: FluidDynamics
}",AFFECTS,514,[Parameter],"{
  network_level: 2,
  knowledge_domain: 性能指标,
  importance: 0.8,
  name: Thermal efficiency and Propulsive efficiency,
  description: The overall efficiency of a propulsion system is the product of its thermal and propulsive efficiencies.,
  subsystem: General,
  id: 173,
  physics_domain: GeneralPhysics
}"
653,[Component],"{
  network_level: 1,
  knowledge_domain: 整机匹配,
  importance: 1.0,
  name: Turbine flow capacity,
  description: The steady-state compressor operating line on a compressor map is determined by the fixed throat area of the downstream turbine and exhaust nozzle.,
  subsystem: Expansion,
  id: 312,
  physics_domain: FluidDynamics
}",AFFECTS,590,[Parameter],"{
  network_level: 2,
  knowledge_domain: 压气机特性,
  importance: 0.8,
  name: Isentropic efficiency eta_c,
  description: The isentropic compressor efficiency eta_c is defined as the ratio of ideal (isentropic) work to the actual work required for a given total pressure ratio.,
  subsystem: General,
  id: 249,
  physics_domain: GeneralPhysics
}"
653,[Component],"{
  network_level: 1,
  knowledge_domain: 整机匹配,
  importance: 1.0,
  name: Turbine flow capacity,
  description: The steady-state compressor operating line on a compressor map is determined by the fixed throat area of the downstream turbine and exhaust nozzle.,
  subsystem: Expansion,
  id: 312,
  physics_domain: FluidDynamics
}",AFFECTS,591,[Parameter],"{
  network_level: 2,
  knowledge_domain: 压气机特性,
  importance: 0.8,
  name: Isentropic efficiency and Total pressure ratio,
  description: tau_c = 1 + (pi_c^((gamma-1)/gamma) - 1) / eta_c, which links actual temperature rise to pressure ratio.,
  subsystem: General,
  id: 250,
  physics_domain: FluidDynamics
}"
653,[Component],"{
  network_level: 1,
  knowledge_domain: 整机匹配,
  importance: 1.0,
  name: Turbine flow capacity,
  description: The steady-state compressor operating line on a compressor map is determined by the fixed throat area of the downstream turbine and exhaust nozzle.,
  subsystem: Expansion,
  id: 312,
  physics_domain: FluidDynamics
}",AFFECTS,592,[Parameter],"{
  network_level: 2,
  knowledge_domain: 效率理论,
  importance: 0.8,
  name: Isentropic efficiency of an infinitesimal stage,
  description: Polytropic efficiency (e_c for compressor, e_t for turbine) is defined as the isentropic efficiency of an elemental or infinitesimal stage.,
  subsystem: General,
  id: 251,
  physics_domain: GeneralPhysics
}"
653,[Component],"{
  network_level: 1,
  knowledge_domain: 整机匹配,
  importance: 1.0,
  name: Turbine flow capacity,
  description: The steady-state compressor operating line on a compressor map is determined by the fixed throat area of the downstream turbine and exhaust nozzle.,
  subsystem: Expansion,
  id: 312,
  physics_domain: FluidDynamics
}",AFFECTS,594,[Parameter],"{
  network_level: 2,
  knowledge_domain: 涡轮特性,
  importance: 0.8,
  name: Isentropic efficiency eta_t,
  description: The isentropic turbine efficiency eta_t is defined as the ratio of actual work output to the ideal (isentropic) work output for a given total pressure ratio.,
  subsystem: General,
  id: 253,
  physics_domain: GeneralPhysics
}"
653,[Component],"{
  network_level: 1,
  knowledge_domain: 整机匹配,
  importance: 1.0,
  name: Turbine flow capacity,
  description: The steady-state compressor operating line on a compressor map is determined by the fixed throat area of the downstream turbine and exhaust nozzle.,
  subsystem: Expansion,
  id: 312,
  physics_domain: FluidDynamics
}",AFFECTS,595,[Parameter],"{
  network_level: 2,
  knowledge_domain: 燃烧室特性,
  importance: 0.8,
  name: Combustion efficiency eta_b,
  description: Combustion efficiency eta_b is the ratio of the actual thermal energy released to the chemical energy available in the fuel.,
  subsystem: Combustion,
  id: 254,
  physics_domain: GeneralPhysics
}"
653,[Component],"{
  network_level: 1,
  knowledge_domain: 整机匹配,
  importance: 1.0,
  name: Turbine flow capacity,
  description: The steady-state compressor operating line on a compressor map is determined by the fixed throat area of the downstream turbine and exhaust nozzle.,
  subsystem: Expansion,
  id: 312,
  physics_domain: FluidDynamics
}",AFFECTS,600,[Parameter],"{
  network_level: 2,
  knowledge_domain: 机械传动,
  importance: 0.8,
  name: Mechanical efficiency eta_m,
  description: Mechanical efficiency eta_m accounts for frictional power losses in bearings and accessory gearboxes connecting the turbine and compressor shafts.,
  subsystem: General,
  id: 259,
  physics_domain: GeneralPhysics
}"
654,[Component],"{
  network_level: 1,
  knowledge_domain: 整机匹配,
  importance: 1.0,
  name: Turbine pressure ratio,
  description: When the convergent exhaust nozzle is choked, the operating pressure ratio across the turbine becomes independent of ambient pressure.,
  subsystem: Expansion,
  id: 313,
  physics_domain: FluidDynamics
}",AFFECTS,359,[Parameter],"{
  network_level: 2,
  knowledge_domain: 性能指标,
  importance: 0.8,
  name: Thermal efficiency,
  description: Thermal efficiency is the ratio of the rate of kinetic energy production to the thermal power input from fuel.,
  subsystem: General,
  id: 18,
  physics_domain: GeneralPhysics
}"
654,[Component],"{
  network_level: 1,
  knowledge_domain: 整机匹配,
  importance: 1.0,
  name: Turbine pressure ratio,
  description: When the convergent exhaust nozzle is choked, the operating pressure ratio across the turbine becomes independent of ambient pressure.,
  subsystem: Expansion,
  id: 313,
  physics_domain: FluidDynamics
}",AFFECTS,360,[Parameter],"{
  network_level: 2,
  knowledge_domain: 性能指标,
  importance: 0.8,
  name: Propulsive efficiency,
  description: Propulsive efficiency measures how effectively the engine's kinetic energy output is converted into aircraft propulsive power.,
  subsystem: General,
  id: 19,
  physics_domain: GeneralPhysics
}"
654,[Component],"{
  network_level: 1,
  knowledge_domain: 整机匹配,
  importance: 1.0,
  name: Turbine pressure ratio,
  description: When the convergent exhaust nozzle is choked, the operating pressure ratio across the turbine becomes independent of ambient pressure.,
  subsystem: Expansion,
  id: 313,
  physics_domain: FluidDynamics
}",AFFECTS,361,[Parameter],"{
  network_level: 2,
  knowledge_domain: 性能指标,
  importance: 0.8,
  name: Overall efficiency,
  description: The overall efficiency of a propulsion system is the product of its thermal and propulsive efficiencies.,
  subsystem: General,
  id: 20,
  physics_domain: GeneralPhysics
}"
654,[Component],"{
  network_level: 1,
  knowledge_domain: 整机匹配,
  importance: 1.0,
  name: Turbine pressure ratio,
  description: When the convergent exhaust nozzle is choked, the operating pressure ratio across the turbine becomes independent of ambient pressure.,
  subsystem: Expansion,
  id: 313,
  physics_domain: FluidDynamics
}",AFFECTS,436,[Parameter],"{
  network_level: 2,
  knowledge_domain: 效率理论,
  importance: 0.8,
  name: Polytropic efficiency,
  description: Polytropic efficiency (e_c for compressor, e_t for turbine) is defined as the isentropic efficiency of an elemental or infinitesimal stage.,
  subsystem: General,
  id: 95,
  physics_domain: GeneralPhysics
}"
654,[Component],"{
  network_level: 1,
  knowledge_domain: 整机匹配,
  importance: 1.0,
  name: Turbine pressure ratio,
  description: When the convergent exhaust nozzle is choked, the operating pressure ratio across the turbine becomes independent of ambient pressure.,
  subsystem: Expansion,
  id: 313,
  physics_domain: FluidDynamics
}",AFFECTS,456,[Parameter],"{
  network_level: 2,
  knowledge_domain: 燃烧损失,
  importance: 0.8,
  name: Combustion efficiency,
  description: Combustion efficiency is often expressed as the ratio of actual characteristic velocity (c*_actual) to the theoretical characteristic velocity (c*_theoretical).,
  subsystem: Combustion,
  id: 115,
  physics_domain: GeneralPhysics
}"
654,[Component],"{
  network_level: 1,
  knowledge_domain: 整机匹配,
  importance: 1.0,
  name: Turbine pressure ratio,
  description: When the convergent exhaust nozzle is choked, the operating pressure ratio across the turbine becomes independent of ambient pressure.,
  subsystem: Expansion,
  id: 313,
  physics_domain: FluidDynamics
}",AFFECTS,471,[Parameter],"{
  network_level: 2,
  knowledge_domain: 涡喷循环,
  importance: 0.8,
  name: Real turbojet efficiency,
  description: Irreversibilities in the compressor and turbine increase entropy, directly decreasing the specific thrust and increasing the TSFC.,
  subsystem: General,
  id: 130,
  physics_domain: GeneralPhysics
}"
654,[Component],"{
  network_level: 1,
  knowledge_domain: 整机匹配,
  importance: 1.0,
  name: Turbine pressure ratio,
  description: When the convergent exhaust nozzle is choked, the operating pressure ratio across the turbine becomes independent of ambient pressure.,
  subsystem: Expansion,
  id: 313,
  physics_domain: FluidDynamics
}",AFFECTS,477,[Parameter],"{
  network_level: 2,
  knowledge_domain: 部件匹配,
  importance: 0.8,
  name: Mixer efficiency,
  description: Aerodynamic mixing of streams with different total temperatures and velocities introduces viscous shearing losses, reducing overall total pressure.,
  subsystem: General,
  id: 136,
  physics_domain: GeneralPhysics
}"
654,[Component],"{
  network_level: 1,
  knowledge_domain: 整机匹配,
  importance: 1.0,
  name: Turbine pressure ratio,
  description: When the convergent exhaust nozzle is choked, the operating pressure ratio across the turbine becomes independent of ambient pressure.,
  subsystem: Expansion,
  id: 313,
  physics_domain: FluidDynamics
}",AFFECTS,480,[Parameter],"{
  network_level: 2,
  knowledge_domain: 性能指标,
  importance: 0.8,
  name: Propeller efficiency eta_prop,
  description: The efficiency with which the propeller converts the brake shaft horsepower into effective aircraft propulsive power.,
  subsystem: General,
  id: 139,
  physics_domain: GeneralPhysics
}"
654,[Component],"{
  network_level: 1,
  knowledge_domain: 整机匹配,
  importance: 1.0,
  name: Turbine pressure ratio,
  description: When the convergent exhaust nozzle is choked, the operating pressure ratio across the turbine becomes independent of ambient pressure.,
  subsystem: Expansion,
  id: 313,
  physics_domain: FluidDynamics
}",AFFECTS,514,[Parameter],"{
  network_level: 2,
  knowledge_domain: 性能指标,
  importance: 0.8,
  name: Thermal efficiency and Propulsive efficiency,
  description: The overall efficiency of a propulsion system is the product of its thermal and propulsive efficiencies.,
  subsystem: General,
  id: 173,
  physics_domain: GeneralPhysics
}"
654,[Component],"{
  network_level: 1,
  knowledge_domain: 整机匹配,
  importance: 1.0,
  name: Turbine pressure ratio,
  description: When the convergent exhaust nozzle is choked, the operating pressure ratio across the turbine becomes independent of ambient pressure.,
  subsystem: Expansion,
  id: 313,
  physics_domain: FluidDynamics
}",AFFECTS,590,[Parameter],"{
  network_level: 2,
  knowledge_domain: 压气机特性,
  importance: 0.8,
  name: Isentropic efficiency eta_c,
  description: The isentropic compressor efficiency eta_c is defined as the ratio of ideal (isentropic) work to the actual work required for a given total pressure ratio.,
  subsystem: General,
  id: 249,
  physics_domain: GeneralPhysics
}"
654,[Component],"{
  network_level: 1,
  knowledge_domain: 整机匹配,
  importance: 1.0,
  name: Turbine pressure ratio,
  description: When the convergent exhaust nozzle is choked, the operating pressure ratio across the turbine becomes independent of ambient pressure.,
  subsystem: Expansion,
  id: 313,
  physics_domain: FluidDynamics
}",AFFECTS,591,[Parameter],"{
  network_level: 2,
  knowledge_domain: 压气机特性,
  importance: 0.8,
  name: Isentropic efficiency and Total pressure ratio,
  description: tau_c = 1 + (pi_c^((gamma-1)/gamma) - 1) / eta_c, which links actual temperature rise to pressure ratio.,
  subsystem: General,
  id: 250,
  physics_domain: FluidDynamics
}"
654,[Component],"{
  network_level: 1,
  knowledge_domain: 整机匹配,
  importance: 1.0,
  name: Turbine pressure ratio,
  description: When the convergent exhaust nozzle is choked, the operating pressure ratio across the turbine becomes independent of ambient pressure.,
  subsystem: Expansion,
  id: 313,
  physics_domain: FluidDynamics
}",AFFECTS,592,[Parameter],"{
  network_level: 2,
  knowledge_domain: 效率理论,
  importance: 0.8,
  name: Isentropic efficiency of an infinitesimal stage,
  description: Polytropic efficiency (e_c for compressor, e_t for turbine) is defined as the isentropic efficiency of an elemental or infinitesimal stage.,
  subsystem: General,
  id: 251,
  physics_domain: GeneralPhysics
}"
654,[Component],"{
  network_level: 1,
  knowledge_domain: 整机匹配,
  importance: 1.0,
  name: Turbine pressure ratio,
  description: When the convergent exhaust nozzle is choked, the operating pressure ratio across the turbine becomes independent of ambient pressure.,
  subsystem: Expansion,
  id: 313,
  physics_domain: FluidDynamics
}",AFFECTS,594,[Parameter],"{
  network_level: 2,
  knowledge_domain: 涡轮特性,
  importance: 0.8,
  name: Isentropic efficiency eta_t,
  description: The isentropic turbine efficiency eta_t is defined as the ratio of actual work output to the ideal (isentropic) work output for a given total pressure ratio.,
  subsystem: General,
  id: 253,
  physics_domain: GeneralPhysics
}"
654,[Component],"{
  network_level: 1,
  knowledge_domain: 整机匹配,
  importance: 1.0,
  name: Turbine pressure ratio,
  description: When the convergent exhaust nozzle is choked, the operating pressure ratio across the turbine becomes independent of ambient pressure.,
  subsystem: Expansion,
  id: 313,
  physics_domain: FluidDynamics
}",AFFECTS,595,[Parameter],"{
  network_level: 2,
  knowledge_domain: 燃烧室特性,
  importance: 0.8,
  name: Combustion efficiency eta_b,
  description: Combustion efficiency eta_b is the ratio of the actual thermal energy released to the chemical energy available in the fuel.,
  subsystem: Combustion,
  id: 254,
  physics_domain: GeneralPhysics
}"
654,[Component],"{
  network_level: 1,
  knowledge_domain: 整机匹配,
  importance: 1.0,
  name: Turbine pressure ratio,
  description: When the convergent exhaust nozzle is choked, the operating pressure ratio across the turbine becomes independent of ambient pressure.,
  subsystem: Expansion,
  id: 313,
  physics_domain: FluidDynamics
}",AFFECTS,600,[Parameter],"{
  network_level: 2,
  knowledge_domain: 机械传动,
  importance: 0.8,
  name: Mechanical efficiency eta_m,
  description: Mechanical efficiency eta_m accounts for frictional power losses in bearings and accessory gearboxes connecting the turbine and compressor shafts.,
  subsystem: General,
  id: 259,
  physics_domain: GeneralPhysics
}"
655,[Parameter],"{
  network_level: 2,
  knowledge_domain: 发动机控制,
  importance: 0.8,
  name: Fuel flow rate and variable geometry,
  description: The fuel control unit (FCU) adjusts the fuel flow to match pilot thrust demands while keeping the engine within safety limits.,
  subsystem: General,
  id: 314,
  physics_domain: FluidDynamics
}",null,null,null,null
656,[Parameter],"{
  network_level: 2,
  knowledge_domain: 发动机控制,
  importance: 0.8,
  name: Maximum fan speed,
  description: Mechanical stress restricts the maximum physical or corrected rotational speed of the fan spool.,
  subsystem: General,
  id: 315,
  physics_domain: GeneralPhysics
}",null,null,null,null
657,[Component],"{
  network_level: 1,
  knowledge_domain: 发动机控制,
  importance: 1.0,
  name: Maximum compressor discharge pressure,
  description: Structural casing design restricts the maximum compressor exit pressure (P_t3) to prevent burst failure.,
  subsystem: Compression,
  id: 316,
  physics_domain: FluidDynamics
}",AFFECTS,378,[Parameter],"{
  network_level: 2,
  knowledge_domain: 热力学属性,
  importance: 0.8,
  name: Stagnation pressure,
  description: Stagnation pressure (or total pressure) P_t is the pressure attained when a fluid is brought to rest isentropically.,
  subsystem: General,
  id: 37,
  physics_domain: FluidDynamics
}"
657,[Component],"{
  network_level: 1,
  knowledge_domain: 发动机控制,
  importance: 1.0,
  name: Maximum compressor discharge pressure,
  description: Structural casing design restricts the maximum compressor exit pressure (P_t3) to prevent burst failure.,
  subsystem: Compression,
  id: 316,
  physics_domain: FluidDynamics
}",AFFECTS,393,[Parameter],"{
  network_level: 2,
  knowledge_domain: 性能指标,
  importance: 0.8,
  name: Pressure thrust,
  description: The component of thrust due to the difference between exit pressure and ambient pressure ((P_e - P_a) * A_e).,
  subsystem: General,
  id: 52,
  physics_domain: FluidDynamics
}"
657,[Component],"{
  network_level: 1,
  knowledge_domain: 发动机控制,
  importance: 1.0,
  name: Maximum compressor discharge pressure,
  description: Structural casing design restricts the maximum compressor exit pressure (P_t3) to prevent burst failure.,
  subsystem: Compression,
  id: 316,
  physics_domain: FluidDynamics
}",AFFECTS,420,[Parameter],"{
  network_level: 2,
  knowledge_domain: 热力学参数,
  importance: 0.8,
  name: Total pressure ratio pi,
  description: The dimensionless parameter pi represents the ratio of stagnation pressures across a component.,
  subsystem: General,
  id: 79,
  physics_domain: FluidDynamics
}"
657,[Component],"{
  network_level: 1,
  knowledge_domain: 发动机控制,
  importance: 1.0,
  name: Maximum compressor discharge pressure,
  description: Structural casing design restricts the maximum compressor exit pressure (P_t3) to prevent burst failure.,
  subsystem: Compression,
  id: 316,
  physics_domain: FluidDynamics
}",AFFECTS,451,[Parameter],"{
  network_level: 2,
  knowledge_domain: 推力室特性,
  importance: 0.8,
  name: Combustion chamber pressure,
  description: Due to high-velocity combustion and friction inside the chamber, the total pressure drops from the injector head to the nozzle throat entrance.,
  subsystem: Combustion,
  id: 110,
  physics_domain: FluidDynamics
}"
657,[Component],"{
  network_level: 1,
  knowledge_domain: 发动机控制,
  importance: 1.0,
  name: Maximum compressor discharge pressure,
  description: Structural casing design restricts the maximum compressor exit pressure (P_t3) to prevent burst failure.,
  subsystem: Compression,
  id: 316,
  physics_domain: FluidDynamics
}",AFFECTS,476,[Parameter],"{
  network_level: 2,
  knowledge_domain: 部件匹配,
  importance: 0.8,
  name: Constant-pressure mixer,
  description: For proper aerodynamic mixing, the core and bypass streams must enter the mixer at substantially equal static pressures (P_5 = P_15).,
  subsystem: General,
  id: 135,
  physics_domain: FluidDynamics
}"
657,[Component],"{
  network_level: 1,
  knowledge_domain: 发动机控制,
  importance: 1.0,
  name: Maximum compressor discharge pressure,
  description: Structural casing design restricts the maximum compressor exit pressure (P_t3) to prevent burst failure.,
  subsystem: Compression,
  id: 316,
  physics_domain: FluidDynamics
}",AFFECTS,478,[Parameter],"{
  network_level: 2,
  knowledge_domain: 性能优化,
  importance: 0.8,
  name: Optimum fan pressure ratio,
  description: There is a distinct optimum fan pressure ratio (pi_f) that maximizes specific thrust or minimizes TSFC for a given bypass ratio and core technology.,
  subsystem: General,
  id: 137,
  physics_domain: FluidDynamics
}"
657,[Component],"{
  network_level: 1,
  knowledge_domain: 发动机控制,
  importance: 1.0,
  name: Maximum compressor discharge pressure,
  description: Structural casing design restricts the maximum compressor exit pressure (P_t3) to prevent burst failure.,
  subsystem: Compression,
  id: 316,
  physics_domain: FluidDynamics
}",AFFECTS,532,[Parameter],"{
  network_level: 2,
  knowledge_domain: 热力学属性,
  importance: 0.8,
  name: Pressure at zero velocity isentropically,
  description: Stagnation pressure (or total pressure) P_t is the pressure attained when a fluid is brought to rest isentropically.,
  subsystem: General,
  id: 191,
  physics_domain: FluidDynamics
}"
657,[Component],"{
  network_level: 1,
  knowledge_domain: 发动机控制,
  importance: 1.0,
  name: Maximum compressor discharge pressure,
  description: Structural casing design restricts the maximum compressor exit pressure (P_t3) to prevent burst failure.,
  subsystem: Compression,
  id: 316,
  physics_domain: FluidDynamics
}",AFFECTS,539,[Parameter],"{
  network_level: 2,
  knowledge_domain: 激波理论,
  importance: 0.8,
  name: Static pressure,
  description: Static pressure increases significantly across a normal shock wave.,
  subsystem: General,
  id: 198,
  physics_domain: FluidDynamics
}"
657,[Component],"{
  network_level: 1,
  knowledge_domain: 发动机控制,
  importance: 1.0,
  name: Maximum compressor discharge pressure,
  description: Structural casing design restricts the maximum compressor exit pressure (P_t3) to prevent burst failure.,
  subsystem: Compression,
  id: 316,
  physics_domain: FluidDynamics
}",AFFECTS,541,[Parameter],"{
  network_level: 2,
  knowledge_domain: 激波理论,
  importance: 0.8,
  name: Total pressure,
  description: The total pressure decreases across a normal shock, which represents an irreversibility (entropy rise) in the flow.,
  subsystem: General,
  id: 200,
  physics_domain: FluidDynamics
}"
657,[Component],"{
  network_level: 1,
  knowledge_domain: 发动机控制,
  importance: 1.0,
  name: Maximum compressor discharge pressure,
  description: Structural casing design restricts the maximum compressor exit pressure (P_t3) to prevent burst failure.,
  subsystem: Compression,
  id: 316,
  physics_domain: FluidDynamics
}",AFFECTS,546,[Parameter],"{
  network_level: 2,
  knowledge_domain: 性能指标,
  importance: 0.8,
  name: Momentum thrust and Pressure thrust,
  description: The total thrust of a rocket is the sum of the momentum thrust and the pressure thrust: F = m_dot * V_e + (P_e - P_a) * A_e.,
  subsystem: General,
  id: 205,
  physics_domain: FluidDynamics
}"
657,[Component],"{
  network_level: 1,
  knowledge_domain: 发动机控制,
  importance: 1.0,
  name: Maximum compressor discharge pressure,
  description: Structural casing design restricts the maximum compressor exit pressure (P_t3) to prevent burst failure.,
  subsystem: Compression,
  id: 316,
  physics_domain: FluidDynamics
}",AFFECTS,552,[Parameter],"{
  network_level: 2,
  knowledge_domain: 性能指标,
  importance: 0.8,
  name: Chamber pressure and Throat area,
  description: c* = (P_c * A_t) / m_dot. It depends primarily on combustion temperature and molecular weight.,
  subsystem: General,
  id: 211,
  physics_domain: FluidDynamics
}"
657,[Component],"{
  network_level: 1,
  knowledge_domain: 发动机控制,
  importance: 1.0,
  name: Maximum compressor discharge pressure,
  description: Structural casing design restricts the maximum compressor exit pressure (P_t3) to prevent burst failure.,
  subsystem: Compression,
  id: 316,
  physics_domain: FluidDynamics
}",AFFECTS,554,[Parameter],"{
  network_level: 2,
  knowledge_domain: 性能指标,
  importance: 0.8,
  name: Thrust and Chamber pressure,
  description: C_f = F / (P_c * A_t). It is a function of the pressure ratio and area ratio of the nozzle.,
  subsystem: General,
  id: 213,
  physics_domain: FluidDynamics
}"
657,[Component],"{
  network_level: 1,
  knowledge_domain: 发动机控制,
  importance: 1.0,
  name: Maximum compressor discharge pressure,
  description: Structural casing design restricts the maximum compressor exit pressure (P_t3) to prevent burst failure.,
  subsystem: Compression,
  id: 316,
  physics_domain: FluidDynamics
}",AFFECTS,555,[Parameter],"{
  network_level: 2,
  knowledge_domain: 喷管空气动力学,
  importance: 0.8,
  name: Exit pressure equals Ambient pressure,
  description: Maximum thrust for a given propellant mass flow and chamber condition occurs when the nozzle exit pressure equals the ambient pressure (P_e = P_a).,
  subsystem: General,
  id: 214,
  physics_domain: FluidDynamics
}"
657,[Component],"{
  network_level: 1,
  knowledge_domain: 发动机控制,
  importance: 1.0,
  name: Maximum compressor discharge pressure,
  description: Structural casing design restricts the maximum compressor exit pressure (P_t3) to prevent burst failure.,
  subsystem: Compression,
  id: 316,
  physics_domain: FluidDynamics
}",AFFECTS,556,[Parameter],"{
  network_level: 2,
  knowledge_domain: 喷管空气动力学,
  importance: 0.8,
  name: Exit pressure less than Ambient pressure,
  description: A nozzle is overexpanded if the exit pressure is lower than the surrounding ambient atmospheric pressure.,
  subsystem: General,
  id: 215,
  physics_domain: FluidDynamics
}"
657,[Component],"{
  network_level: 1,
  knowledge_domain: 发动机控制,
  importance: 1.0,
  name: Maximum compressor discharge pressure,
  description: Structural casing design restricts the maximum compressor exit pressure (P_t3) to prevent burst failure.,
  subsystem: Compression,
  id: 316,
  physics_domain: FluidDynamics
}",AFFECTS,557,[Parameter],"{
  network_level: 2,
  knowledge_domain: 喷管空气动力学,
  importance: 0.8,
  name: Exit pressure greater than Ambient pressure,
  description: A nozzle is underexpanded if the gas exits at a pressure higher than the ambient atmospheric pressure.,
  subsystem: General,
  id: 216,
  physics_domain: FluidDynamics
}"
657,[Component],"{
  network_level: 1,
  knowledge_domain: 发动机控制,
  importance: 1.0,
  name: Maximum compressor discharge pressure,
  description: Structural casing design restricts the maximum compressor exit pressure (P_t3) to prevent burst failure.,
  subsystem: Compression,
  id: 316,
  physics_domain: FluidDynamics
}",AFFECTS,560,[Parameter],"{
  network_level: 2,
  knowledge_domain: 系统架构,
  importance: 0.8,
  name: High pressure gas tank,
  description: A simpler feed system that uses regulated high-pressure gas to push propellants into the combustion chamber.,
  subsystem: General,
  id: 219,
  physics_domain: FluidDynamics
}"
657,[Component],"{
  network_level: 1,
  knowledge_domain: 发动机控制,
  importance: 1.0,
  name: Maximum compressor discharge pressure,
  description: Structural casing design restricts the maximum compressor exit pressure (P_t3) to prevent burst failure.,
  subsystem: Compression,
  id: 316,
  physics_domain: FluidDynamics
}",AFFECTS,573,[Parameter],"{
  network_level: 2,
  knowledge_domain: 循环假设,
  importance: 0.8,
  name: Constant pressure combustion,
  description: It is assumed that combustion occurs at constant total pressure (no pressure drop in the combustor).,
  subsystem: Combustion,
  id: 232,
  physics_domain: FluidDynamics
}"
657,[Component],"{
  network_level: 1,
  knowledge_domain: 发动机控制,
  importance: 1.0,
  name: Maximum compressor discharge pressure,
  description: Structural casing design restricts the maximum compressor exit pressure (P_t3) to prevent burst failure.,
  subsystem: Compression,
  id: 316,
  physics_domain: FluidDynamics
}",AFFECTS,586,[Parameter],"{
  network_level: 2,
  knowledge_domain: 真实部件特性,
  importance: 0.8,
  name: Component efficiencies and Total pressure ratios,
  description: The performance of real components is characterized by total temperature ratios, total pressure ratios, efficiencies, and pressure losses.,
  subsystem: General,
  id: 245,
  physics_domain: FluidDynamics
}"
657,[Component],"{
  network_level: 1,
  knowledge_domain: 发动机控制,
  importance: 1.0,
  name: Maximum compressor discharge pressure,
  description: Structural casing design restricts the maximum compressor exit pressure (P_t3) to prevent burst failure.,
  subsystem: Compression,
  id: 316,
  physics_domain: FluidDynamics
}",AFFECTS,587,[Parameter],"{
  network_level: 2,
  knowledge_domain: 进气道特性,
  importance: 0.8,
  name: Total pressure ratio pi_d,
  description: The performance of the inlet (or diffuser) is primarily characterized by its total pressure ratio, pi_d = P_t2 / P_t0, also called the inlet recovery factor.,
  subsystem: General,
  id: 246,
  physics_domain: FluidDynamics
}"
657,[Component],"{
  network_level: 1,
  knowledge_domain: 发动机控制,
  importance: 1.0,
  name: Maximum compressor discharge pressure,
  description: Structural casing design restricts the maximum compressor exit pressure (P_t3) to prevent burst failure.,
  subsystem: Compression,
  id: 316,
  physics_domain: FluidDynamics
}",AFFECTS,591,[Parameter],"{
  network_level: 2,
  knowledge_domain: 压气机特性,
  importance: 0.8,
  name: Isentropic efficiency and Total pressure ratio,
  description: tau_c = 1 + (pi_c^((gamma-1)/gamma) - 1) / eta_c, which links actual temperature rise to pressure ratio.,
  subsystem: General,
  id: 250,
  physics_domain: FluidDynamics
}"
657,[Component],"{
  network_level: 1,
  knowledge_domain: 发动机控制,
  importance: 1.0,
  name: Maximum compressor discharge pressure,
  description: Structural casing design restricts the maximum compressor exit pressure (P_t3) to prevent burst failure.,
  subsystem: Compression,
  id: 316,
  physics_domain: FluidDynamics
}",AFFECTS,593,[Parameter],"{
  network_level: 2,
  knowledge_domain: 效率理论,
  importance: 0.8,
  name: Increasing pressure ratio,
  description: For a constant polytropic efficiency e_c, the overall isentropic compressor efficiency eta_c drops as the total pressure ratio pi_c increases due to the preheating effect.,
  subsystem: General,
  id: 252,
  physics_domain: FluidDynamics
}"
657,[Component],"{
  network_level: 1,
  knowledge_domain: 发动机控制,
  importance: 1.0,
  name: Maximum compressor discharge pressure,
  description: Structural casing design restricts the maximum compressor exit pressure (P_t3) to prevent burst failure.,
  subsystem: Compression,
  id: 316,
  physics_domain: FluidDynamics
}",AFFECTS,596,[Parameter],"{
  network_level: 2,
  knowledge_domain: 燃烧室特性,
  importance: 0.8,
  name: Total pressure ratio pi_b,
  description: The total pressure ratio of the combustor pi_b = P_t4 / P_t3 is always less than 1.0 due to viscous friction and cold-to-hot flow momentum pressure drop.,
  subsystem: General,
  id: 255,
  physics_domain: FluidDynamics
}"
657,[Component],"{
  network_level: 1,
  knowledge_domain: 发动机控制,
  importance: 1.0,
  name: Maximum compressor discharge pressure,
  description: Structural casing design restricts the maximum compressor exit pressure (P_t3) to prevent burst failure.,
  subsystem: Compression,
  id: 316,
  physics_domain: FluidDynamics
}",AFFECTS,599,[Parameter],"{
  network_level: 2,
  knowledge_domain: 加力燃烧室,
  importance: 0.8,
  name: Total pressure ratio pi_AB,
  description: The total pressure ratio pi_AB = P_t7 / P_t6 account for losses due to flameholders, friction, and high-temperature heat addition.,
  subsystem: General,
  id: 258,
  physics_domain: FluidDynamics
}"
657,[Component],"{
  network_level: 1,
  knowledge_domain: 发动机控制,
  importance: 1.0,
  name: Maximum compressor discharge pressure,
  description: Structural casing design restricts the maximum compressor exit pressure (P_t3) to prevent burst failure.,
  subsystem: Compression,
  id: 316,
  physics_domain: FluidDynamics
}",AFFECTS,601,[Parameter],"{
  network_level: 2,
  knowledge_domain: 喷管特性,
  importance: 0.8,
  name: Total pressure ratio pi_n,
  description: The exhaust nozzle performance is characterized by its total pressure ratio pi_n = P_t9 / P_t7, which represents friction losses in the nozzle duct.,
  subsystem: General,
  id: 260,
  physics_domain: FluidDynamics
}"
657,[Component],"{
  network_level: 1,
  knowledge_domain: 发动机控制,
  importance: 1.0,
  name: Maximum compressor discharge pressure,
  description: Structural casing design restricts the maximum compressor exit pressure (P_t3) to prevent burst failure.,
  subsystem: Compression,
  id: 316,
  physics_domain: FluidDynamics
}",AFFECTS,607,[Parameter],"{
  network_level: 2,
  knowledge_domain: 推力室特性,
  importance: 0.8,
  name: Stagnation pressure at throat,
  description: Due to high-velocity combustion and friction inside the chamber, the total pressure drops from the injector head to the nozzle throat entrance.,
  subsystem: General,
  id: 266,
  physics_domain: FluidDynamics
}"
657,[Component],"{
  network_level: 1,
  knowledge_domain: 发动机控制,
  importance: 1.0,
  name: Maximum compressor discharge pressure,
  description: Structural casing design restricts the maximum compressor exit pressure (P_t3) to prevent burst failure.,
  subsystem: Compression,
  id: 316,
  physics_domain: FluidDynamics
}",AFFECTS,624,[Parameter],"{
  network_level: 2,
  knowledge_domain: 动力循环,
  importance: 0.8,
  name: Higher chamber pressure,
  description: Because the turbine exhaust is injected into the main chamber rather than dumped at low pressure, it allows extremely high chamber pressures (P_c) and higher efficiency.,
  subsystem: General,
  id: 283,
  physics_domain: FluidDynamics
}"
657,[Component],"{
  network_level: 1,
  knowledge_domain: 发动机控制,
  importance: 1.0,
  name: Maximum compressor discharge pressure,
  description: Structural casing design restricts the maximum compressor exit pressure (P_t3) to prevent burst failure.,
  subsystem: Compression,
  id: 316,
  physics_domain: FluidDynamics
}",AFFECTS,626,[Parameter],"{
  network_level: 2,
  knowledge_domain: 系统匹配,
  importance: 0.8,
  name: Volumetric flow rate and Pressure rise,
  description: The required shaft power for a propellant pump is proportional to the mass flow rate and pressure rise, divided by the pump efficiency (eta_p).,
  subsystem: General,
  id: 285,
  physics_domain: FluidDynamics
}"
657,[Component],"{
  network_level: 1,
  knowledge_domain: 发动机控制,
  importance: 1.0,
  name: Maximum compressor discharge pressure,
  description: Structural casing design restricts the maximum compressor exit pressure (P_t3) to prevent burst failure.,
  subsystem: Compression,
  id: 316,
  physics_domain: FluidDynamics
}",AFFECTS,629,[Parameter],"{
  network_level: 2,
  knowledge_domain: 涡喷循环,
  importance: 0.8,
  name: Real exit velocity and pressure,
  description: The net thrust of a real turbojet must account for exit velocity variations caused by nozzle efficiency (eta_n) and incomplete expansion.,
  subsystem: General,
  id: 288,
  physics_domain: FluidDynamics
}"
657,[Component],"{
  network_level: 1,
  knowledge_domain: 发动机控制,
  importance: 1.0,
  name: Maximum compressor discharge pressure,
  description: Structural casing design restricts the maximum compressor exit pressure (P_t3) to prevent burst failure.,
  subsystem: Compression,
  id: 316,
  physics_domain: FluidDynamics
}",AFFECTS,649,[Parameter],"{
  network_level: 2,
  knowledge_domain: 相似准则,
  importance: 0.8,
  name: Mass flow scaled by dimensionless temperature and pressure,
  description: Corrected mass flow rate m_dot_c is defined as m_dot * sqrt(theta) / delta, allowing data from different conditions to be collapsed onto a single curve.,
  subsystem: General,
  id: 308,
  physics_domain: FluidDynamics
}"
657,[Component],"{
  network_level: 1,
  knowledge_domain: 发动机控制,
  importance: 1.0,
  name: Maximum compressor discharge pressure,
  description: Structural casing design restricts the maximum compressor exit pressure (P_t3) to prevent burst failure.,
  subsystem: Compression,
  id: 316,
  physics_domain: FluidDynamics
}",AFFECTS,660,[Parameter],"{
  network_level: 2,
  knowledge_domain: 发动机控制,
  importance: 0.8,
  name: Maximum pressure or shaft speed,
  description: At low ambient temperatures (below theta_break), the engine is typically limited by mechanical limits like pressure or spool speed.,
  subsystem: General,
  id: 319,
  physics_domain: FluidDynamics
}"
658,[BoundaryCondition],"{
  network_level: 4,
  knowledge_domain: 发动机控制,
  importance: 0.5,
  name: Maximum turbine inlet temperature,
  description: Material thermal properties restrict the maximum allowable gas temperature entering the turbine blades (T_t4).,
  subsystem: Expansion,
  id: 317,
  physics_domain: Thermodynamics
}",null,null,null,null
659,[Parameter],"{
  network_level: 2,
  knowledge_domain: 发动机控制,
  importance: 0.8,
  name: Control logic transition point,
  description: Theta_break represents the ambient temperature point where the engine control transitions from limiting maximum compressor pressure ratio to limiting maximum turbine inlet temperature.,
  subsystem: General,
  id: 318,
  physics_domain: Control
}",null,null,null,null
660,[Parameter],"{
  network_level: 2,
  knowledge_domain: 发动机控制,
  importance: 0.8,
  name: Maximum pressure or shaft speed,
  description: At low ambient temperatures (below theta_break), the engine is typically limited by mechanical limits like pressure or spool speed.,
  subsystem: General,
  id: 319,
  physics_domain: FluidDynamics
}",USED_IN,663,[Equation],"{
  network_level: 3,
  knowledge_domain: CrossDomain,
  importance: 0.6,
  name: Ideal Brayton cycle,
  description: The realistic engine cycle analysis (Chapter 7) modifies the ideal Brayton cycle (Chapter 4) by incorporating polytropic efficiencies and pressure drops (Chapter 5).,
  subsystem: Cycle,
  id: 322,
  physics_domain: GeneralPhysics
}"
661,[Parameter],"{
  network_level: 2,
  knowledge_domain: 运行特性,
  importance: 0.8,
  name: Thrust versus TSFC,
  description: A throttle hook is a curve showing the relationship between thrust and thrust specific fuel consumption at a constant flight condition as the throttle is varied.,
  subsystem: General,
  id: 320,
  physics_domain: GeneralPhysics
}",null,null,null,null
662,[Equation],"{
  network_level: 3,
  knowledge_domain: 过渡态,
  importance: 0.6,
  name: Temporary power imbalance,
  description: During acceleration, the turbine power must exceed the compressor power to accelerate the spool rotor inertia, causing the operating line to transiently swing toward the stall line.,
  subsystem: General,
  id: 321,
  physics_domain: GeneralPhysics
}",null,null,null,null
663,[Equation],"{
  network_level: 3,
  knowledge_domain: CrossDomain,
  importance: 0.6,
  name: Ideal Brayton cycle,
  description: The realistic engine cycle analysis (Chapter 7) modifies the ideal Brayton cycle (Chapter 4) by incorporating polytropic efficiencies and pressure drops (Chapter 5).,
  subsystem: Cycle,
  id: 322,
  physics_domain: GeneralPhysics
}",MODIFIED_BY,630,[BoundaryCondition],"{
  network_level: 4,
  knowledge_domain: 涡喷循环,
  importance: 0.5,
  name: Component irreversibilities,
  description: Irreversibilities in the compressor and turbine increase entropy, directly decreasing the specific thrust and increasing the TSFC.,
  subsystem: General,
  id: 289,
  physics_domain: GeneralPhysics
}"
664,[Component],"{
  network_level: 1,
  knowledge_domain: CrossDomain,
  importance: 1.0,
  name: Nozzle throat area,
  description: The physical throat area of the components designed in Chapters 4 and 7 acts as a geometric constraint that fixes the operating line in Chapter 8.,
  subsystem: Exhaust,
  id: 323,
  physics_domain: GeneralPhysics
}",DETERMINES_OFF_DESIGN,489,[Component],"{
  network_level: 1,
  knowledge_domain: 整机匹配,
  importance: 1.0,
  name: Compressor operating line,
  description: The steady-state compressor operating line on a compressor map is determined by the fixed throat area of the downstream turbine and exhaust nozzle.,
  subsystem: Compression,
  id: 148,
  physics_domain: GeneralPhysics
}"
665,[Parameter],"{
  network_level: 2,
  knowledge_domain: CrossDomain,
  importance: 0.8,
  name: Design point parameters,
  description: Reference design choices (Chapters 4 & 7) define the fixed constants (like turbine area) needed for off-design performance evaluation (Chapter 8).,
  subsystem: General,
  id: 324,
  physics_domain: GeneralPhysics
}",CONSTRAIN,672,[Parameter],"{
  network_level: 2,
  knowledge_domain: CrossDomain,
  importance: 0.8,
  name: Off-design performance,
  description: Reference design choices (Chapters 4 & 7) define the fixed constants (like turbine area) needed for off-design performance evaluation (Chapter 8).,
  subsystem: General,
  id: 331,
  physics_domain: GeneralPhysics
}"
666,[Equation],"{
  network_level: 3,
  knowledge_domain: CrossDomain,
  importance: 0.6,
  name: Isentropic flow theory,
  description: Isentropic area-Mach relations from Chapter 2 are directly utilized to design rocket nozzles in Chapter 3 and exhaust nozzles in Chapters 4 and 5.,
  subsystem: General,
  id: 325,
  physics_domain: FluidDynamics
}",APPLIED_TO,535,[Component],"{
  network_level: 1,
  knowledge_domain: 喷管几何,
  importance: 1.0,
  name: Convergent-divergent nozzle,
  description: The location of minimum cross-sectional area is called the throat, where the Mach number can reach unity.,
  subsystem: Exhaust,
  id: 194,
  physics_domain: GeneralPhysics
}"
667,[Parameter],"{
  network_level: 2,
  knowledge_domain: CrossDomain,
  importance: 0.8,
  name: Normal shock wave,
  description: The total pressure drop across a normal shock (Chapter 2) explains the reduction of inlet recovery pi_d in supersonic flight (Chapters 5 and 7).,
  subsystem: General,
  id: 326,
  physics_domain: GeneralPhysics
}",CAUSES_LOSS_IN,673,[Component],"{
  network_level: 1,
  knowledge_domain: CrossDomain,
  importance: 1.0,
  name: Real supersonic inlet,
  description: The total pressure drop across a normal shock (Chapter 2) explains the reduction of inlet recovery pi_d in supersonic flight (Chapters 5 and 7).,
  subsystem: General,
  id: 332,
  physics_domain: GeneralPhysics
}"
668,[BoundaryCondition],"{
  network_level: 4,
  knowledge_domain: CrossDomain,
  importance: 0.5,
  name: Choked flow condition,
  description: The throat choking criterion (Chapter 2) becomes the fundamental law regulating component mass flow matching in off-design operation (Chapter 8).,
  subsystem: General,
  id: 327,
  physics_domain: FluidDynamics
}",IMPOSES,675,[Parameter],"{
  network_level: 2,
  knowledge_domain: CrossDomain,
  importance: 0.8,
  name: Mass flow alignment,
  description: The throat choking criterion (Chapter 2) becomes the fundamental law regulating component mass flow matching in off-design operation (Chapter 8).,
  subsystem: General,
  id: 334,
  physics_domain: FluidDynamics
}"
669,[Parameter],"{
  network_level: 2,
  knowledge_domain: CrossDomain,
  importance: 0.8,
  name: Propellant mass flow,
  description: The design propellant mass flow derived from Chapter 3 specific impulse requirements must satisfy the pump-turbine shaft power matching in Chapter 6.,
  subsystem: General,
  id: 328,
  physics_domain: FluidDynamics
}",COUPLED_WITH,467,[Equation],"{
  network_level: 3,
  knowledge_domain: 系统匹配,
  importance: 0.6,
  name: Turbopump power balance,
  description: In steady-state pump-fed cycles, the power produced by the turbine must equal the total mechanical power required to drive the oxidizer and fuel pumps.,
  subsystem: General,
  id: 126,
  physics_domain: GeneralPhysics
}"
670,[BoundaryCondition],"{
  network_level: 4,
  knowledge_domain: CrossDomain,
  importance: 0.5,
  name: Turbine material thermal limit,
  description: The metallurgical temperature limit of turbine blades (Chapter 5) establishes the boundary for the hot-day Theta_break control logic (Chapter 8).,
  subsystem: Expansion,
  id: 329,
  physics_domain: Materials
}",TRIGGERS,679,[Equation],"{
  network_level: 3,
  knowledge_domain: CrossDomain,
  importance: 0.6,
  name: Control logic shift to Theta_break,
  description: The metallurgical temperature limit of turbine blades (Chapter 5) establishes the boundary for the hot-day Theta_break control logic (Chapter 8).,
  subsystem: General,
  id: 338,
  physics_domain: Control
}"
671,[BoundaryCondition],"{
  network_level: 4,
  knowledge_domain: CrossDomain,
  importance: 0.5,
  name: Afterburner pressure drop,
  description: The fundamental thermal pressure drop in afterburners (Chapter 5 Rayleigh effect) severely penalizes the real augmented TSFC calculated in Chapter 7.,
  subsystem: Combustion,
  id: 330,
  physics_domain: FluidDynamics
}",INCREASES,357,[Parameter],"{
  network_level: 2,
  knowledge_domain: 性能指标,
  importance: 0.8,
  name: Thrust specific fuel consumption,
  description: Thrust specific fuel consumption (TSFC or S) is defined as the mass flow rate of fuel divided by the thrust.,
  subsystem: General,
  id: 16,
  physics_domain: GeneralPhysics
}"
672,[Parameter],"{
  network_level: 2,
  knowledge_domain: CrossDomain,
  importance: 0.8,
  name: Off-design performance,
  description: Reference design choices (Chapters 4 & 7) define the fixed constants (like turbine area) needed for off-design performance evaluation (Chapter 8).,
  subsystem: General,
  id: 331,
  physics_domain: GeneralPhysics
}",null,null,null,null
673,[Component],"{
  network_level: 1,
  knowledge_domain: CrossDomain,
  importance: 1.0,
  name: Real supersonic inlet,
  description: The total pressure drop across a normal shock (Chapter 2) explains the reduction of inlet recovery pi_d in supersonic flight (Chapters 5 and 7).,
  subsystem: General,
  id: 332,
  physics_domain: GeneralPhysics
}",null,null,null,null
674,[Component],"{
  network_level: 1,
  knowledge_domain: CrossDomain,
  importance: 1.0,
  name: Maximum combustor heat addition,
  description: The foundational physics of Rayleigh flow and thermal choking (Chapter 2) constraint the maximum fuel injection in burners (Chapters 5, 7, and 8).,
  subsystem: Combustion,
  id: 333,
  physics_domain: Thermodynamics
}",AFFECTS,377,[Parameter],"{
  network_level: 2,
  knowledge_domain: 热力学属性,
  importance: 0.8,
  name: Stagnation temperature,
  description: Stagnation temperature (or total temperature) T_t represents the temperature achieved when a fluid is decelerated to zero velocity adiabatically.,
  subsystem: General,
  id: 36,
  physics_domain: Thermodynamics
}"
674,[Component],"{
  network_level: 1,
  knowledge_domain: CrossDomain,
  importance: 1.0,
  name: Maximum combustor heat addition,
  description: The foundational physics of Rayleigh flow and thermal choking (Chapter 2) constraint the maximum fuel injection in burners (Chapters 5, 7, and 8).,
  subsystem: Combustion,
  id: 333,
  physics_domain: Thermodynamics
}",AFFECTS,419,[Parameter],"{
  network_level: 2,
  knowledge_domain: 热力学参数,
  importance: 0.8,
  name: Total temperature ratio tau,
  description: The dimensionless parameter tau represents the ratio of stagnation temperatures across a component.,
  subsystem: General,
  id: 78,
  physics_domain: Thermodynamics
}"
674,[Component],"{
  network_level: 1,
  knowledge_domain: CrossDomain,
  importance: 1.0,
  name: Maximum combustor heat addition,
  description: The foundational physics of Rayleigh flow and thermal choking (Chapter 2) constraint the maximum fuel injection in burners (Chapters 5, 7, and 8).,
  subsystem: Combustion,
  id: 333,
  physics_domain: Thermodynamics
}",AFFECTS,540,[Parameter],"{
  network_level: 2,
  knowledge_domain: 激波理论,
  importance: 0.8,
  name: Static temperature,
  description: Static temperature increases across a normal shock wave.,
  subsystem: General,
  id: 199,
  physics_domain: Thermodynamics
}"
674,[Component],"{
  network_level: 1,
  knowledge_domain: CrossDomain,
  importance: 1.0,
  name: Maximum combustor heat addition,
  description: The foundational physics of Rayleigh flow and thermal choking (Chapter 2) constraint the maximum fuel injection in burners (Chapters 5, 7, and 8).,
  subsystem: Combustion,
  id: 333,
  physics_domain: Thermodynamics
}",AFFECTS,611,[Parameter],"{
  network_level: 2,
  knowledge_domain: 燃烧损失,
  importance: 0.8,
  name: Chamber stagnation temperature,
  description: Failure to achieve perfect chemical equilibrium or full mixing of oxidizer and fuel lowers the combustion temperature T_c below its theoretical adiabatic value.,
  subsystem: General,
  id: 270,
  physics_domain: Thermodynamics
}"
674,[Component],"{
  network_level: 1,
  knowledge_domain: CrossDomain,
  importance: 1.0,
  name: Maximum combustor heat addition,
  description: The foundational physics of Rayleigh flow and thermal choking (Chapter 2) constraint the maximum fuel injection in burners (Chapters 5, 7, and 8).,
  subsystem: Combustion,
  id: 333,
  physics_domain: Thermodynamics
}",AFFECTS,649,[Parameter],"{
  network_level: 2,
  knowledge_domain: 相似准则,
  importance: 0.8,
  name: Mass flow scaled by dimensionless temperature and pressure,
  description: Corrected mass flow rate m_dot_c is defined as m_dot * sqrt(theta) / delta, allowing data from different conditions to be collapsed onto a single curve.,
  subsystem: General,
  id: 308,
  physics_domain: FluidDynamics
}"
674,[Component],"{
  network_level: 1,
  knowledge_domain: CrossDomain,
  importance: 1.0,
  name: Maximum combustor heat addition,
  description: The foundational physics of Rayleigh flow and thermal choking (Chapter 2) constraint the maximum fuel injection in burners (Chapters 5, 7, and 8).,
  subsystem: Combustion,
  id: 333,
  physics_domain: Thermodynamics
}",AFFECTS,678,[Parameter],"{
  network_level: 2,
  knowledge_domain: CrossDomain,
  importance: 0.8,
  name: Component temperature ratios,
  description: The stage-independent polytropic efficiencies defined in Chapter 5 are used as fundamental inputs for real cycle (Chapter 7) and off-design (Chapter 8) math models.,
  subsystem: General,
  id: 337,
  physics_domain: Thermodynamics
}"
675,[Parameter],"{
  network_level: 2,
  knowledge_domain: CrossDomain,
  importance: 0.8,
  name: Mass flow alignment,
  description: The throat choking criterion (Chapter 2) becomes the fundamental law regulating component mass flow matching in off-design operation (Chapter 8).,
  subsystem: General,
  id: 334,
  physics_domain: FluidDynamics
}",null,null,null,null
676,[Component],"{
  network_level: 1,
  knowledge_domain: CrossDomain,
  importance: 1.0,
  name: Nozzle efficiency and chemical kinetics,
  description: The ideal rocket thrust relations (Chapter 3) are modified in Chapter 6 by implementing nozzle velocity coefficients and shifting/frozen chemical behaviors.,
  subsystem: Exhaust,
  id: 335,
  physics_domain: GeneralPhysics
}",null,null,null,null
677,[Parameter],"{
  network_level: 2,
  knowledge_domain: CrossDomain,
  importance: 0.8,
  name: Optimal engine bypass ratio,
  description: The combustor and duct pressure losses detailed in Chapter 5 directly reduce the theoretical optimum bypass ratio when evaluated in Chapter 7 real cycles.,
  subsystem: General,
  id: 336,
  physics_domain: GeneralPhysics
}",null,null,null,null
678,[Parameter],"{
  network_level: 2,
  knowledge_domain: CrossDomain,
  importance: 0.8,
  name: Component temperature ratios,
  description: The stage-independent polytropic efficiencies defined in Chapter 5 are used as fundamental inputs for real cycle (Chapter 7) and off-design (Chapter 8) math models.,
  subsystem: General,
  id: 337,
  physics_domain: Thermodynamics
}",USED_IN,416,[Equation],"{
  network_level: 3,
  knowledge_domain: 参数循环分析,
  importance: 0.6,
  name: Parametric cycle analysis,
  description: The objective of parametric cycle analysis is to relate the engine performance parameters to the design choices and the flight environment.,
  subsystem: Cycle,
  id: 75,
  physics_domain: GeneralPhysics
}"
678,[Parameter],"{
  network_level: 2,
  knowledge_domain: CrossDomain,
  importance: 0.8,
  name: Component temperature ratios,
  description: The stage-independent polytropic efficiencies defined in Chapter 5 are used as fundamental inputs for real cycle (Chapter 7) and off-design (Chapter 8) math models.,
  subsystem: General,
  id: 337,
  physics_domain: Thermodynamics
}",USED_IN,418,[Equation],"{
  network_level: 3,
  knowledge_domain: 循环假设,
  importance: 0.6,
  name: Ideal cycle analysis,
  description: Ideal cycle analysis assumes that the compression and expansion processes are reversible and adiabatic (isentropic).,
  subsystem: Cycle,
  id: 77,
  physics_domain: GeneralPhysics
}"
678,[Parameter],"{
  network_level: 2,
  knowledge_domain: CrossDomain,
  importance: 0.8,
  name: Component temperature ratios,
  description: The stage-independent polytropic efficiencies defined in Chapter 5 are used as fundamental inputs for real cycle (Chapter 7) and off-design (Chapter 8) math models.,
  subsystem: General,
  id: 337,
  physics_domain: Thermodynamics
}",USED_IN,463,[Equation],"{
  network_level: 3,
  knowledge_domain: 动力循环,
  importance: 0.6,
  name: Liquid rocket cycle,
  description: Liquid rocket engine cycles are classified into pressure-fed systems or pump-fed systems based on how propellants are pressurized.,
  subsystem: Cycle,
  id: 122,
  physics_domain: GeneralPhysics
}"
678,[Parameter],"{
  network_level: 2,
  knowledge_domain: CrossDomain,
  importance: 0.8,
  name: Component temperature ratios,
  description: The stage-independent polytropic efficiencies defined in Chapter 5 are used as fundamental inputs for real cycle (Chapter 7) and off-design (Chapter 8) math models.,
  subsystem: General,
  id: 337,
  physics_domain: Thermodynamics
}",USED_IN,464,[Equation],"{
  network_level: 3,
  knowledge_domain: 动力循环,
  importance: 0.6,
  name: Pump-fed cycle,
  description: A pump-fed open cycle where a fraction of the propellant is burned in a separate combustor to drive the turbine and is then exhausted overboard.,
  subsystem: Cycle,
  id: 123,
  physics_domain: GeneralPhysics
}"
678,[Parameter],"{
  network_level: 2,
  knowledge_domain: CrossDomain,
  importance: 0.8,
  name: Component temperature ratios,
  description: The stage-independent polytropic efficiencies defined in Chapter 5 are used as fundamental inputs for real cycle (Chapter 7) and off-design (Chapter 8) math models.,
  subsystem: General,
  id: 337,
  physics_domain: Thermodynamics
}",USED_IN,465,[Equation],"{
  network_level: 3,
  knowledge_domain: 动力循环,
  importance: 0.6,
  name: Gas-generator cycle,
  description: The gas generator must operate off-stoichiometric (extremely fuel-rich or oxidizer-rich) to prevent melting the turbine blades.,
  subsystem: Cycle,
  id: 124,
  physics_domain: GeneralPhysics
}"
678,[Parameter],"{
  network_level: 2,
  knowledge_domain: CrossDomain,
  importance: 0.8,
  name: Component temperature ratios,
  description: The stage-independent polytropic efficiencies defined in Chapter 5 are used as fundamental inputs for real cycle (Chapter 7) and off-design (Chapter 8) math models.,
  subsystem: General,
  id: 337,
  physics_domain: Thermodynamics
}",USED_IN,466,[Equation],"{
  network_level: 3,
  knowledge_domain: 动力循环,
  importance: 0.6,
  name: Staged combustion cycle,
  description: Because the turbine exhaust is injected into the main chamber rather than dumped at low pressure, it allows extremely high chamber pressures (P_c) and higher efficiency.,
  subsystem: Combustion,
  id: 125,
  physics_domain: GeneralPhysics
}"
678,[Parameter],"{
  network_level: 2,
  knowledge_domain: CrossDomain,
  importance: 0.8,
  name: Component temperature ratios,
  description: The stage-independent polytropic efficiencies defined in Chapter 5 are used as fundamental inputs for real cycle (Chapter 7) and off-design (Chapter 8) math models.,
  subsystem: General,
  id: 337,
  physics_domain: Thermodynamics
}",USED_IN,469,[Equation],"{
  network_level: 3,
  knowledge_domain: 真实循环分析,
  importance: 0.6,
  name: Real cycle analysis,
  description: Real engine cycle analysis incorporates component efficiencies, pressure losses, mechanical losses, and bleeding to predict realistic performance.,
  subsystem: Cycle,
  id: 128,
  physics_domain: GeneralPhysics
}"
678,[Parameter],"{
  network_level: 2,
  knowledge_domain: CrossDomain,
  importance: 0.8,
  name: Component temperature ratios,
  description: The stage-independent polytropic efficiencies defined in Chapter 5 are used as fundamental inputs for real cycle (Chapter 7) and off-design (Chapter 8) math models.,
  subsystem: General,
  id: 337,
  physics_domain: Thermodynamics
}",USED_IN,621,[Equation],"{
  network_level: 3,
  knowledge_domain: 动力循环,
  importance: 0.6,
  name: Pressure-fed cycle,
  description: Liquid rocket engine cycles are classified into pressure-fed systems or pump-fed systems based on how propellants are pressurized.,
  subsystem: Cycle,
  id: 280,
  physics_domain: FluidDynamics
}"
678,[Parameter],"{
  network_level: 2,
  knowledge_domain: CrossDomain,
  importance: 0.8,
  name: Component temperature ratios,
  description: The stage-independent polytropic efficiencies defined in Chapter 5 are used as fundamental inputs for real cycle (Chapter 7) and off-design (Chapter 8) math models.,
  subsystem: General,
  id: 337,
  physics_domain: Thermodynamics
}",USED_IN,622,[Equation],"{
  network_level: 3,
  knowledge_domain: 动力循环,
  importance: 0.6,
  name: Expander cycle,
  description: A closed cycle where fuel is vaporized in the cooling jacket and then routes directly through the turbine to drive the pumps before entering the injector.,
  subsystem: Cycle,
  id: 281,
  physics_domain: GeneralPhysics
}"
678,[Parameter],"{
  network_level: 2,
  knowledge_domain: CrossDomain,
  importance: 0.8,
  name: Component temperature ratios,
  description: The stage-independent polytropic efficiencies defined in Chapter 5 are used as fundamental inputs for real cycle (Chapter 7) and off-design (Chapter 8) math models.,
  subsystem: General,
  id: 337,
  physics_domain: Thermodynamics
}",USED_IN,663,[Equation],"{
  network_level: 3,
  knowledge_domain: CrossDomain,
  importance: 0.6,
  name: Ideal Brayton cycle,
  description: The realistic engine cycle analysis (Chapter 7) modifies the ideal Brayton cycle (Chapter 4) by incorporating polytropic efficiencies and pressure drops (Chapter 5).,
  subsystem: Cycle,
  id: 322,
  physics_domain: GeneralPhysics
}"
679,[Equation],"{
  network_level: 3,
  knowledge_domain: CrossDomain,
  importance: 0.6,
  name: Control logic shift to Theta_break,
  description: The metallurgical temperature limit of turbine blades (Chapter 5) establishes the boundary for the hot-day Theta_break control logic (Chapter 8).,
  subsystem: General,
  id: 338,
  physics_domain: Control
}",null,null,null,null